2026-07-17 14:25:35,884 - app.main - INFO - Starting CMF Platform API
2026-07-17 14:25:35,898 - app.main - INFO - Database tables created (SQLite)
2026-07-17 14:39:47,892 - app.main - INFO - POST /api/v1/auth/register
2026-07-17 14:39:47,916 - app.main - INFO - POST /api/v1/auth/register -> 422
2026-07-17 14:47:07,422 - app.main - INFO - POST /api/v1/auth/register
2026-07-17 14:47:07,517 - app.main - ERROR - Unhandled exception: (sqlite3.OperationalError) no such table: users
[SQL: SELECT users.id, users.email, users.username, users.password_hash, users.first_name, users.last_name, users.is_active, users.is_superuser, users.role, users.avatar_url, users.last_login, users.phone, users.created_at, users.updated_at, users.deleted_at, users.created_by_id, users.updated_by_id 
FROM users 
WHERE users.email = ? AND users.deleted_at IS NULL]
[parameters: ('anwarskali@gmail.com',)]
(Background on this error at: https://sqlalche.me/e/20/e3q8)
Traceback (most recent call last):
  File "C:\Users\hp\Downloads\pfa-anwar\cmf-platform\backend\venv\Lib\site-packages\sqlalchemy\engine\base.py", line 1969, in _exec_single_context
    self.dialect.do_execute(
  File "C:\Users\hp\Downloads\pfa-anwar\cmf-platform\backend\venv\Lib\site-packages\sqlalchemy\engine\default.py", line 952, in do_execute
    cursor.execute(statement, parameters)
  File "C:\Users\hp\Downloads\pfa-anwar\cmf-platform\backend\venv\Lib\site-packages\sqlalchemy\dialects\sqlite\aiosqlite.py", line 183, in execute
    self._adapt_connection._handle_exception(error)
  File "C:\Users\hp\Downloads\pfa-anwar\cmf-platform\backend\venv\Lib\site-packages\sqlalchemy\dialects\sqlite\aiosqlite.py", line 343, in _handle_exception
    raise error
  File "C:\Users\hp\Downloads\pfa-anwar\cmf-platform\backend\venv\Lib\site-packages\sqlalchemy\dialects\sqlite\aiosqlite.py", line 165, in execute
    self.await_(_cursor.execute(operation, parameters))
  File "C:\Users\hp\Downloads\pfa-anwar\cmf-platform\backend\venv\Lib\site-packages\sqlalchemy\util\_concurrency_py3k.py", line 132, in await_only
    return current.parent.switch(awaitable)  # type: ignore[no-any-return,attr-defined] # noqa: E501
           ^^^^^^^^^^^^^^^^^^^^^^^^^^^^^^^^
  File "C:\Users\hp\Downloads\pfa-anwar\cmf-platform\backend\venv\Lib\site-packages\sqlalchemy\util\_concurrency_py3k.py", line 196, in greenlet_spawn
    value = await result
            ^^^^^^^^^^^^
  File "C:\Users\hp\Downloads\pfa-anwar\cmf-platform\backend\venv\Lib\site-packages\aiosqlite\cursor.py", line 40, in execute
    await self._execute(self._cursor.execute, sql, parameters)
  File "C:\Users\hp\Downloads\pfa-anwar\cmf-platform\backend\venv\Lib\site-packages\aiosqlite\cursor.py", line 32, in _execute
    return await self._conn._execute(fn, *args, **kwargs)
           ^^^^^^^^^^^^^^^^^^^^^^^^^^^^^^^^^^^^^^^^^^^^^^
  File "C:\Users\hp\Downloads\pfa-anwar\cmf-platform\backend\venv\Lib\site-packages\aiosqlite\core.py", line 160, in _execute
    return await future
           ^^^^^^^^^^^^
  File "C:\Users\hp\Downloads\pfa-anwar\cmf-platform\backend\venv\Lib\site-packages\aiosqlite\core.py", line 63, in _connection_worker_thread
    result = function()
             ^^^^^^^^^^
sqlite3.OperationalError: no such table: users

The above exception was the direct cause of the following exception:

Traceback (most recent call last):
  File "C:\Users\hp\Downloads\pfa-anwar\cmf-platform\backend\venv\Lib\site-packages\starlette\middleware\errors.py", line 165, in __call__
    await self.app(scope, receive, _send)
  File "C:\Users\hp\Downloads\pfa-anwar\cmf-platform\backend\venv\Lib\site-packages\starlette\middleware\base.py", line 185, in __call__
    with collapse_excgroups():
  File "C:\Users\hp\AppData\Local\Programs\Python\Python311\Lib\contextlib.py", line 155, in __exit__
    self.gen.throw(typ, value, traceback)
  File "C:\Users\hp\Downloads\pfa-anwar\cmf-platform\backend\venv\Lib\site-packages\starlette\_utils.py", line 83, in collapse_excgroups
    raise exc
  File "C:\Users\hp\Downloads\pfa-anwar\cmf-platform\backend\venv\Lib\site-packages\starlette\middleware\base.py", line 187, in __call__
    response = await self.dispatch_func(request, call_next)
               ^^^^^^^^^^^^^^^^^^^^^^^^^^^^^^^^^^^^^^^^^^^^
  File "C:\Users\hp\Downloads\pfa-anwar\cmf-platform\backend\app\main.py", line 97, in logging_middleware
    response = await call_next(request)
               ^^^^^^^^^^^^^^^^^^^^^^^^
  File "C:\Users\hp\Downloads\pfa-anwar\cmf-platform\backend\venv\Lib\site-packages\starlette\middleware\base.py", line 163, in call_next
    raise app_exc
  File "C:\Users\hp\Downloads\pfa-anwar\cmf-platform\backend\venv\Lib\site-packages\starlette\middleware\base.py", line 149, in coro
    await self.app(scope, receive_or_disconnect, send_no_error)
  File "C:\Users\hp\Downloads\pfa-anwar\cmf-platform\backend\venv\Lib\site-packages\starlette\middleware\base.py", line 185, in __call__
    with collapse_excgroups():
  File "C:\Users\hp\AppData\Local\Programs\Python\Python311\Lib\contextlib.py", line 155, in __exit__
    self.gen.throw(typ, value, traceback)
  File "C:\Users\hp\Downloads\pfa-anwar\cmf-platform\backend\venv\Lib\site-packages\starlette\_utils.py", line 83, in collapse_excgroups
    raise exc
  File "C:\Users\hp\Downloads\pfa-anwar\cmf-platform\backend\venv\Lib\site-packages\starlette\middleware\base.py", line 187, in __call__
    response = await self.dispatch_func(request, call_next)
               ^^^^^^^^^^^^^^^^^^^^^^^^^^^^^^^^^^^^^^^^^^^^
  File "C:\Users\hp\Downloads\pfa-anwar\cmf-platform\backend\app\main.py", line 85, in request_id_middleware
    response = await call_next(request)
               ^^^^^^^^^^^^^^^^^^^^^^^^
  File "C:\Users\hp\Downloads\pfa-anwar\cmf-platform\backend\venv\Lib\site-packages\starlette\middleware\base.py", line 163, in call_next
    raise app_exc
  File "C:\Users\hp\Downloads\pfa-anwar\cmf-platform\backend\venv\Lib\site-packages\starlette\middleware\base.py", line 149, in coro
    await self.app(scope, receive_or_disconnect, send_no_error)
  File "C:\Users\hp\Downloads\pfa-anwar\cmf-platform\backend\venv\Lib\site-packages\starlette\middleware\cors.py", line 93, in __call__
    await self.simple_response(scope, receive, send, request_headers=headers)
  File "C:\Users\hp\Downloads\pfa-anwar\cmf-platform\backend\venv\Lib\site-packages\starlette\middleware\cors.py", line 144, in simple_response
    await self.app(scope, receive, send)
  File "C:\Users\hp\Downloads\pfa-anwar\cmf-platform\backend\venv\Lib\site-packages\starlette\middleware\exceptions.py", line 62, in __call__
    await wrap_app_handling_exceptions(self.app, conn)(scope, receive, send)
  File "C:\Users\hp\Downloads\pfa-anwar\cmf-platform\backend\venv\Lib\site-packages\starlette\_exception_handler.py", line 62, in wrapped_app
    raise exc
  File "C:\Users\hp\Downloads\pfa-anwar\cmf-platform\backend\venv\Lib\site-packages\starlette\_exception_handler.py", line 51, in wrapped_app
    await app(scope, receive, sender)
  File "C:\Users\hp\Downloads\pfa-anwar\cmf-platform\backend\venv\Lib\site-packages\starlette\routing.py", line 715, in __call__
    await self.middleware_stack(scope, receive, send)
  File "C:\Users\hp\Downloads\pfa-anwar\cmf-platform\backend\venv\Lib\site-packages\starlette\routing.py", line 735, in app
    await route.handle(scope, receive, send)
  File "C:\Users\hp\Downloads\pfa-anwar\cmf-platform\backend\venv\Lib\site-packages\starlette\routing.py", line 288, in handle
    await self.app(scope, receive, send)
  File "C:\Users\hp\Downloads\pfa-anwar\cmf-platform\backend\venv\Lib\site-packages\starlette\routing.py", line 76, in app
    await wrap_app_handling_exceptions(app, request)(scope, receive, send)
  File "C:\Users\hp\Downloads\pfa-anwar\cmf-platform\backend\venv\Lib\site-packages\starlette\_exception_handler.py", line 62, in wrapped_app
    raise exc
  File "C:\Users\hp\Downloads\pfa-anwar\cmf-platform\backend\venv\Lib\site-packages\starlette\_exception_handler.py", line 51, in wrapped_app
    await app(scope, receive, sender)
  File "C:\Users\hp\Downloads\pfa-anwar\cmf-platform\backend\venv\Lib\site-packages\starlette\routing.py", line 73, in app
    response = await f(request)
               ^^^^^^^^^^^^^^^^
  File "C:\Users\hp\AppData\Local\Programs\Python\Python311\Lib\contextlib.py", line 222, in __aexit__
    await self.gen.athrow(typ, value, traceback)
  File "C:\Users\hp\Downloads\pfa-anwar\cmf-platform\backend\app\api\deps.py", line 41, in get_db
    yield session
  File "C:\Users\hp\Downloads\pfa-anwar\cmf-platform\backend\venv\Lib\site-packages\fastapi\routing.py", line 301, in app
    raw_response = await run_endpoint_function(
                   ^^^^^^^^^^^^^^^^^^^^^^^^^^^^
  File "C:\Users\hp\Downloads\pfa-anwar\cmf-platform\backend\venv\Lib\site-packages\fastapi\routing.py", line 212, in run_endpoint_function
    return await dependant.call(**values)
           ^^^^^^^^^^^^^^^^^^^^^^^^^^^^^^
  File "C:\Users\hp\Downloads\pfa-anwar\cmf-platform\backend\app\api\v1\endpoints\auth.py", line 62, in register
    return await auth_service.register(data)
           ^^^^^^^^^^^^^^^^^^^^^^^^^^^^^^^^^
  File "C:\Users\hp\Downloads\pfa-anwar\cmf-platform\backend\app\application\services\auth_service.py", line 221, in register
    existing = await self._uow.users.get_by_email(data.email)
               ^^^^^^^^^^^^^^^^^^^^^^^^^^^^^^^^^^^^^^^^^^^^^^
  File "C:\Users\hp\Downloads\pfa-anwar\cmf-platform\backend\app\infrastructure\persistence\repositories\user_repository.py", line 18, in get_by_email
    result = await self._session.execute(stmt)
             ^^^^^^^^^^^^^^^^^^^^^^^^^^^^^^^^^
  File "C:\Users\hp\Downloads\pfa-anwar\cmf-platform\backend\venv\Lib\site-packages\sqlalchemy\ext\asyncio\session.py", line 448, in execute
    result = await greenlet_spawn(
             ^^^^^^^^^^^^^^^^^^^^^
  File "C:\Users\hp\Downloads\pfa-anwar\cmf-platform\backend\venv\Lib\site-packages\sqlalchemy\util\_concurrency_py3k.py", line 201, in greenlet_spawn
    result = context.throw(*sys.exc_info())
             ^^^^^^^^^^^^^^^^^^^^^^^^^^^^^^
  File "C:\Users\hp\Downloads\pfa-anwar\cmf-platform\backend\venv\Lib\site-packages\sqlalchemy\orm\session.py", line 2373, in execute
    return self._execute_internal(
           ^^^^^^^^^^^^^^^^^^^^^^^
  File "C:\Users\hp\Downloads\pfa-anwar\cmf-platform\backend\venv\Lib\site-packages\sqlalchemy\orm\session.py", line 2271, in _execute_internal
    result: Result[Any] = compile_state_cls.orm_execute_statement(
                          ^^^^^^^^^^^^^^^^^^^^^^^^^^^^^^^^^^^^^^^^
  File "C:\Users\hp\Downloads\pfa-anwar\cmf-platform\backend\venv\Lib\site-packages\sqlalchemy\orm\context.py", line 306, in orm_execute_statement
    result = conn.execute(
             ^^^^^^^^^^^^^
  File "C:\Users\hp\Downloads\pfa-anwar\cmf-platform\backend\venv\Lib\site-packages\sqlalchemy\engine\base.py", line 1421, in execute
    return meth(
           ^^^^^
  File "C:\Users\hp\Downloads\pfa-anwar\cmf-platform\backend\venv\Lib\site-packages\sqlalchemy\sql\elements.py", line 526, in _execute_on_connection
    return connection._execute_clauseelement(
           ^^^^^^^^^^^^^^^^^^^^^^^^^^^^^^^^^^
  File "C:\Users\hp\Downloads\pfa-anwar\cmf-platform\backend\venv\Lib\site-packages\sqlalchemy\engine\base.py", line 1643, in _execute_clauseelement
    ret = self._execute_context(
          ^^^^^^^^^^^^^^^^^^^^^^
  File "C:\Users\hp\Downloads\pfa-anwar\cmf-platform\backend\venv\Lib\site-packages\sqlalchemy\engine\base.py", line 1848, in _execute_context
    return self._exec_single_context(
           ^^^^^^^^^^^^^^^^^^^^^^^^^^
  File "C:\Users\hp\Downloads\pfa-anwar\cmf-platform\backend\venv\Lib\site-packages\sqlalchemy\engine\base.py", line 1988, in _exec_single_context
    self._handle_dbapi_exception(
  File "C:\Users\hp\Downloads\pfa-anwar\cmf-platform\backend\venv\Lib\site-packages\sqlalchemy\engine\base.py", line 2365, in _handle_dbapi_exception
    raise sqlalchemy_exception.with_traceback(exc_info[2]) from e
  File "C:\Users\hp\Downloads\pfa-anwar\cmf-platform\backend\venv\Lib\site-packages\sqlalchemy\engine\base.py", line 1969, in _exec_single_context
    self.dialect.do_execute(
  File "C:\Users\hp\Downloads\pfa-anwar\cmf-platform\backend\venv\Lib\site-packages\sqlalchemy\engine\default.py", line 952, in do_execute
    cursor.execute(statement, parameters)
  File "C:\Users\hp\Downloads\pfa-anwar\cmf-platform\backend\venv\Lib\site-packages\sqlalchemy\dialects\sqlite\aiosqlite.py", line 183, in execute
    self._adapt_connection._handle_exception(error)
  File "C:\Users\hp\Downloads\pfa-anwar\cmf-platform\backend\venv\Lib\site-packages\sqlalchemy\dialects\sqlite\aiosqlite.py", line 343, in _handle_exception
    raise error
  File "C:\Users\hp\Downloads\pfa-anwar\cmf-platform\backend\venv\Lib\site-packages\sqlalchemy\dialects\sqlite\aiosqlite.py", line 165, in execute
    self.await_(_cursor.execute(operation, parameters))
  File "C:\Users\hp\Downloads\pfa-anwar\cmf-platform\backend\venv\Lib\site-packages\sqlalchemy\util\_concurrency_py3k.py", line 132, in await_only
    return current.parent.switch(awaitable)  # type: ignore[no-any-return,attr-defined] # noqa: E501
           ^^^^^^^^^^^^^^^^^^^^^^^^^^^^^^^^
  File "C:\Users\hp\Downloads\pfa-anwar\cmf-platform\backend\venv\Lib\site-packages\sqlalchemy\util\_concurrency_py3k.py", line 196, in greenlet_spawn
    value = await result
            ^^^^^^^^^^^^
  File "C:\Users\hp\Downloads\pfa-anwar\cmf-platform\backend\venv\Lib\site-packages\aiosqlite\cursor.py", line 40, in execute
    await self._execute(self._cursor.execute, sql, parameters)
  File "C:\Users\hp\Downloads\pfa-anwar\cmf-platform\backend\venv\Lib\site-packages\aiosqlite\cursor.py", line 32, in _execute
    return await self._conn._execute(fn, *args, **kwargs)
           ^^^^^^^^^^^^^^^^^^^^^^^^^^^^^^^^^^^^^^^^^^^^^^
  File "C:\Users\hp\Downloads\pfa-anwar\cmf-platform\backend\venv\Lib\site-packages\aiosqlite\core.py", line 160, in _execute
    return await future
           ^^^^^^^^^^^^
  File "C:\Users\hp\Downloads\pfa-anwar\cmf-platform\backend\venv\Lib\site-packages\aiosqlite\core.py", line 63, in _connection_worker_thread
    result = function()
             ^^^^^^^^^^
sqlalchemy.exc.OperationalError: (sqlite3.OperationalError) no such table: users
[SQL: SELECT users.id, users.email, users.username, users.password_hash, users.first_name, users.last_name, users.is_active, users.is_superuser, users.role, users.avatar_url, users.last_login, users.phone, users.created_at, users.updated_at, users.deleted_at, users.created_by_id, users.updated_by_id 
FROM users 
WHERE users.email = ? AND users.deleted_at IS NULL]
[parameters: ('anwarskali@gmail.com',)]
(Background on this error at: https://sqlalche.me/e/20/e3q8)
2026-07-17 14:49:40,345 - app.main - INFO - Shutting down CMF Platform API
2026-07-17 14:49:46,023 - app.main - INFO - Starting CMF Platform API
2026-07-17 14:49:46,309 - app.main - INFO - Database tables created (SQLite)
2026-07-17 14:51:01,581 - app.main - INFO - Starting CMF Platform API
2026-07-17 14:51:01,905 - app.main - INFO - Database tables created (SQLite)
2026-07-17 14:52:57,043 - app.main - INFO - POST /api/v1/auth/register
2026-07-17 14:52:58,779 - app.main - INFO - POST /api/v1/auth/register -> 200
2026-07-17 14:52:58,825 - app.main - INFO - GET /api/v1/auth/me
2026-07-17 14:52:58,837 - app.main - INFO - GET /api/v1/auth/me -> 401
2026-07-17 14:52:58,856 - app.main - INFO - POST /api/v1/auth/refresh
2026-07-17 14:52:58,864 - app.main - INFO - POST /api/v1/auth/refresh -> 401
2026-07-17 14:54:05,262 - app.main - INFO - GET /api/v1/parts
2026-07-17 14:54:05,270 - app.main - INFO - GET /api/v1/parts -> 404
2026-07-17 14:54:06,348 - app.main - INFO - GET /api/v1/parts
2026-07-17 14:54:06,368 - app.main - INFO - GET /api/v1/parts -> 404
2026-07-17 14:54:08,434 - app.main - INFO - GET /api/v1/parts
2026-07-17 14:54:08,445 - app.main - INFO - GET /api/v1/parts -> 404
2026-07-17 14:54:09,619 - app.main - INFO - GET /api/v1/parts
2026-07-17 14:54:09,646 - app.main - INFO - GET /api/v1/parts -> 404
2026-07-17 14:54:10,614 - app.main - INFO - GET /api/v1/suppliers
2026-07-17 14:54:10,627 - app.main - INFO - GET /api/v1/suppliers -> 307
2026-07-17 14:54:10,962 - app.main - INFO - OPTIONS /api/v1/suppliers/
2026-07-17 14:54:10,971 - app.main - INFO - OPTIONS /api/v1/suppliers/ -> 400
2026-07-17 14:54:12,039 - app.main - INFO - GET /api/v1/suppliers
2026-07-17 14:54:12,048 - app.main - INFO - GET /api/v1/suppliers -> 307
2026-07-17 14:54:12,067 - app.main - INFO - OPTIONS /api/v1/suppliers/
2026-07-17 14:54:12,076 - app.main - INFO - OPTIONS /api/v1/suppliers/ -> 400
2026-07-20 11:16:11,062 - app.main - INFO - Starting CMF Platform API
2026-07-20 11:16:11,099 - app.main - INFO - Database tables created (SQLite)
2026-07-20 11:16:35,547 - app.main - INFO - Starting CMF Platform API
2026-07-20 11:16:35,559 - app.main - INFO - Database tables created (SQLite)
2026-07-20 11:16:36,071 - app.main - INFO - GET /api/v1/health
2026-07-20 11:16:36,082 - app.main - INFO - GET /api/v1/health -> 200
2026-07-20 11:46:16,501 - app.main - INFO - Starting CMF Platform API
2026-07-20 11:46:16,518 - app.main - INFO - Database tables created (SQLite)
2026-07-20 11:47:47,023 - app.main - INFO - GET /api/v1/dashboard/stats
2026-07-20 11:47:47,028 - app.main - WARNING - UnauthorizedException: Invalid or expired token
2026-07-20 11:47:47,031 - app.main - INFO - GET /api/v1/dashboard/stats -> 401
2026-07-20 11:47:47,171 - app.main - INFO - POST /api/v1/auth/refresh
2026-07-20 11:47:47,183 - app.main - WARNING - UnauthorizedException: Invalid or expired refresh token
2026-07-20 11:47:47,187 - app.main - INFO - POST /api/v1/auth/refresh -> 401
2026-07-20 11:47:56,487 - app.main - INFO - GET /api/v1/dashboard/stats
2026-07-20 11:47:56,498 - app.main - WARNING - UnauthorizedException: Invalid or expired token
2026-07-20 11:47:56,501 - app.main - INFO - GET /api/v1/dashboard/stats -> 401
2026-07-20 11:47:56,535 - app.main - INFO - POST /api/v1/auth/refresh
2026-07-20 11:47:56,547 - app.main - WARNING - UnauthorizedException: Invalid or expired refresh token
2026-07-20 11:47:56,551 - app.main - INFO - POST /api/v1/auth/refresh -> 401
2026-07-20 11:48:00,949 - app.main - INFO - GET /api/v1/dashboard/stats
2026-07-20 11:48:00,958 - app.main - WARNING - UnauthorizedException: Invalid or expired token
2026-07-20 11:48:00,963 - app.main - INFO - GET /api/v1/dashboard/stats -> 401
2026-07-20 11:48:00,994 - app.main - INFO - POST /api/v1/auth/refresh
2026-07-20 11:48:01,005 - app.main - WARNING - UnauthorizedException: Invalid or expired refresh token
2026-07-20 11:48:01,008 - app.main - INFO - POST /api/v1/auth/refresh -> 401
2026-07-20 11:48:02,047 - app.main - INFO - GET /api/v1/dashboard/stats
2026-07-20 11:48:02,059 - app.main - WARNING - UnauthorizedException: Invalid or expired token
2026-07-20 11:48:02,065 - app.main - INFO - GET /api/v1/dashboard/stats -> 401
2026-07-20 11:48:02,101 - app.main - INFO - POST /api/v1/auth/refresh
2026-07-20 11:48:02,115 - app.main - WARNING - UnauthorizedException: Invalid or expired refresh token
2026-07-20 11:48:02,120 - app.main - INFO - POST /api/v1/auth/refresh -> 401
2026-07-20 11:48:11,242 - app.main - INFO - POST /api/v1/auth/logout
2026-07-20 11:48:11,255 - app.main - WARNING - UnauthorizedException: Invalid or expired token
2026-07-20 11:48:11,259 - app.main - INFO - POST /api/v1/auth/logout -> 401
2026-07-20 11:48:11,292 - app.main - INFO - POST /api/v1/auth/refresh
2026-07-20 11:48:11,303 - app.main - WARNING - UnauthorizedException: Invalid or expired refresh token
2026-07-20 11:48:11,307 - app.main - INFO - POST /api/v1/auth/refresh -> 401
2026-07-20 11:48:37,015 - app.main - INFO - POST /api/v1/auth/register
2026-07-20 11:48:37,216 - app.main - WARNING - ConflictException: A user with this email already exists
2026-07-20 11:48:37,218 - app.main - INFO - POST /api/v1/auth/register -> 409
2026-07-20 11:49:00,866 - app.main - INFO - POST /api/v1/auth/login
2026-07-20 11:49:01,670 - app.main - INFO - POST /api/v1/auth/login -> 200
2026-07-20 11:49:01,699 - app.main - INFO - GET /api/v1/auth/me
2026-07-20 11:49:01,786 - app.main - INFO - GET /api/v1/auth/me -> 200
2026-07-20 11:49:01,914 - app.main - INFO - GET /api/v1/dashboard/stats
2026-07-20 11:49:02,168 - app.main - INFO - GET /api/v1/dashboard/stats -> 200
2026-07-20 11:49:15,475 - app.main - INFO - GET /api/v1/projects/1
2026-07-20 11:49:15,547 - app.main - WARNING - Validation error: [{'type': 'uuid_parsing', 'loc': ('path', 'id'), 'msg': 'Input should be a valid UUID, invalid length: expected length 32 for simple format, found 1', 'input': '1', 'ctx': {'error': 'invalid length: expected length 32 for simple format, found 1'}}]
2026-07-20 11:49:15,552 - app.main - INFO - GET /api/v1/projects/1 -> 422
2026-07-20 11:49:16,618 - app.main - INFO - GET /api/v1/projects/1
2026-07-20 11:49:16,679 - app.main - WARNING - Validation error: [{'type': 'uuid_parsing', 'loc': ('path', 'id'), 'msg': 'Input should be a valid UUID, invalid length: expected length 32 for simple format, found 1', 'input': '1', 'ctx': {'error': 'invalid length: expected length 32 for simple format, found 1'}}]
2026-07-20 11:49:16,682 - app.main - INFO - GET /api/v1/projects/1 -> 422
2026-07-20 11:49:18,448 - app.main - INFO - GET /api/v1/projects/1
2026-07-20 11:49:18,510 - app.main - WARNING - Validation error: [{'type': 'uuid_parsing', 'loc': ('path', 'id'), 'msg': 'Input should be a valid UUID, invalid length: expected length 32 for simple format, found 1', 'input': '1', 'ctx': {'error': 'invalid length: expected length 32 for simple format, found 1'}}]
2026-07-20 11:49:18,514 - app.main - INFO - GET /api/v1/projects/1 -> 422
2026-07-20 11:49:19,602 - app.main - INFO - GET /api/v1/projects/1
2026-07-20 11:49:19,671 - app.main - WARNING - Validation error: [{'type': 'uuid_parsing', 'loc': ('path', 'id'), 'msg': 'Input should be a valid UUID, invalid length: expected length 32 for simple format, found 1', 'input': '1', 'ctx': {'error': 'invalid length: expected length 32 for simple format, found 1'}}]
2026-07-20 11:49:19,679 - app.main - INFO - GET /api/v1/projects/1 -> 422
2026-07-20 11:49:20,732 - app.main - INFO - GET /api/v1/projects
2026-07-20 11:49:20,739 - app.main - INFO - GET /api/v1/projects -> 307
2026-07-20 11:49:21,079 - app.main - INFO - OPTIONS /api/v1/projects/
2026-07-20 11:49:21,085 - app.main - INFO - OPTIONS /api/v1/projects/ -> 400
2026-07-20 11:49:22,129 - app.main - INFO - GET /api/v1/projects
2026-07-20 11:49:22,135 - app.main - INFO - GET /api/v1/projects -> 307
2026-07-20 11:49:22,154 - app.main - INFO - OPTIONS /api/v1/projects/
2026-07-20 11:49:22,160 - app.main - INFO - OPTIONS /api/v1/projects/ -> 400
2026-07-20 11:49:24,317 - app.main - INFO - GET /api/v1/projects
2026-07-20 11:49:24,323 - app.main - INFO - GET /api/v1/projects -> 307
2026-07-20 11:49:24,341 - app.main - INFO - OPTIONS /api/v1/projects/
2026-07-20 11:49:24,346 - app.main - INFO - OPTIONS /api/v1/projects/ -> 400
2026-07-20 11:49:25,366 - app.main - INFO - GET /api/v1/projects
2026-07-20 11:49:25,371 - app.main - INFO - GET /api/v1/projects -> 307
2026-07-20 11:49:25,379 - app.main - INFO - OPTIONS /api/v1/projects/
2026-07-20 11:49:25,382 - app.main - INFO - OPTIONS /api/v1/projects/ -> 400
2026-07-20 11:49:30,443 - app.main - INFO - GET /api/v1/projects
2026-07-20 11:49:30,450 - app.main - INFO - GET /api/v1/projects -> 307
2026-07-20 11:49:30,835 - app.main - INFO - OPTIONS /api/v1/projects/
2026-07-20 11:49:30,841 - app.main - INFO - OPTIONS /api/v1/projects/ -> 400
2026-07-20 11:49:31,885 - app.main - INFO - GET /api/v1/projects
2026-07-20 11:49:31,893 - app.main - INFO - GET /api/v1/projects -> 307
2026-07-20 11:49:31,909 - app.main - INFO - OPTIONS /api/v1/projects/
2026-07-20 11:49:31,915 - app.main - INFO - OPTIONS /api/v1/projects/ -> 400
2026-07-20 11:49:32,975 - app.main - INFO - GET /api/v1/parts
2026-07-20 11:49:32,978 - app.main - INFO - GET /api/v1/parts -> 404
2026-07-20 11:49:34,022 - app.main - INFO - GET /api/v1/parts
2026-07-20 11:49:34,033 - app.main - INFO - GET /api/v1/parts -> 404
2026-07-20 11:49:54,407 - app.main - INFO - GET /api/v1/parts
2026-07-20 11:49:54,418 - app.main - INFO - GET /api/v1/parts -> 404
2026-07-20 11:49:57,458 - app.main - INFO - GET /api/v1/parts
2026-07-20 11:49:57,470 - app.main - INFO - GET /api/v1/parts -> 404
2026-07-20 11:52:47,969 - app.main - INFO - GET /api/v1/parts
2026-07-20 11:52:47,977 - app.main - INFO - GET /api/v1/parts -> 404
2026-07-20 11:56:33,063 - app.main - INFO - GET /api/v1/parts
2026-07-20 11:56:33,073 - app.main - INFO - GET /api/v1/parts -> 404
2026-07-20 11:56:34,994 - app.main - INFO - GET /api/v1/parts
2026-07-20 11:56:35,000 - app.main - INFO - GET /api/v1/parts -> 404
2026-07-20 11:56:36,091 - app.main - INFO - GET /api/v1/parts
2026-07-20 11:56:36,106 - app.main - INFO - GET /api/v1/parts -> 404
2026-07-20 11:57:31,056 - app.main - INFO - Shutting down CMF Platform API
2026-07-20 11:57:40,242 - app.main - INFO - Starting CMF Platform API
2026-07-20 11:57:40,283 - app.main - INFO - Database tables created (SQLite)
2026-07-20 11:57:47,612 - app.main - INFO - Shutting down CMF Platform API
2026-07-20 11:57:54,746 - app.main - INFO - Starting CMF Platform API
2026-07-20 11:57:54,762 - app.main - INFO - Database tables created (SQLite)
2026-07-20 11:58:43,437 - app.main - INFO - Shutting down CMF Platform API
2026-07-20 11:58:51,992 - app.main - INFO - Starting CMF Platform API
2026-07-20 11:58:52,022 - app.main - INFO - Database tables created (SQLite)
2026-07-20 11:59:13,204 - app.main - INFO - Shutting down CMF Platform API
2026-07-20 11:59:20,625 - app.main - INFO - Starting CMF Platform API
2026-07-20 11:59:20,646 - app.main - INFO - Database tables created (SQLite)
2026-07-20 11:59:20,672 - app.main - INFO - GET /api/v1/projects
2026-07-20 11:59:20,680 - app.main - INFO - GET /api/v1/projects -> 307
2026-07-20 11:59:21,009 - app.main - INFO - OPTIONS /api/v1/projects/
2026-07-20 11:59:21,016 - app.main - INFO - OPTIONS /api/v1/projects/ -> 400
2026-07-20 11:59:25,444 - app.main - INFO - Shutting down CMF Platform API
2026-07-20 11:59:31,394 - app.main - INFO - Starting CMF Platform API
2026-07-20 11:59:31,408 - app.main - INFO - Database tables created (SQLite)
2026-07-20 11:59:37,305 - app.main - INFO - Shutting down CMF Platform API
2026-07-20 11:59:43,202 - app.main - INFO - Starting CMF Platform API
2026-07-20 11:59:43,225 - app.main - INFO - Database tables created (SQLite)
2026-07-20 12:00:02,742 - app.main - INFO - GET /api/v1/projects
2026-07-20 12:00:02,751 - app.main - INFO - GET /api/v1/projects -> 307
2026-07-20 12:00:03,088 - app.main - INFO - OPTIONS /api/v1/projects/
2026-07-20 12:00:03,090 - app.main - INFO - OPTIONS /api/v1/projects/ -> 400
2026-07-20 12:00:04,882 - app.main - INFO - GET /api/v1/projects
2026-07-20 12:00:04,894 - app.main - INFO - GET /api/v1/projects -> 307
2026-07-20 12:00:04,950 - app.main - INFO - OPTIONS /api/v1/projects/
2026-07-20 12:00:04,956 - app.main - INFO - OPTIONS /api/v1/projects/ -> 400
2026-07-20 12:00:22,725 - app.main - INFO - GET /api/v1/projects
2026-07-20 12:00:22,740 - app.main - INFO - GET /api/v1/projects -> 307
2026-07-20 12:00:22,764 - app.main - INFO - OPTIONS /api/v1/projects/
2026-07-20 12:00:22,771 - app.main - INFO - OPTIONS /api/v1/projects/ -> 400
2026-07-20 12:05:08,085 - app.main - INFO - Shutting down CMF Platform API
2026-07-20 12:05:14,497 - app.main - INFO - Starting CMF Platform API
2026-07-20 12:05:14,505 - app.main - INFO - Database tables created (SQLite)
2026-07-20 12:05:22,621 - app.main - INFO - GET /api/v1/projects
2026-07-20 12:05:22,631 - app.main - INFO - GET /api/v1/projects -> 307
2026-07-20 12:05:22,969 - app.main - INFO - OPTIONS /api/v1/projects/
2026-07-20 12:05:22,974 - app.main - INFO - OPTIONS /api/v1/projects/ -> 400
2026-07-20 12:05:24,011 - app.main - INFO - GET /api/v1/projects
2026-07-20 12:05:24,026 - app.main - INFO - GET /api/v1/projects -> 307
2026-07-20 12:05:24,049 - app.main - INFO - OPTIONS /api/v1/projects/
2026-07-20 12:05:24,057 - app.main - INFO - OPTIONS /api/v1/projects/ -> 400
2026-07-20 12:05:29,449 - app.main - INFO - POST /api/v1/auth/logout
2026-07-20 12:05:29,832 - app.main - WARNING - Validation error: [{'type': 'missing', 'loc': ('body',), 'msg': 'Field required', 'input': None}]
2026-07-20 12:05:29,834 - app.main - INFO - POST /api/v1/auth/logout -> 422
2026-07-20 12:05:52,301 - app.main - INFO - POST /api/v1/auth/register
2026-07-20 12:05:53,101 - app.main - INFO - POST /api/v1/auth/register -> 200
2026-07-20 12:05:53,120 - app.main - INFO - GET /api/v1/auth/me
2026-07-20 12:05:53,123 - app.main - WARNING - UnauthorizedException: Invalid or expired token
2026-07-20 12:05:53,126 - app.main - INFO - GET /api/v1/auth/me -> 401
2026-07-20 12:05:53,143 - app.main - INFO - POST /api/v1/auth/refresh
2026-07-20 12:05:53,152 - app.main - WARNING - UnauthorizedException: Invalid or expired refresh token
2026-07-20 12:05:53,155 - app.main - INFO - POST /api/v1/auth/refresh -> 401
2026-07-20 12:18:00,264 - app.main - INFO - GET /api/v1/dashboard/stats
2026-07-20 12:18:00,273 - app.main - WARNING - UnauthorizedException: Invalid or expired token
2026-07-20 12:18:00,277 - app.main - INFO - GET /api/v1/dashboard/stats -> 401
2026-07-20 12:18:00,350 - app.main - INFO - POST /api/v1/auth/refresh
2026-07-20 12:18:00,361 - app.main - WARNING - UnauthorizedException: Invalid or expired refresh token
2026-07-20 12:18:00,364 - app.main - INFO - POST /api/v1/auth/refresh -> 401
2026-07-20 12:18:09,658 - app.main - INFO - GET /api/v1/dashboard/stats
2026-07-20 12:18:09,666 - app.main - WARNING - UnauthorizedException: Invalid or expired token
2026-07-20 12:18:09,670 - app.main - INFO - GET /api/v1/dashboard/stats -> 401
2026-07-20 12:18:09,690 - app.main - INFO - POST /api/v1/auth/refresh
2026-07-20 12:18:09,702 - app.main - WARNING - UnauthorizedException: Invalid or expired refresh token
2026-07-20 12:18:09,706 - app.main - INFO - POST /api/v1/auth/refresh -> 401
2026-07-20 12:18:11,311 - app.main - INFO - GET /api/v1/dashboard/stats
2026-07-20 12:18:11,321 - app.main - WARNING - UnauthorizedException: Invalid or expired token
2026-07-20 12:18:11,326 - app.main - INFO - GET /api/v1/dashboard/stats -> 401
2026-07-20 12:18:11,356 - app.main - INFO - POST /api/v1/auth/refresh
2026-07-20 12:18:11,372 - app.main - WARNING - UnauthorizedException: Invalid or expired refresh token
2026-07-20 12:18:11,379 - app.main - INFO - POST /api/v1/auth/refresh -> 401
2026-07-20 12:18:12,419 - app.main - INFO - GET /api/v1/dashboard/stats
2026-07-20 12:18:12,432 - app.main - WARNING - UnauthorizedException: Invalid or expired token
2026-07-20 12:18:12,439 - app.main - INFO - GET /api/v1/dashboard/stats -> 401
2026-07-20 12:18:12,492 - app.main - INFO - POST /api/v1/auth/refresh
2026-07-20 12:18:12,504 - app.main - WARNING - UnauthorizedException: Invalid or expired refresh token
2026-07-20 12:18:12,506 - app.main - INFO - POST /api/v1/auth/refresh -> 401
2026-07-20 12:18:22,630 - app.main - INFO - POST /api/v1/auth/logout
2026-07-20 12:18:22,637 - app.main - WARNING - UnauthorizedException: Invalid or expired token
2026-07-20 12:18:22,640 - app.main - INFO - POST /api/v1/auth/logout -> 401
2026-07-20 12:18:22,660 - app.main - INFO - POST /api/v1/auth/refresh
2026-07-20 12:18:22,669 - app.main - WARNING - UnauthorizedException: Invalid or expired refresh token
2026-07-20 12:18:22,672 - app.main - INFO - POST /api/v1/auth/refresh -> 401
2026-07-20 12:18:43,681 - app.main - INFO - POST /api/v1/auth/login
2026-07-20 12:18:44,346 - app.main - INFO - POST /api/v1/auth/login -> 200
2026-07-20 12:18:44,364 - app.main - INFO - GET /api/v1/auth/me
2026-07-20 12:18:44,416 - app.main - INFO - GET /api/v1/auth/me -> 200
2026-07-20 12:18:44,508 - app.main - INFO - GET /api/v1/dashboard/stats
2026-07-20 12:18:44,661 - app.main - INFO - GET /api/v1/dashboard/stats -> 200
2026-07-20 12:18:47,215 - app.main - INFO - GET /api/v1/projects
2026-07-20 12:18:47,223 - app.main - INFO - GET /api/v1/projects -> 307
2026-07-20 12:18:47,552 - app.main - INFO - OPTIONS /api/v1/projects/
2026-07-20 12:18:47,557 - app.main - INFO - OPTIONS /api/v1/projects/ -> 400
2026-07-20 12:18:48,582 - app.main - INFO - GET /api/v1/projects
2026-07-20 12:18:48,590 - app.main - INFO - GET /api/v1/projects -> 307
2026-07-20 12:18:48,603 - app.main - INFO - OPTIONS /api/v1/projects/
2026-07-20 12:18:48,610 - app.main - INFO - OPTIONS /api/v1/projects/ -> 400
2026-07-20 12:19:39,856 - app.main - INFO - GET /api/v1/health
2026-07-20 12:19:39,863 - app.main - INFO - GET /api/v1/health -> 200
2026-07-20 12:20:09,356 - app.main - INFO - GET /api/v1/health
2026-07-20 12:20:09,361 - app.main - INFO - GET /api/v1/health -> 200
2026-07-20 12:21:16,433 - app.main - INFO - GET /api/v1/projects/
2026-07-20 12:21:16,438 - app.main - WARNING - UnauthorizedException: Invalid or expired token
2026-07-20 12:21:16,442 - app.main - INFO - GET /api/v1/projects/ -> 401
2026-07-20 12:39:16,112 - app.main - INFO - Shutting down CMF Platform API
2026-07-20 13:53:12,036 - app.main - INFO - Starting CMF Platform API
2026-07-20 13:53:12,043 - app.main - INFO - Database tables created (SQLite)
2026-07-20 14:16:08,483 - app.main - INFO - Shutting down CMF Platform API
2026-07-20 14:16:13,641 - app.main - INFO - Starting CMF Platform API
2026-07-20 14:16:13,657 - app.main - INFO - Database tables created (SQLite)
2026-07-20 14:23:08,659 - app.main - INFO - GET /api/v1/dashboard/stats
2026-07-20 14:23:08,687 - app.main - WARNING - UnauthorizedException: Invalid or expired token
2026-07-20 14:23:08,691 - app.main - INFO - GET /api/v1/dashboard/stats -> 401
2026-07-20 14:23:08,718 - app.main - INFO - POST /api/v1/auth/refresh
2026-07-20 14:23:09,044 - app.main - WARNING - UnauthorizedException: Session expired or revoked
2026-07-20 14:23:09,051 - app.main - INFO - POST /api/v1/auth/refresh -> 401
2026-07-20 14:23:10,079 - app.main - INFO - GET /api/v1/dashboard/stats
2026-07-20 14:23:10,087 - app.main - WARNING - UnauthorizedException: Invalid or expired token
2026-07-20 14:23:10,093 - app.main - INFO - GET /api/v1/dashboard/stats -> 401
2026-07-20 14:23:10,120 - app.main - INFO - POST /api/v1/auth/refresh
2026-07-20 14:23:10,147 - app.main - WARNING - UnauthorizedException: Session expired or revoked
2026-07-20 14:23:10,152 - app.main - INFO - POST /api/v1/auth/refresh -> 401
2026-07-20 14:23:31,653 - app.main - INFO - POST /api/v1/auth/logout
2026-07-20 14:23:31,668 - app.main - WARNING - UnauthorizedException: Invalid or expired token
2026-07-20 14:23:31,673 - app.main - INFO - POST /api/v1/auth/logout -> 401
2026-07-20 14:23:31,704 - app.main - INFO - POST /api/v1/auth/refresh
2026-07-20 14:23:31,731 - app.main - WARNING - UnauthorizedException: Session expired or revoked
2026-07-20 14:23:31,737 - app.main - INFO - POST /api/v1/auth/refresh -> 401
2026-07-20 14:23:58,773 - app.main - INFO - POST /api/v1/auth/register
2026-07-20 14:23:59,580 - app.main - INFO - POST /api/v1/auth/register -> 200
2026-07-20 14:23:59,617 - app.main - INFO - GET /api/v1/auth/me
2026-07-20 14:23:59,624 - app.main - WARNING - UnauthorizedException: Invalid or expired token
2026-07-20 14:23:59,628 - app.main - INFO - GET /api/v1/auth/me -> 401
2026-07-20 14:23:59,656 - app.main - INFO - POST /api/v1/auth/refresh
2026-07-20 14:23:59,669 - app.main - WARNING - UnauthorizedException: Invalid or expired refresh token
2026-07-20 14:23:59,673 - app.main - INFO - POST /api/v1/auth/refresh -> 401
2026-07-20 14:24:16,147 - app.main - INFO - POST /api/v1/auth/login
2026-07-20 14:24:16,871 - app.main - INFO - POST /api/v1/auth/login -> 200
2026-07-20 14:24:16,890 - app.main - INFO - GET /api/v1/auth/me
2026-07-20 14:24:16,946 - app.main - INFO - GET /api/v1/auth/me -> 200
2026-07-20 14:24:17,038 - app.main - INFO - GET /api/v1/dashboard/stats
2026-07-20 14:24:17,185 - app.main - INFO - GET /api/v1/dashboard/stats -> 200
2026-07-20 14:24:48,480 - app.main - INFO - GET /api/v1/projects
2026-07-20 14:24:48,483 - app.main - INFO - GET /api/v1/projects -> 307
2026-07-20 14:24:48,807 - app.main - INFO - OPTIONS /api/v1/projects/
2026-07-20 14:24:48,812 - app.main - INFO - OPTIONS /api/v1/projects/ -> 400
2026-07-20 14:24:49,842 - app.main - INFO - GET /api/v1/projects
2026-07-20 14:24:49,848 - app.main - INFO - GET /api/v1/projects -> 307
2026-07-20 14:24:49,861 - app.main - INFO - OPTIONS /api/v1/projects/
2026-07-20 14:24:49,866 - app.main - INFO - OPTIONS /api/v1/projects/ -> 400
2026-07-20 14:31:07,850 - app.main - INFO - OPTIONS /api/v1/projects/
2026-07-20 14:31:07,856 - app.main - INFO - OPTIONS /api/v1/projects/ -> 200
2026-07-20 14:31:25,584 - app.main - INFO - OPTIONS /api/v1/projects/
2026-07-20 14:31:25,589 - app.main - INFO - OPTIONS /api/v1/projects/ -> 200
2026-07-20 14:31:44,477 - app.main - INFO - OPTIONS /api/v1/projects/
2026-07-20 14:31:44,483 - app.main - INFO - OPTIONS /api/v1/projects/ -> 400
2026-07-20 14:32:03,521 - app.main - INFO - Shutting down CMF Platform API
2026-07-20 14:32:09,227 - app.main - INFO - Starting CMF Platform API
2026-07-20 14:32:09,252 - app.main - INFO - Database tables created (SQLite)
2026-07-20 14:37:42,596 - app.main - INFO - GET /api/v1/projects
2026-07-20 14:37:42,601 - app.main - INFO - GET /api/v1/projects -> 307
2026-07-20 14:37:43,053 - app.main - INFO - OPTIONS /api/v1/projects/
2026-07-20 14:37:43,056 - app.main - INFO - OPTIONS /api/v1/projects/ -> 200
2026-07-20 14:37:43,062 - app.main - INFO - GET /api/v1/projects/
2026-07-20 14:37:43,066 - app.main - WARNING - UnauthorizedException: Not authenticated
2026-07-20 14:37:43,070 - app.main - INFO - GET /api/v1/projects/ -> 401
2026-07-20 14:37:43,083 - app.main - INFO - POST /api/v1/auth/refresh
2026-07-20 14:37:43,430 - app.main - WARNING - UnauthorizedException: Session expired or revoked
2026-07-20 14:37:43,700 - app.main - INFO - POST /api/v1/auth/refresh -> 401
2026-07-20 14:56:39,627 - app.main - INFO - GET /api/v1/projects
2026-07-20 14:56:39,632 - app.main - INFO - GET /api/v1/projects -> 307
2026-07-20 14:56:40,131 - app.main - INFO - OPTIONS /api/v1/projects/
2026-07-20 14:56:40,134 - app.main - INFO - OPTIONS /api/v1/projects/ -> 200
2026-07-20 14:56:40,141 - app.main - INFO - GET /api/v1/projects/
2026-07-20 14:56:40,150 - app.main - WARNING - UnauthorizedException: Not authenticated
2026-07-20 14:56:40,152 - app.main - INFO - GET /api/v1/projects/ -> 401
2026-07-20 14:56:40,171 - app.main - INFO - POST /api/v1/auth/refresh
2026-07-20 14:56:40,190 - app.main - WARNING - UnauthorizedException: Session expired or revoked
2026-07-20 14:56:40,195 - app.main - INFO - POST /api/v1/auth/refresh -> 401
2026-07-20 14:59:53,756 - app.main - INFO - Shutting down CMF Platform API
2026-07-20 14:59:58,897 - app.main - INFO - Starting CMF Platform API
2026-07-20 14:59:58,910 - app.main - INFO - Database tables created (SQLite)
2026-07-20 15:16:01,069 - app.main - INFO - GET /api/v1/projects
2026-07-20 15:16:01,079 - app.main - INFO - GET /api/v1/projects -> 307
2026-07-20 15:16:01,408 - app.main - INFO - OPTIONS /api/v1/projects/
2026-07-20 15:16:01,418 - app.main - INFO - OPTIONS /api/v1/projects/ -> 200
2026-07-20 15:16:02,069 - app.main - INFO - GET /api/v1/projects
2026-07-20 15:16:02,074 - app.main - INFO - GET /api/v1/projects -> 307
2026-07-20 15:16:02,183 - app.main - INFO - GET /api/v1/projects/
2026-07-20 15:16:02,190 - app.main - WARNING - UnauthorizedException: Not authenticated
2026-07-20 15:16:02,194 - app.main - INFO - GET /api/v1/projects/ -> 401
2026-07-20 15:16:02,240 - app.main - INFO - POST /api/v1/auth/refresh
2026-07-20 15:16:02,443 - app.main - WARNING - UnauthorizedException: Session expired or revoked
2026-07-20 15:16:02,446 - app.main - INFO - POST /api/v1/auth/refresh -> 401
2026-07-20 15:16:03,474 - app.main - INFO - GET /api/v1/projects
2026-07-20 15:16:03,478 - app.main - INFO - GET /api/v1/projects -> 307
2026-07-20 15:16:03,488 - app.main - INFO - GET /api/v1/projects/
2026-07-20 15:16:03,494 - app.main - WARNING - UnauthorizedException: Not authenticated
2026-07-20 15:16:03,497 - app.main - INFO - GET /api/v1/projects/ -> 401
2026-07-20 15:16:03,512 - app.main - INFO - POST /api/v1/auth/refresh
2026-07-20 15:16:03,528 - app.main - WARNING - UnauthorizedException: Session expired or revoked
2026-07-20 15:16:03,530 - app.main - INFO - POST /api/v1/auth/refresh -> 401
2026-07-20 15:16:05,781 - app.main - INFO - GET /api/v1/projects
2026-07-20 15:16:05,785 - app.main - INFO - GET /api/v1/projects -> 307
2026-07-20 15:16:05,847 - app.main - INFO - GET /api/v1/projects/
2026-07-20 15:16:05,853 - app.main - WARNING - UnauthorizedException: Not authenticated
2026-07-20 15:16:05,856 - app.main - INFO - GET /api/v1/projects/ -> 401
2026-07-20 15:16:05,887 - app.main - INFO - POST /api/v1/auth/refresh
2026-07-20 15:16:05,902 - app.main - WARNING - UnauthorizedException: Session expired or revoked
2026-07-20 15:16:05,904 - app.main - INFO - POST /api/v1/auth/refresh -> 401
2026-07-20 15:16:06,931 - app.main - INFO - GET /api/v1/projects
2026-07-20 15:16:06,935 - app.main - INFO - GET /api/v1/projects -> 307
2026-07-20 15:16:06,943 - app.main - INFO - GET /api/v1/projects/
2026-07-20 15:16:06,946 - app.main - WARNING - UnauthorizedException: Not authenticated
2026-07-20 15:16:06,948 - app.main - INFO - GET /api/v1/projects/ -> 401
2026-07-20 15:16:06,958 - app.main - INFO - POST /api/v1/auth/refresh
2026-07-20 15:16:06,968 - app.main - WARNING - UnauthorizedException: Session expired or revoked
2026-07-20 15:16:06,970 - app.main - INFO - POST /api/v1/auth/refresh -> 401
2026-07-21 13:07:36,202 - app.main - INFO - Starting CMF Platform API
2026-07-21 13:07:36,245 - app.main - INFO - Database tables created (SQLite)
2026-07-21 13:07:43,005 - app.main - INFO - GET /api/v1/dashboard/stats
2026-07-21 13:07:43,054 - app.main - WARNING - UnauthorizedException: Invalid or expired token
2026-07-21 13:07:43,058 - app.main - INFO - GET /api/v1/dashboard/stats -> 401
2026-07-21 13:07:43,079 - app.main - INFO - POST /api/v1/auth/refresh
2026-07-21 13:07:43,251 - app.main - WARNING - UnauthorizedException: Session expired or revoked
2026-07-21 13:07:43,254 - app.main - INFO - POST /api/v1/auth/refresh -> 401
2026-07-21 13:07:48,265 - app.main - INFO - GET /api/v1/dashboard/stats
2026-07-21 13:07:48,277 - app.main - WARNING - UnauthorizedException: Invalid or expired token
2026-07-21 13:07:48,286 - app.main - INFO - GET /api/v1/dashboard/stats -> 401
2026-07-21 13:07:48,320 - app.main - INFO - POST /api/v1/auth/refresh
2026-07-21 13:07:48,337 - app.main - WARNING - UnauthorizedException: Session expired or revoked
2026-07-21 13:07:48,339 - app.main - INFO - POST /api/v1/auth/refresh -> 401
2026-07-21 13:07:54,839 - app.main - INFO - POST /api/v1/auth/logout
2026-07-21 13:07:54,859 - app.main - WARNING - UnauthorizedException: Invalid or expired token
2026-07-21 13:07:54,868 - app.main - INFO - POST /api/v1/auth/logout -> 401
2026-07-21 13:07:54,905 - app.main - INFO - POST /api/v1/auth/refresh
2026-07-21 13:07:54,937 - app.main - WARNING - UnauthorizedException: Session expired or revoked
2026-07-21 13:07:54,942 - app.main - INFO - POST /api/v1/auth/refresh -> 401
2026-07-21 13:08:14,466 - app.main - INFO - POST /api/v1/auth/login
2026-07-21 13:08:15,267 - app.main - INFO - POST /api/v1/auth/login -> 200
2026-07-21 13:08:15,287 - app.main - INFO - GET /api/v1/auth/me
2026-07-21 13:08:15,347 - app.main - INFO - GET /api/v1/auth/me -> 200
2026-07-21 13:08:15,438 - app.main - INFO - GET /api/v1/dashboard/stats
2026-07-21 13:08:15,599 - app.main - INFO - GET /api/v1/dashboard/stats -> 200
2026-07-21 13:08:18,394 - app.main - INFO - GET /api/v1/projects
2026-07-21 13:08:18,397 - app.main - INFO - GET /api/v1/projects -> 307
2026-07-21 13:08:18,720 - app.main - INFO - OPTIONS /api/v1/projects/
2026-07-21 13:08:18,731 - app.main - INFO - OPTIONS /api/v1/projects/ -> 200
2026-07-21 13:08:18,744 - app.main - INFO - GET /api/v1/projects/
2026-07-21 13:08:18,754 - app.main - WARNING - UnauthorizedException: Not authenticated
2026-07-21 13:08:18,762 - app.main - INFO - GET /api/v1/projects/ -> 401
2026-07-21 13:08:18,797 - app.main - INFO - POST /api/v1/auth/refresh
2026-07-21 13:08:18,831 - app.main - WARNING - UnauthorizedException: Session expired or revoked
2026-07-21 13:08:18,837 - app.main - INFO - POST /api/v1/auth/refresh -> 401
2026-07-21 13:08:19,876 - app.main - INFO - GET /api/v1/projects
2026-07-21 13:08:19,883 - app.main - INFO - GET /api/v1/projects -> 307
2026-07-21 13:08:19,897 - app.main - INFO - GET /api/v1/projects/
2026-07-21 13:08:19,901 - app.main - WARNING - UnauthorizedException: Not authenticated
2026-07-21 13:08:19,905 - app.main - INFO - GET /api/v1/projects/ -> 401
2026-07-21 13:08:20,053 - app.main - INFO - POST /api/v1/auth/refresh
2026-07-21 13:08:20,073 - app.main - WARNING - UnauthorizedException: Session expired or revoked
2026-07-21 13:08:20,076 - app.main - INFO - POST /api/v1/auth/refresh -> 401
2026-07-21 13:08:45,895 - app.main - INFO - POST /api/v1/projects
2026-07-21 13:08:45,899 - app.main - INFO - POST /api/v1/projects -> 307
2026-07-21 13:08:45,923 - app.main - INFO - POST /api/v1/projects/
2026-07-21 13:08:45,932 - app.main - WARNING - UnauthorizedException: Not authenticated
2026-07-21 13:08:45,934 - app.main - INFO - POST /api/v1/projects/ -> 401
2026-07-21 13:08:45,955 - app.main - INFO - POST /api/v1/auth/refresh
2026-07-21 13:08:45,974 - app.main - WARNING - UnauthorizedException: Session expired or revoked
2026-07-21 13:08:45,978 - app.main - INFO - POST /api/v1/auth/refresh -> 401
2026-07-21 13:08:52,271 - app.main - INFO - POST /api/v1/projects
2026-07-21 13:08:52,275 - app.main - INFO - POST /api/v1/projects -> 307
2026-07-21 13:08:52,600 - app.main - INFO - POST /api/v1/projects/
2026-07-21 13:08:52,609 - app.main - WARNING - UnauthorizedException: Not authenticated
2026-07-21 13:08:52,613 - app.main - INFO - POST /api/v1/projects/ -> 401
2026-07-21 13:08:52,637 - app.main - INFO - POST /api/v1/auth/refresh
2026-07-21 13:08:52,670 - app.main - WARNING - UnauthorizedException: Session expired or revoked
2026-07-21 13:08:52,675 - app.main - INFO - POST /api/v1/auth/refresh -> 401
2026-07-21 13:11:48,413 - app.main - INFO - Shutting down CMF Platform API
2026-07-21 13:11:53,532 - app.main - INFO - Starting CMF Platform API
2026-07-21 13:11:53,562 - app.main - INFO - Database tables created (SQLite)
2026-07-21 13:11:58,842 - app.main - INFO - Shutting down CMF Platform API
2026-07-21 13:12:04,023 - app.main - INFO - Starting CMF Platform API
2026-07-21 13:12:04,035 - app.main - INFO - Database tables created (SQLite)
2026-07-21 13:23:17,385 - app.main - INFO - Shutting down CMF Platform API
2026-07-21 13:23:25,158 - app.main - INFO - Starting CMF Platform API
2026-07-21 13:23:25,176 - app.main - INFO - Database tables created (SQLite)
2026-07-21 13:24:31,160 - app.main - INFO - GET /api/v1/dashboard/stats
2026-07-21 13:24:31,551 - app.main - INFO - GET /api/v1/dashboard/stats -> 200
2026-07-21 13:25:41,187 - app.main - INFO - GET /api/v1/dashboard/stats
2026-07-21 13:25:41,284 - app.main - INFO - GET /api/v1/dashboard/stats -> 200
2026-07-21 13:27:09,117 - app.main - INFO - Shutting down CMF Platform API
2026-07-21 13:33:01,950 - app.main - INFO - Starting CMF Platform API
2026-07-21 13:33:01,975 - app.main - INFO - Database tables created (SQLite)
2026-07-21 13:35:11,343 - app.main - INFO - GET /api/v1/dashboard/stats
2026-07-21 13:35:11,685 - app.main - INFO - GET /api/v1/dashboard/stats -> 200
2026-07-21 13:35:23,756 - app.main - INFO - GET /api/v1/dashboard/stats
2026-07-21 13:35:23,870 - app.main - INFO - GET /api/v1/dashboard/stats -> 200
2026-07-21 13:35:27,090 - app.main - INFO - POST /api/v1/auth/logout
2026-07-21 13:35:27,165 - app.main - WARNING - Validation error: [{'type': 'missing', 'loc': ('body',), 'msg': 'Field required', 'input': None}]
2026-07-21 13:35:27,169 - app.main - INFO - POST /api/v1/auth/logout -> 422
2026-07-21 13:35:37,885 - app.main - INFO - POST /api/v1/auth/login
2026-07-21 13:35:38,575 - app.main - WARNING - UnauthorizedException: Invalid email or password
2026-07-21 13:35:38,578 - app.main - INFO - POST /api/v1/auth/login -> 401
2026-07-21 13:35:49,817 - app.main - INFO - POST /api/v1/auth/login
2026-07-21 13:35:50,481 - app.main - INFO - POST /api/v1/auth/login -> 200
2026-07-21 13:35:50,499 - app.main - INFO - GET /api/v1/auth/me
2026-07-21 13:35:50,550 - app.main - INFO - GET /api/v1/auth/me -> 200
2026-07-21 13:44:39,034 - app.main - INFO - Shutting down CMF Platform API
2026-07-21 13:44:45,632 - app.main - INFO - Starting CMF Platform API
2026-07-21 13:44:45,646 - app.main - INFO - Database tables created (SQLite)
2026-07-21 13:44:50,533 - app.main - INFO - GET /api/v1/dashboard/stats
2026-07-21 13:44:51,067 - app.main - INFO - GET /api/v1/dashboard/stats -> 200
2026-07-21 13:46:33,178 - app.main - INFO - GET /api/v1/projects
2026-07-21 13:46:33,183 - app.main - INFO - GET /api/v1/projects -> 307
2026-07-21 13:46:33,583 - app.main - INFO - OPTIONS /api/v1/projects/
2026-07-21 13:46:33,586 - app.main - INFO - OPTIONS /api/v1/projects/ -> 200
2026-07-21 13:46:33,593 - app.main - INFO - GET /api/v1/projects/
2026-07-21 13:46:33,597 - app.main - WARNING - UnauthorizedException: Not authenticated
2026-07-21 13:46:33,599 - app.main - INFO - GET /api/v1/projects/ -> 401
2026-07-21 13:46:33,614 - app.main - INFO - POST /api/v1/auth/refresh
2026-07-21 13:46:33,633 - app.main - WARNING - UnauthorizedException: Session expired or revoked
2026-07-21 13:46:33,635 - app.main - INFO - POST /api/v1/auth/refresh -> 401
2026-07-21 13:46:34,666 - app.main - INFO - GET /api/v1/projects
2026-07-21 13:46:34,671 - app.main - INFO - GET /api/v1/projects -> 307
2026-07-21 13:46:34,682 - app.main - INFO - GET /api/v1/projects/
2026-07-21 13:46:34,685 - app.main - WARNING - UnauthorizedException: Not authenticated
2026-07-21 13:46:34,690 - app.main - INFO - GET /api/v1/projects/ -> 401
2026-07-21 13:46:34,704 - app.main - INFO - POST /api/v1/auth/refresh
2026-07-21 13:46:34,718 - app.main - WARNING - UnauthorizedException: Session expired or revoked
2026-07-21 13:46:34,720 - app.main - INFO - POST /api/v1/auth/refresh -> 401
2026-07-21 13:47:15,447 - app.main - INFO - GET /api/v1/projects
2026-07-21 13:47:15,450 - app.main - INFO - GET /api/v1/projects -> 307
2026-07-21 13:47:15,511 - app.main - INFO - GET /api/v1/projects/
2026-07-21 13:47:15,515 - app.main - WARNING - UnauthorizedException: Not authenticated
2026-07-21 13:47:15,518 - app.main - INFO - GET /api/v1/projects/ -> 401
2026-07-21 13:47:15,533 - app.main - INFO - POST /api/v1/auth/refresh
2026-07-21 13:47:15,547 - app.main - WARNING - UnauthorizedException: Session expired or revoked
2026-07-21 13:47:15,550 - app.main - INFO - POST /api/v1/auth/refresh -> 401
2026-07-21 13:47:16,581 - app.main - INFO - GET /api/v1/projects
2026-07-21 13:47:16,587 - app.main - INFO - GET /api/v1/projects -> 307
2026-07-21 13:47:16,605 - app.main - INFO - GET /api/v1/projects/
2026-07-21 13:47:16,612 - app.main - WARNING - UnauthorizedException: Not authenticated
2026-07-21 13:47:16,618 - app.main - INFO - GET /api/v1/projects/ -> 401
2026-07-21 13:47:16,645 - app.main - INFO - POST /api/v1/auth/refresh
2026-07-21 13:47:16,664 - app.main - WARNING - UnauthorizedException: Session expired or revoked
2026-07-21 13:47:16,667 - app.main - INFO - POST /api/v1/auth/refresh -> 401
2026-07-21 13:48:01,683 - app.main - INFO - GET /api/v1/projects
2026-07-21 13:48:01,687 - app.main - INFO - GET /api/v1/projects -> 307
2026-07-21 13:48:02,043 - app.main - INFO - GET /api/v1/projects/
2026-07-21 13:48:02,047 - app.main - WARNING - UnauthorizedException: Not authenticated
2026-07-21 13:48:02,050 - app.main - INFO - GET /api/v1/projects/ -> 401
2026-07-21 13:48:02,063 - app.main - INFO - POST /api/v1/auth/refresh
2026-07-21 13:48:02,078 - app.main - WARNING - UnauthorizedException: Session expired or revoked
2026-07-21 13:48:02,080 - app.main - INFO - POST /api/v1/auth/refresh -> 401
2026-07-21 13:48:03,112 - app.main - INFO - GET /api/v1/projects
2026-07-21 13:48:03,119 - app.main - INFO - GET /api/v1/projects -> 307
2026-07-21 13:48:03,135 - app.main - INFO - GET /api/v1/projects/
2026-07-21 13:48:03,140 - app.main - WARNING - UnauthorizedException: Not authenticated
2026-07-21 13:48:03,145 - app.main - INFO - GET /api/v1/projects/ -> 401
2026-07-21 13:48:03,169 - app.main - INFO - POST /api/v1/auth/refresh
2026-07-21 13:48:03,203 - app.main - WARNING - UnauthorizedException: Session expired or revoked
2026-07-21 13:48:03,209 - app.main - INFO - POST /api/v1/auth/refresh -> 401
2026-07-21 13:48:52,968 - app.main - INFO - GET /api/v1/projects
2026-07-21 13:48:52,972 - app.main - INFO - GET /api/v1/projects -> 307
2026-07-21 13:48:53,016 - app.main - INFO - GET /api/v1/projects/
2026-07-21 13:48:53,024 - app.main - WARNING - UnauthorizedException: Not authenticated
2026-07-21 13:48:53,029 - app.main - INFO - GET /api/v1/projects/ -> 401
2026-07-21 13:48:53,118 - app.main - INFO - POST /api/v1/auth/refresh
2026-07-21 13:48:53,143 - app.main - WARNING - UnauthorizedException: Session expired or revoked
2026-07-21 13:48:53,147 - app.main - INFO - POST /api/v1/auth/refresh -> 401
2026-07-21 13:48:59,771 - app.main - INFO - POST /api/v1/auth/logout
2026-07-21 13:48:59,826 - app.main - WARNING - Validation error: [{'type': 'missing', 'loc': ('body',), 'msg': 'Field required', 'input': None}]
2026-07-21 13:48:59,831 - app.main - INFO - POST /api/v1/auth/logout -> 422
2026-07-21 13:49:23,990 - app.main - INFO - POST /api/v1/auth/register
2026-07-21 13:49:24,866 - app.main - INFO - POST /api/v1/auth/register -> 200
2026-07-21 13:49:24,883 - app.main - INFO - GET /api/v1/auth/me
2026-07-21 13:49:24,886 - app.main - WARNING - UnauthorizedException: Invalid or expired token
2026-07-21 13:49:24,888 - app.main - INFO - GET /api/v1/auth/me -> 401
2026-07-21 13:49:24,902 - app.main - INFO - POST /api/v1/auth/refresh
2026-07-21 13:49:24,910 - app.main - WARNING - UnauthorizedException: Invalid or expired refresh token
2026-07-21 13:49:24,912 - app.main - INFO - POST /api/v1/auth/refresh -> 401
2026-07-21 13:49:36,959 - app.main - INFO - POST /api/v1/auth/login
2026-07-21 13:49:37,668 - app.main - INFO - POST /api/v1/auth/login -> 200
2026-07-21 13:49:37,682 - app.main - INFO - GET /api/v1/auth/me
2026-07-21 13:49:37,723 - app.main - INFO - GET /api/v1/auth/me -> 200
2026-07-21 13:49:37,778 - app.main - INFO - GET /api/v1/dashboard/stats
2026-07-21 13:49:37,872 - app.main - INFO - GET /api/v1/dashboard/stats -> 200
2026-07-21 13:49:42,825 - app.main - INFO - GET /api/v1/projects
2026-07-21 13:49:42,832 - app.main - INFO - GET /api/v1/projects -> 307
2026-07-21 13:49:43,224 - app.main - INFO - GET /api/v1/projects/
2026-07-21 13:49:43,230 - app.main - WARNING - UnauthorizedException: Not authenticated
2026-07-21 13:49:43,238 - app.main - INFO - GET /api/v1/projects/ -> 401
2026-07-21 13:49:43,292 - app.main - INFO - POST /api/v1/auth/refresh
2026-07-21 13:49:43,341 - app.main - WARNING - UnauthorizedException: Session expired or revoked
2026-07-21 13:49:43,347 - app.main - INFO - POST /api/v1/auth/refresh -> 401
2026-07-21 13:50:27,101 - app.main - INFO - POST /api/v1/projects
2026-07-21 13:50:27,106 - app.main - INFO - POST /api/v1/projects -> 307
2026-07-21 13:50:27,121 - app.main - INFO - POST /api/v1/projects/
2026-07-21 13:50:27,126 - app.main - WARNING - UnauthorizedException: Not authenticated
2026-07-21 13:50:27,128 - app.main - INFO - POST /api/v1/projects/ -> 401
2026-07-21 13:50:27,141 - app.main - INFO - POST /api/v1/auth/refresh
2026-07-21 13:50:27,152 - app.main - WARNING - UnauthorizedException: Session expired or revoked
2026-07-21 13:50:27,154 - app.main - INFO - POST /api/v1/auth/refresh -> 401
2026-07-21 13:50:29,589 - app.main - INFO - POST /api/v1/projects
2026-07-21 13:50:29,595 - app.main - INFO - POST /api/v1/projects -> 307
2026-07-21 13:50:29,644 - app.main - INFO - POST /api/v1/projects/
2026-07-21 13:50:29,658 - app.main - WARNING - UnauthorizedException: Not authenticated
2026-07-21 13:50:29,663 - app.main - INFO - POST /api/v1/projects/ -> 401
2026-07-21 13:50:29,691 - app.main - INFO - POST /api/v1/auth/refresh
2026-07-21 13:50:29,718 - app.main - WARNING - UnauthorizedException: Session expired or revoked
2026-07-21 13:50:29,725 - app.main - INFO - POST /api/v1/auth/refresh -> 401
2026-07-21 13:52:20,833 - app.main - INFO - POST /api/v1/projects
2026-07-21 13:52:20,836 - app.main - INFO - POST /api/v1/projects -> 307
2026-07-21 13:52:21,171 - app.main - INFO - POST /api/v1/projects/
2026-07-21 13:52:21,177 - app.main - WARNING - UnauthorizedException: Not authenticated
2026-07-21 13:52:21,179 - app.main - INFO - POST /api/v1/projects/ -> 401
2026-07-21 13:52:21,193 - app.main - INFO - POST /api/v1/auth/refresh
2026-07-21 13:52:21,207 - app.main - WARNING - UnauthorizedException: Session expired or revoked
2026-07-21 13:52:21,209 - app.main - INFO - POST /api/v1/auth/refresh -> 401
2026-07-21 13:52:25,910 - app.main - INFO - POST /api/v1/projects
2026-07-21 13:52:25,914 - app.main - INFO - POST /api/v1/projects -> 307
2026-07-21 13:52:25,931 - app.main - INFO - POST /api/v1/projects/
2026-07-21 13:52:25,936 - app.main - WARNING - UnauthorizedException: Not authenticated
2026-07-21 13:52:25,938 - app.main - INFO - POST /api/v1/projects/ -> 401
2026-07-21 13:52:25,952 - app.main - INFO - POST /api/v1/auth/refresh
2026-07-21 13:52:25,965 - app.main - WARNING - UnauthorizedException: Session expired or revoked
2026-07-21 13:52:25,968 - app.main - INFO - POST /api/v1/auth/refresh -> 401
2026-07-21 13:52:31,768 - app.main - INFO - POST /api/v1/projects
2026-07-21 13:52:31,776 - app.main - INFO - POST /api/v1/projects -> 307
2026-07-21 13:52:31,809 - app.main - INFO - POST /api/v1/projects/
2026-07-21 13:52:31,822 - app.main - WARNING - UnauthorizedException: Not authenticated
2026-07-21 13:52:31,828 - app.main - INFO - POST /api/v1/projects/ -> 401
2026-07-21 13:52:31,856 - app.main - INFO - POST /api/v1/auth/refresh
2026-07-21 13:52:31,885 - app.main - WARNING - UnauthorizedException: Session expired or revoked
2026-07-21 13:52:31,889 - app.main - INFO - POST /api/v1/auth/refresh -> 401
2026-07-21 14:02:48,314 - app.main - INFO - Shutting down CMF Platform API
2026-07-21 14:03:03,603 - app.main - INFO - Starting CMF Platform API
2026-07-21 14:03:03,627 - app.main - INFO - Database tables created (SQLite)
2026-07-21 14:03:27,206 - app.main - INFO - GET /api/v1/dashboard/stats
2026-07-21 14:03:27,606 - app.main - INFO - GET /api/v1/dashboard/stats -> 200
2026-07-21 14:03:31,946 - app.main - INFO - GET /api/v1/projects
2026-07-21 14:03:31,952 - app.main - INFO - GET /api/v1/projects -> 307
2026-07-21 14:03:32,309 - app.main - INFO - OPTIONS /api/v1/projects/
2026-07-21 14:03:32,316 - app.main - INFO - OPTIONS /api/v1/projects/ -> 200
2026-07-21 14:03:32,323 - app.main - INFO - GET /api/v1/projects/
2026-07-21 14:03:32,329 - app.main - WARNING - UnauthorizedException: Not authenticated
2026-07-21 14:03:32,334 - app.main - INFO - GET /api/v1/projects/ -> 401
2026-07-21 14:03:32,354 - app.main - INFO - POST /api/v1/auth/refresh
2026-07-21 14:03:32,376 - app.main - WARNING - UnauthorizedException: Session expired or revoked
2026-07-21 14:03:32,382 - app.main - INFO - POST /api/v1/auth/refresh -> 401
2026-07-21 14:03:33,411 - app.main - INFO - GET /api/v1/projects
2026-07-21 14:03:33,417 - app.main - INFO - GET /api/v1/projects -> 307
2026-07-21 14:03:33,427 - app.main - INFO - GET /api/v1/projects/
2026-07-21 14:03:33,433 - app.main - WARNING - UnauthorizedException: Not authenticated
2026-07-21 14:03:33,435 - app.main - INFO - GET /api/v1/projects/ -> 401
2026-07-21 14:03:33,452 - app.main - INFO - POST /api/v1/auth/refresh
2026-07-21 14:03:33,468 - app.main - WARNING - UnauthorizedException: Session expired or revoked
2026-07-21 14:03:33,471 - app.main - INFO - POST /api/v1/auth/refresh -> 401
2026-07-21 14:03:37,299 - app.main - INFO - GET /api/v1/projects
2026-07-21 14:03:37,304 - app.main - INFO - GET /api/v1/projects -> 307
2026-07-21 14:03:37,334 - app.main - INFO - GET /api/v1/projects/
2026-07-21 14:03:37,340 - app.main - WARNING - UnauthorizedException: Not authenticated
2026-07-21 14:03:37,345 - app.main - INFO - GET /api/v1/projects/ -> 401
2026-07-21 14:03:37,393 - app.main - INFO - POST /api/v1/auth/refresh
2026-07-21 14:03:37,419 - app.main - WARNING - UnauthorizedException: Session expired or revoked
2026-07-21 14:03:37,426 - app.main - INFO - POST /api/v1/auth/refresh -> 401
2026-07-21 14:03:38,464 - app.main - INFO - GET /api/v1/projects
2026-07-21 14:03:38,471 - app.main - INFO - GET /api/v1/projects -> 307
2026-07-21 14:03:38,489 - app.main - INFO - GET /api/v1/projects/
2026-07-21 14:03:38,497 - app.main - WARNING - UnauthorizedException: Not authenticated
2026-07-21 14:03:38,504 - app.main - INFO - GET /api/v1/projects/ -> 401
2026-07-21 14:03:38,544 - app.main - INFO - POST /api/v1/auth/refresh
2026-07-21 14:03:38,575 - app.main - WARNING - UnauthorizedException: Session expired or revoked
2026-07-21 14:03:38,581 - app.main - INFO - POST /api/v1/auth/refresh -> 401
2026-07-21 14:03:40,545 - app.main - INFO - POST /api/v1/auth/logout
2026-07-21 14:03:40,579 - app.main - WARNING - Validation error: [{'type': 'missing', 'loc': ('body',), 'msg': 'Field required', 'input': None}]
2026-07-21 14:03:40,582 - app.main - INFO - POST /api/v1/auth/logout -> 422
2026-07-21 14:04:06,951 - app.main - INFO - POST /api/v1/auth/register
2026-07-21 14:04:07,906 - app.main - INFO - POST /api/v1/auth/register -> 200
2026-07-21 14:04:07,929 - app.main - INFO - POST /api/v1/auth/login
2026-07-21 14:04:08,685 - app.main - INFO - POST /api/v1/auth/login -> 200
2026-07-21 14:04:08,707 - app.main - INFO - GET /api/v1/auth/me
2026-07-21 14:04:08,765 - app.main - INFO - GET /api/v1/auth/me -> 200
2026-07-21 14:04:14,880 - app.main - INFO - GET /api/v1/projects
2026-07-21 14:04:14,887 - app.main - INFO - GET /api/v1/projects -> 307
2026-07-21 14:04:15,005 - app.main - INFO - GET /api/v1/projects/
2026-07-21 14:04:15,034 - app.main - WARNING - UnauthorizedException: Not authenticated
2026-07-21 14:04:15,042 - app.main - INFO - GET /api/v1/projects/ -> 401
2026-07-21 14:04:15,086 - app.main - INFO - POST /api/v1/auth/refresh
2026-07-21 14:04:15,106 - app.main - WARNING - UnauthorizedException: Session expired or revoked
2026-07-21 14:04:15,109 - app.main - INFO - POST /api/v1/auth/refresh -> 401
2026-07-21 14:04:16,159 - app.main - INFO - GET /api/v1/projects
2026-07-21 14:04:16,169 - app.main - INFO - GET /api/v1/projects -> 307
2026-07-21 14:04:16,191 - app.main - INFO - GET /api/v1/projects/
2026-07-21 14:04:16,200 - app.main - WARNING - UnauthorizedException: Not authenticated
2026-07-21 14:04:16,206 - app.main - INFO - GET /api/v1/projects/ -> 401
2026-07-21 14:04:16,250 - app.main - INFO - POST /api/v1/auth/refresh
2026-07-21 14:04:16,286 - app.main - WARNING - UnauthorizedException: Session expired or revoked
2026-07-21 14:04:16,293 - app.main - INFO - POST /api/v1/auth/refresh -> 401
2026-07-21 14:04:19,424 - app.main - INFO - GET /api/v1/projects
2026-07-21 14:04:19,434 - app.main - INFO - GET /api/v1/projects -> 307
2026-07-21 14:04:19,464 - app.main - INFO - GET /api/v1/projects/
2026-07-21 14:04:19,472 - app.main - WARNING - UnauthorizedException: Not authenticated
2026-07-21 14:04:19,477 - app.main - INFO - GET /api/v1/projects/ -> 401
2026-07-21 14:04:19,558 - app.main - INFO - POST /api/v1/auth/refresh
2026-07-21 14:04:19,585 - app.main - WARNING - UnauthorizedException: Session expired or revoked
2026-07-21 14:04:19,590 - app.main - INFO - POST /api/v1/auth/refresh -> 401
2026-07-21 14:04:20,644 - app.main - INFO - GET /api/v1/projects
2026-07-21 14:04:20,654 - app.main - INFO - GET /api/v1/projects -> 307
2026-07-21 14:04:20,675 - app.main - INFO - GET /api/v1/projects/
2026-07-21 14:04:20,685 - app.main - WARNING - UnauthorizedException: Not authenticated
2026-07-21 14:04:20,691 - app.main - INFO - GET /api/v1/projects/ -> 401
2026-07-21 14:04:20,726 - app.main - INFO - POST /api/v1/auth/refresh
2026-07-21 14:04:20,763 - app.main - WARNING - UnauthorizedException: Session expired or revoked
2026-07-21 14:04:20,776 - app.main - INFO - POST /api/v1/auth/refresh -> 401
2026-07-21 14:04:26,721 - app.main - INFO - GET /api/v1/projects
2026-07-21 14:04:26,730 - app.main - INFO - GET /api/v1/projects -> 307
2026-07-21 14:04:27,077 - app.main - INFO - GET /api/v1/projects/
2026-07-21 14:04:27,086 - app.main - WARNING - UnauthorizedException: Not authenticated
2026-07-21 14:04:27,092 - app.main - INFO - GET /api/v1/projects/ -> 401
2026-07-21 14:04:27,138 - app.main - INFO - POST /api/v1/auth/refresh
2026-07-21 14:04:27,184 - app.main - WARNING - UnauthorizedException: Session expired or revoked
2026-07-21 14:04:27,191 - app.main - INFO - POST /api/v1/auth/refresh -> 401
2026-07-21 14:04:28,250 - app.main - INFO - GET /api/v1/projects
2026-07-21 14:04:28,259 - app.main - INFO - GET /api/v1/projects -> 307
2026-07-21 14:04:28,282 - app.main - INFO - GET /api/v1/projects/
2026-07-21 14:04:28,289 - app.main - WARNING - UnauthorizedException: Not authenticated
2026-07-21 14:04:28,296 - app.main - INFO - GET /api/v1/projects/ -> 401
2026-07-21 14:04:28,331 - app.main - INFO - POST /api/v1/auth/refresh
2026-07-21 14:04:28,375 - app.main - WARNING - UnauthorizedException: Session expired or revoked
2026-07-21 14:04:28,382 - app.main - INFO - POST /api/v1/auth/refresh -> 401
2026-07-21 14:06:10,113 - app.main - INFO - Shutting down CMF Platform API
2026-07-21 14:06:15,630 - app.main - INFO - Starting CMF Platform API
2026-07-21 14:06:15,644 - app.main - INFO - Database tables created (SQLite)
2026-07-21 14:06:19,855 - app.main - INFO - GET /api/v1/projects
2026-07-21 14:06:19,860 - app.main - INFO - GET /api/v1/projects -> 307
2026-07-21 14:06:20,193 - app.main - INFO - GET /api/v1/projects/
2026-07-21 14:06:20,200 - app.main - WARNING - UnauthorizedException: Not authenticated
2026-07-21 14:06:20,211 - app.main - INFO - GET /api/v1/projects/ -> 401
2026-07-21 14:06:20,246 - app.main - INFO - POST /api/v1/auth/refresh
2026-07-21 14:06:20,713 - app.main - WARNING - UnauthorizedException: Session expired or revoked
2026-07-21 14:06:20,720 - app.main - INFO - POST /api/v1/auth/refresh -> 401
2026-07-21 14:06:21,776 - app.main - INFO - GET /api/v1/projects
2026-07-21 14:06:21,788 - app.main - INFO - GET /api/v1/projects -> 307
2026-07-21 14:06:21,807 - app.main - INFO - GET /api/v1/projects/
2026-07-21 14:06:21,821 - app.main - WARNING - UnauthorizedException: Not authenticated
2026-07-21 14:06:21,830 - app.main - INFO - GET /api/v1/projects/ -> 401
2026-07-21 14:06:21,869 - app.main - INFO - POST /api/v1/auth/refresh
2026-07-21 14:06:21,894 - app.main - WARNING - UnauthorizedException: Session expired or revoked
2026-07-21 14:06:21,896 - app.main - INFO - POST /api/v1/auth/refresh -> 401
2026-07-21 14:06:57,898 - app.main - INFO - Shutting down CMF Platform API
2026-07-21 14:07:04,177 - app.main - INFO - Starting CMF Platform API
2026-07-21 14:07:04,197 - app.main - INFO - Database tables created (SQLite)
2026-07-21 14:08:46,647 - app.main - INFO - GET /api/v1/projects
2026-07-21 14:08:46,652 - app.main - INFO - GET /api/v1/projects -> 307
2026-07-21 14:08:46,983 - app.main - INFO - GET /api/v1/projects/
2026-07-21 14:08:46,994 - app.main - WARNING - UnauthorizedException: Not authenticated
2026-07-21 14:08:47,000 - app.main - INFO - GET /api/v1/projects/ -> 401
2026-07-21 14:08:47,033 - app.main - INFO - POST /api/v1/auth/refresh
2026-07-21 14:08:47,419 - app.main - WARNING - UnauthorizedException: Session expired or revoked
2026-07-21 14:08:47,422 - app.main - INFO - POST /api/v1/auth/refresh -> 401
2026-07-21 14:08:48,453 - app.main - INFO - GET /api/v1/projects
2026-07-21 14:08:48,462 - app.main - INFO - GET /api/v1/projects -> 307
2026-07-21 14:08:48,481 - app.main - INFO - GET /api/v1/projects/
2026-07-21 14:08:48,490 - app.main - WARNING - UnauthorizedException: Not authenticated
2026-07-21 14:08:48,495 - app.main - INFO - GET /api/v1/projects/ -> 401
2026-07-21 14:08:48,522 - app.main - INFO - POST /api/v1/auth/refresh
2026-07-21 14:08:48,550 - app.main - WARNING - UnauthorizedException: Session expired or revoked
2026-07-21 14:08:48,555 - app.main - INFO - POST /api/v1/auth/refresh -> 401
2026-07-21 14:09:36,657 - app.main - INFO - POST /api/v1/projects
2026-07-21 14:09:36,660 - app.main - INFO - POST /api/v1/projects -> 307
2026-07-21 14:09:36,675 - app.main - INFO - POST /api/v1/projects/
2026-07-21 14:09:36,680 - app.main - WARNING - UnauthorizedException: Not authenticated
2026-07-21 14:09:36,683 - app.main - INFO - POST /api/v1/projects/ -> 401
2026-07-21 14:09:36,696 - app.main - INFO - POST /api/v1/auth/refresh
2026-07-21 14:09:36,709 - app.main - WARNING - UnauthorizedException: Session expired or revoked
2026-07-21 14:09:36,711 - app.main - INFO - POST /api/v1/auth/refresh -> 401
2026-07-21 14:10:44,748 - app.main - INFO - POST /api/v1/projects
2026-07-21 14:10:44,755 - app.main - INFO - POST /api/v1/projects -> 307
2026-07-21 14:10:45,107 - app.main - INFO - POST /api/v1/projects/
2026-07-21 14:10:45,130 - app.main - WARNING - UnauthorizedException: Not authenticated
2026-07-21 14:10:45,139 - app.main - INFO - POST /api/v1/projects/ -> 401
2026-07-21 14:10:45,229 - app.main - INFO - POST /api/v1/auth/refresh
2026-07-21 14:10:45,275 - app.main - WARNING - UnauthorizedException: Session expired or revoked
2026-07-21 14:10:45,282 - app.main - INFO - POST /api/v1/auth/refresh -> 401
2026-07-21 14:28:38,449 - app.main - INFO - POST /api/v1/projects
2026-07-21 14:28:38,453 - app.main - INFO - POST /api/v1/projects -> 307
2026-07-21 14:28:38,770 - app.main - INFO - OPTIONS /api/v1/projects/
2026-07-21 14:28:38,775 - app.main - INFO - OPTIONS /api/v1/projects/ -> 200
2026-07-21 14:28:38,782 - app.main - INFO - POST /api/v1/projects/
2026-07-21 14:28:38,788 - app.main - WARNING - UnauthorizedException: Not authenticated
2026-07-21 14:28:38,792 - app.main - INFO - POST /api/v1/projects/ -> 401
2026-07-21 14:28:38,807 - app.main - INFO - POST /api/v1/auth/refresh
2026-07-21 14:28:38,826 - app.main - WARNING - UnauthorizedException: Session expired or revoked
2026-07-21 14:28:38,828 - app.main - INFO - POST /api/v1/auth/refresh -> 401
2026-07-21 14:28:44,992 - app.main - INFO - POST /api/v1/auth/logout
2026-07-21 14:28:45,067 - app.main - WARNING - Validation error: [{'type': 'missing', 'loc': ('body',), 'msg': 'Field required', 'input': None}]
2026-07-21 14:28:45,069 - app.main - INFO - POST /api/v1/auth/logout -> 422
2026-07-21 14:32:42,142 - app.main - INFO - POST /api/v1/auth/login
2026-07-21 14:32:42,930 - app.main - INFO - POST /api/v1/auth/login -> 200
2026-07-21 14:32:42,948 - app.main - INFO - GET /api/v1/auth/me
2026-07-21 14:32:42,995 - app.main - INFO - GET /api/v1/auth/me -> 200
2026-07-21 14:32:43,057 - app.main - INFO - GET /api/v1/dashboard/stats
2026-07-21 14:32:43,192 - app.main - INFO - GET /api/v1/dashboard/stats -> 200
2026-07-21 14:36:05,425 - app.main - INFO - GET /api/v1/notifications
2026-07-21 14:36:05,437 - app.main - INFO - GET /api/v1/notifications -> 307
2026-07-21 14:36:05,766 - app.main - INFO - OPTIONS /api/v1/notifications/
2026-07-21 14:36:05,773 - app.main - INFO - OPTIONS /api/v1/notifications/ -> 200
2026-07-21 14:36:05,783 - app.main - INFO - GET /api/v1/notifications/
2026-07-21 14:36:05,792 - app.main - WARNING - UnauthorizedException: Not authenticated
2026-07-21 14:36:05,798 - app.main - INFO - GET /api/v1/notifications/ -> 401
2026-07-21 14:36:05,826 - app.main - INFO - POST /api/v1/auth/refresh
2026-07-21 14:36:05,998 - app.main - INFO - POST /api/v1/auth/refresh -> 200
2026-07-21 14:36:06,058 - app.main - INFO - GET /api/v1/notifications
2026-07-21 14:36:06,062 - app.main - INFO - GET /api/v1/notifications -> 307
2026-07-21 14:36:06,078 - app.main - INFO - GET /api/v1/notifications/
2026-07-21 14:36:06,081 - app.main - WARNING - UnauthorizedException: Not authenticated
2026-07-21 14:36:06,087 - app.main - INFO - GET /api/v1/notifications/ -> 401
2026-07-21 14:36:07,114 - app.main - INFO - GET /api/v1/notifications
2026-07-21 14:36:07,125 - app.main - INFO - GET /api/v1/notifications -> 307
2026-07-21 14:36:07,143 - app.main - INFO - GET /api/v1/notifications/
2026-07-21 14:36:07,153 - app.main - WARNING - UnauthorizedException: Not authenticated
2026-07-21 14:36:07,158 - app.main - INFO - GET /api/v1/notifications/ -> 401
2026-07-21 14:36:07,188 - app.main - INFO - POST /api/v1/auth/refresh
2026-07-21 14:36:07,309 - app.main - INFO - POST /api/v1/auth/refresh -> 200
2026-07-21 14:36:07,354 - app.main - INFO - GET /api/v1/notifications
2026-07-21 14:36:07,360 - app.main - INFO - GET /api/v1/notifications -> 307
2026-07-21 14:36:07,376 - app.main - INFO - GET /api/v1/notifications/
2026-07-21 14:36:07,384 - app.main - WARNING - UnauthorizedException: Not authenticated
2026-07-21 14:36:07,388 - app.main - INFO - GET /api/v1/notifications/ -> 401
2026-07-21 15:02:30,967 - app.main - INFO - Starting CMF Platform API
2026-07-21 15:02:30,993 - app.main - INFO - Database tables created (SQLite)
2026-07-21 15:06:14,899 - app.main - INFO - Shutting down CMF Platform API
2026-07-21 15:12:27,231 - app.main - INFO - Starting CMF Platform API
2026-07-21 15:12:27,278 - app.main - INFO - Database tables created (SQLite)
2026-07-21 22:08:12,661 - app.main - INFO - Starting CMF Platform API
2026-07-21 22:08:12,676 - app.main - INFO - Database tables created (SQLite)
2026-07-21 22:08:48,241 - app.main - INFO - GET /api/v1/dashboard/stats
2026-07-21 22:08:48,261 - app.main - WARNING - UnauthorizedException: Invalid or expired token
2026-07-21 22:08:48,265 - app.main - INFO - GET /api/v1/dashboard/stats -> 401
2026-07-21 22:08:48,292 - app.main - INFO - POST /api/v1/auth/refresh
2026-07-21 22:08:48,701 - app.main - INFO - POST /api/v1/auth/refresh -> 200
2026-07-21 22:08:48,737 - app.main - INFO - GET /api/v1/dashboard/stats
2026-07-21 22:08:48,921 - app.main - INFO - GET /api/v1/dashboard/stats -> 200
2026-07-21 22:09:03,858 - app.main - INFO - GET /api/v1/projects
2026-07-21 22:09:03,865 - app.main - INFO - GET /api/v1/projects -> 307
2026-07-21 22:09:04,222 - app.main - INFO - OPTIONS /api/v1/projects/
2026-07-21 22:09:04,232 - app.main - INFO - OPTIONS /api/v1/projects/ -> 200
2026-07-21 22:09:04,249 - app.main - INFO - GET /api/v1/projects/
2026-07-21 22:09:04,257 - app.main - WARNING - UnauthorizedException: Not authenticated
2026-07-21 22:09:04,266 - app.main - INFO - GET /api/v1/projects/ -> 401
2026-07-21 22:09:04,311 - app.main - INFO - POST /api/v1/auth/refresh
2026-07-21 22:09:04,538 - app.main - INFO - POST /api/v1/auth/refresh -> 200
2026-07-21 22:09:04,598 - app.main - INFO - GET /api/v1/projects
2026-07-21 22:09:04,606 - app.main - INFO - GET /api/v1/projects -> 307
2026-07-21 22:09:04,631 - app.main - INFO - GET /api/v1/projects/
2026-07-21 22:09:04,638 - app.main - WARNING - UnauthorizedException: Not authenticated
2026-07-21 22:09:04,647 - app.main - INFO - GET /api/v1/projects/ -> 401
2026-07-21 22:09:05,701 - app.main - INFO - GET /api/v1/projects
2026-07-21 22:09:05,711 - app.main - INFO - GET /api/v1/projects -> 307
2026-07-21 22:09:05,730 - app.main - INFO - GET /api/v1/projects/
2026-07-21 22:09:05,737 - app.main - WARNING - UnauthorizedException: Not authenticated
2026-07-21 22:09:05,743 - app.main - INFO - GET /api/v1/projects/ -> 401
2026-07-21 22:09:05,775 - app.main - INFO - POST /api/v1/auth/refresh
2026-07-21 22:09:05,968 - app.main - INFO - POST /api/v1/auth/refresh -> 200
2026-07-21 22:09:06,022 - app.main - INFO - GET /api/v1/projects
2026-07-21 22:09:06,027 - app.main - INFO - GET /api/v1/projects -> 307
2026-07-21 22:09:06,033 - app.main - INFO - GET /api/v1/projects/
2026-07-21 22:09:06,036 - app.main - WARNING - UnauthorizedException: Not authenticated
2026-07-21 22:09:06,040 - app.main - INFO - GET /api/v1/projects/ -> 401
2026-07-21 22:09:12,225 - app.main - INFO - GET /api/v1/projects
2026-07-21 22:09:12,233 - app.main - INFO - GET /api/v1/projects -> 307
2026-07-21 22:09:12,314 - app.main - INFO - GET /api/v1/projects/
2026-07-21 22:09:12,323 - app.main - WARNING - UnauthorizedException: Not authenticated
2026-07-21 22:09:12,329 - app.main - INFO - GET /api/v1/projects/ -> 401
2026-07-21 22:09:12,388 - app.main - INFO - POST /api/v1/auth/refresh
2026-07-21 22:09:12,548 - app.main - INFO - POST /api/v1/auth/refresh -> 200
2026-07-21 22:09:12,587 - app.main - INFO - GET /api/v1/projects
2026-07-21 22:09:12,594 - app.main - INFO - GET /api/v1/projects -> 307
2026-07-21 22:09:12,611 - app.main - INFO - GET /api/v1/projects/
2026-07-21 22:09:12,618 - app.main - WARNING - UnauthorizedException: Not authenticated
2026-07-21 22:09:12,626 - app.main - INFO - GET /api/v1/projects/ -> 401
2026-07-21 22:09:13,675 - app.main - INFO - GET /api/v1/projects
2026-07-21 22:09:13,683 - app.main - INFO - GET /api/v1/projects -> 307
2026-07-21 22:09:13,705 - app.main - INFO - GET /api/v1/projects/
2026-07-21 22:09:13,714 - app.main - WARNING - UnauthorizedException: Not authenticated
2026-07-21 22:09:13,720 - app.main - INFO - GET /api/v1/projects/ -> 401
2026-07-21 22:09:13,750 - app.main - INFO - POST /api/v1/auth/refresh
2026-07-21 22:09:13,912 - app.main - INFO - POST /api/v1/auth/refresh -> 200
2026-07-21 22:09:13,954 - app.main - INFO - GET /api/v1/projects
2026-07-21 22:09:13,962 - app.main - INFO - GET /api/v1/projects -> 307
2026-07-21 22:09:13,978 - app.main - INFO - GET /api/v1/projects/
2026-07-21 22:09:13,985 - app.main - WARNING - UnauthorizedException: Not authenticated
2026-07-21 22:09:13,991 - app.main - INFO - GET /api/v1/projects/ -> 401
2026-07-21 22:09:20,839 - app.main - INFO - GET /api/v1/dashboard/stats
2026-07-21 22:09:21,017 - app.main - INFO - GET /api/v1/dashboard/stats -> 200
2026-07-21 22:09:25,674 - app.main - INFO - POST /api/v1/auth/logout
2026-07-21 22:09:25,757 - app.main - WARNING - Validation error: [{'type': 'missing', 'loc': ('body',), 'msg': 'Field required', 'input': None}]
2026-07-21 22:09:25,763 - app.main - INFO - POST /api/v1/auth/logout -> 422
2026-07-21 22:09:54,353 - app.main - INFO - POST /api/v1/auth/register
2026-07-21 22:09:55,095 - app.main - INFO - POST /api/v1/auth/register -> 200
2026-07-21 22:09:55,116 - app.main - INFO - POST /api/v1/auth/login
2026-07-21 22:09:55,840 - app.main - INFO - POST /api/v1/auth/login -> 200
2026-07-21 22:09:55,856 - app.main - INFO - GET /api/v1/auth/me
2026-07-21 22:09:55,897 - app.main - INFO - GET /api/v1/auth/me -> 200
2026-07-21 22:10:04,341 - app.main - INFO - GET /api/v1/projects
2026-07-21 22:10:04,344 - app.main - INFO - GET /api/v1/projects -> 307
2026-07-21 22:10:04,664 - app.main - INFO - GET /api/v1/projects/
2026-07-21 22:10:04,675 - app.main - WARNING - UnauthorizedException: Not authenticated
2026-07-21 22:10:04,681 - app.main - INFO - GET /api/v1/projects/ -> 401
2026-07-21 22:10:04,721 - app.main - INFO - POST /api/v1/auth/refresh
2026-07-21 22:10:04,877 - app.main - INFO - POST /api/v1/auth/refresh -> 200
2026-07-21 22:10:04,928 - app.main - INFO - GET /api/v1/projects
2026-07-21 22:10:04,938 - app.main - INFO - GET /api/v1/projects -> 307
2026-07-21 22:10:04,958 - app.main - INFO - GET /api/v1/projects/
2026-07-21 22:10:04,964 - app.main - WARNING - UnauthorizedException: Not authenticated
2026-07-21 22:10:04,973 - app.main - INFO - GET /api/v1/projects/ -> 401
2026-07-21 22:10:06,008 - app.main - INFO - GET /api/v1/projects
2026-07-21 22:10:06,017 - app.main - INFO - GET /api/v1/projects -> 307
2026-07-21 22:10:06,035 - app.main - INFO - GET /api/v1/projects/
2026-07-21 22:10:06,042 - app.main - WARNING - UnauthorizedException: Not authenticated
2026-07-21 22:10:06,048 - app.main - INFO - GET /api/v1/projects/ -> 401
2026-07-21 22:10:06,080 - app.main - INFO - POST /api/v1/auth/refresh
2026-07-21 22:10:06,227 - app.main - INFO - POST /api/v1/auth/refresh -> 200
2026-07-21 22:10:06,258 - app.main - INFO - GET /api/v1/projects
2026-07-21 22:10:06,264 - app.main - INFO - GET /api/v1/projects -> 307
2026-07-21 22:10:06,279 - app.main - INFO - GET /api/v1/projects/
2026-07-21 22:10:06,285 - app.main - WARNING - UnauthorizedException: Not authenticated
2026-07-21 22:10:06,289 - app.main - INFO - GET /api/v1/projects/ -> 401
2026-07-21 22:10:34,373 - app.main - INFO - GET /api/v1/parts
2026-07-21 22:10:34,379 - app.main - INFO - GET /api/v1/parts -> 307
2026-07-21 22:10:34,410 - app.main - INFO - OPTIONS /api/v1/parts/
2026-07-21 22:10:34,416 - app.main - INFO - OPTIONS /api/v1/parts/ -> 200
2026-07-21 22:10:34,426 - app.main - INFO - GET /api/v1/parts/
2026-07-21 22:10:34,432 - app.main - WARNING - UnauthorizedException: Not authenticated
2026-07-21 22:10:34,437 - app.main - INFO - GET /api/v1/parts/ -> 401
2026-07-21 22:10:34,464 - app.main - INFO - POST /api/v1/auth/refresh
2026-07-21 22:10:34,614 - app.main - INFO - POST /api/v1/auth/refresh -> 200
2026-07-21 22:10:34,657 - app.main - INFO - GET /api/v1/parts
2026-07-21 22:10:34,663 - app.main - INFO - GET /api/v1/parts -> 307
2026-07-21 22:10:34,681 - app.main - INFO - GET /api/v1/parts/
2026-07-21 22:10:34,689 - app.main - WARNING - UnauthorizedException: Not authenticated
2026-07-21 22:10:34,692 - app.main - INFO - GET /api/v1/parts/ -> 401
2026-07-21 22:10:35,728 - app.main - INFO - GET /api/v1/parts
2026-07-21 22:10:35,738 - app.main - INFO - GET /api/v1/parts -> 307
2026-07-21 22:10:35,755 - app.main - INFO - GET /api/v1/parts/
2026-07-21 22:10:35,762 - app.main - WARNING - UnauthorizedException: Not authenticated
2026-07-21 22:10:35,768 - app.main - INFO - GET /api/v1/parts/ -> 401
2026-07-21 22:10:35,795 - app.main - INFO - POST /api/v1/auth/refresh
2026-07-21 22:10:35,957 - app.main - INFO - POST /api/v1/auth/refresh -> 200
2026-07-21 22:10:35,994 - app.main - INFO - GET /api/v1/parts
2026-07-21 22:10:36,004 - app.main - INFO - GET /api/v1/parts -> 307
2026-07-21 22:10:36,024 - app.main - INFO - GET /api/v1/parts/
2026-07-21 22:10:36,035 - app.main - WARNING - UnauthorizedException: Not authenticated
2026-07-21 22:10:36,041 - app.main - INFO - GET /api/v1/parts/ -> 401
2026-07-21 22:10:36,978 - app.main - INFO - GET /api/v1/suppliers
2026-07-21 22:10:36,982 - app.main - INFO - GET /api/v1/suppliers -> 307
2026-07-21 22:10:36,999 - app.main - INFO - OPTIONS /api/v1/suppliers/
2026-07-21 22:10:37,006 - app.main - INFO - OPTIONS /api/v1/suppliers/ -> 200
2026-07-21 22:10:37,016 - app.main - INFO - GET /api/v1/suppliers/
2026-07-21 22:10:37,023 - app.main - WARNING - UnauthorizedException: Not authenticated
2026-07-21 22:10:37,026 - app.main - INFO - GET /api/v1/suppliers/ -> 401
2026-07-21 22:10:37,050 - app.main - INFO - POST /api/v1/auth/refresh
2026-07-21 22:10:37,141 - app.main - INFO - POST /api/v1/auth/refresh -> 200
2026-07-21 22:10:37,173 - app.main - INFO - GET /api/v1/suppliers
2026-07-21 22:10:37,176 - app.main - INFO - GET /api/v1/suppliers -> 307
2026-07-21 22:10:37,189 - app.main - INFO - GET /api/v1/suppliers/
2026-07-21 22:10:37,193 - app.main - WARNING - UnauthorizedException: Not authenticated
2026-07-21 22:10:37,195 - app.main - INFO - GET /api/v1/suppliers/ -> 401
2026-07-21 22:10:38,247 - app.main - INFO - GET /api/v1/suppliers
2026-07-21 22:10:38,288 - app.main - INFO - GET /api/v1/suppliers -> 307
2026-07-21 22:10:38,308 - app.main - INFO - GET /api/v1/suppliers/
2026-07-21 22:10:38,314 - app.main - WARNING - UnauthorizedException: Not authenticated
2026-07-21 22:10:38,319 - app.main - INFO - GET /api/v1/suppliers/ -> 401
2026-07-21 22:10:38,333 - app.main - INFO - POST /api/v1/auth/refresh
2026-07-21 22:10:38,399 - app.main - INFO - POST /api/v1/auth/refresh -> 200
2026-07-21 22:10:38,417 - app.main - INFO - GET /api/v1/suppliers
2026-07-21 22:10:38,421 - app.main - INFO - GET /api/v1/suppliers -> 307
2026-07-21 22:10:38,431 - app.main - INFO - GET /api/v1/suppliers/
2026-07-21 22:10:38,435 - app.main - WARNING - UnauthorizedException: Not authenticated
2026-07-21 22:10:38,438 - app.main - INFO - GET /api/v1/suppliers/ -> 401
2026-07-21 22:10:40,280 - app.main - INFO - GET /api/v1/documents
2026-07-21 22:10:40,285 - app.main - INFO - GET /api/v1/documents -> 307
2026-07-21 22:10:40,303 - app.main - INFO - OPTIONS /api/v1/documents/
2026-07-21 22:10:40,306 - app.main - INFO - OPTIONS /api/v1/documents/ -> 200
2026-07-21 22:10:40,312 - app.main - INFO - GET /api/v1/documents/
2026-07-21 22:10:40,318 - app.main - WARNING - UnauthorizedException: Not authenticated
2026-07-21 22:10:40,323 - app.main - INFO - GET /api/v1/documents/ -> 401
2026-07-21 22:10:40,336 - app.main - INFO - POST /api/v1/auth/refresh
2026-07-21 22:10:40,430 - app.main - INFO - POST /api/v1/auth/refresh -> 200
2026-07-21 22:10:40,457 - app.main - INFO - GET /api/v1/documents
2026-07-21 22:10:40,463 - app.main - INFO - GET /api/v1/documents -> 307
2026-07-21 22:10:40,473 - app.main - INFO - GET /api/v1/documents/
2026-07-21 22:10:40,479 - app.main - WARNING - UnauthorizedException: Not authenticated
2026-07-21 22:10:40,483 - app.main - INFO - GET /api/v1/documents/ -> 401
2026-07-21 22:10:41,513 - app.main - INFO - GET /api/v1/documents
2026-07-21 22:10:41,521 - app.main - INFO - GET /api/v1/documents -> 307
2026-07-21 22:10:41,538 - app.main - INFO - GET /api/v1/documents/
2026-07-21 22:10:41,547 - app.main - WARNING - UnauthorizedException: Not authenticated
2026-07-21 22:10:41,552 - app.main - INFO - GET /api/v1/documents/ -> 401
2026-07-21 22:10:41,577 - app.main - INFO - POST /api/v1/auth/refresh
2026-07-21 22:10:41,712 - app.main - INFO - POST /api/v1/auth/refresh -> 200
2026-07-21 22:10:41,744 - app.main - INFO - GET /api/v1/documents
2026-07-21 22:10:41,752 - app.main - INFO - GET /api/v1/documents -> 307
2026-07-21 22:10:41,765 - app.main - INFO - GET /api/v1/documents/
2026-07-21 22:10:41,773 - app.main - WARNING - UnauthorizedException: Not authenticated
2026-07-21 22:10:41,780 - app.main - INFO - GET /api/v1/documents/ -> 401
2026-07-21 22:10:44,191 - app.main - INFO - GET /api/v1/notifications
2026-07-21 22:10:44,199 - app.main - INFO - GET /api/v1/notifications -> 307
2026-07-21 22:10:44,212 - app.main - INFO - OPTIONS /api/v1/notifications/
2026-07-21 22:10:44,217 - app.main - INFO - OPTIONS /api/v1/notifications/ -> 200
2026-07-21 22:10:44,225 - app.main - INFO - GET /api/v1/notifications/
2026-07-21 22:10:44,233 - app.main - WARNING - UnauthorizedException: Not authenticated
2026-07-21 22:10:44,238 - app.main - INFO - GET /api/v1/notifications/ -> 401
2026-07-21 22:10:44,260 - app.main - INFO - POST /api/v1/auth/refresh
2026-07-21 22:10:44,338 - app.main - INFO - POST /api/v1/auth/refresh -> 200
2026-07-21 22:10:44,360 - app.main - INFO - GET /api/v1/notifications
2026-07-21 22:10:44,366 - app.main - INFO - GET /api/v1/notifications -> 307
2026-07-21 22:10:44,374 - app.main - INFO - GET /api/v1/notifications/
2026-07-21 22:10:44,380 - app.main - WARNING - UnauthorizedException: Not authenticated
2026-07-21 22:10:44,383 - app.main - INFO - GET /api/v1/notifications/ -> 401
2026-07-21 22:10:45,407 - app.main - INFO - GET /api/v1/notifications
2026-07-21 22:10:45,412 - app.main - INFO - GET /api/v1/notifications -> 307
2026-07-21 22:10:45,437 - app.main - INFO - GET /api/v1/notifications/
2026-07-21 22:10:45,446 - app.main - WARNING - UnauthorizedException: Not authenticated
2026-07-21 22:10:45,451 - app.main - INFO - GET /api/v1/notifications/ -> 401
2026-07-21 22:10:45,476 - app.main - INFO - POST /api/v1/auth/refresh
2026-07-21 22:10:45,585 - app.main - INFO - POST /api/v1/auth/refresh -> 200
2026-07-21 22:10:45,614 - app.main - INFO - GET /api/v1/notifications
2026-07-21 22:10:45,621 - app.main - INFO - GET /api/v1/notifications -> 307
2026-07-21 22:10:45,634 - app.main - INFO - GET /api/v1/notifications/
2026-07-21 22:10:45,642 - app.main - WARNING - UnauthorizedException: Not authenticated
2026-07-21 22:10:45,648 - app.main - INFO - GET /api/v1/notifications/ -> 401
2026-07-21 22:11:58,876 - app.main - INFO - GET /api/v1/auth/me
2026-07-21 22:11:58,935 - app.main - INFO - GET /api/v1/auth/me -> 200
2026-07-21 22:11:58,950 - app.main - INFO - GET /api/v1/auth/me
2026-07-21 22:11:59,003 - app.main - INFO - GET /api/v1/auth/me -> 200
2026-07-21 22:11:59,061 - app.main - INFO - GET /api/v1/notifications
2026-07-21 22:11:59,064 - app.main - INFO - GET /api/v1/notifications -> 307
2026-07-21 22:11:59,418 - app.main - INFO - GET /api/v1/notifications/
2026-07-21 22:11:59,425 - app.main - WARNING - UnauthorizedException: Not authenticated
2026-07-21 22:11:59,431 - app.main - INFO - GET /api/v1/notifications/ -> 401
2026-07-21 22:11:59,462 - app.main - INFO - POST /api/v1/auth/refresh
2026-07-21 22:11:59,601 - app.main - INFO - POST /api/v1/auth/refresh -> 200
2026-07-21 22:11:59,630 - app.main - INFO - GET /api/v1/notifications
2026-07-21 22:11:59,637 - app.main - INFO - GET /api/v1/notifications -> 307
2026-07-21 22:11:59,654 - app.main - INFO - GET /api/v1/notifications/
2026-07-21 22:11:59,661 - app.main - WARNING - UnauthorizedException: Not authenticated
2026-07-21 22:11:59,666 - app.main - INFO - GET /api/v1/notifications/ -> 401
2026-07-21 22:12:00,699 - app.main - INFO - GET /api/v1/notifications
2026-07-21 22:12:00,707 - app.main - INFO - GET /api/v1/notifications -> 307
2026-07-21 22:12:00,723 - app.main - INFO - GET /api/v1/notifications/
2026-07-21 22:12:00,730 - app.main - WARNING - UnauthorizedException: Not authenticated
2026-07-21 22:12:00,735 - app.main - INFO - GET /api/v1/notifications/ -> 401
2026-07-21 22:12:00,761 - app.main - INFO - POST /api/v1/auth/refresh
2026-07-21 22:12:00,886 - app.main - INFO - POST /api/v1/auth/refresh -> 200
2026-07-21 22:12:00,908 - app.main - INFO - GET /api/v1/notifications
2026-07-21 22:12:00,914 - app.main - INFO - GET /api/v1/notifications -> 307
2026-07-21 22:12:00,923 - app.main - INFO - GET /api/v1/notifications/
2026-07-21 22:12:00,929 - app.main - WARNING - UnauthorizedException: Not authenticated
2026-07-21 22:12:00,932 - app.main - INFO - GET /api/v1/notifications/ -> 401
2026-07-21 22:14:39,948 - app.main - INFO - Shutting down CMF Platform API
2026-07-21 22:14:44,616 - app.main - INFO - Starting CMF Platform API
2026-07-21 22:14:44,627 - app.main - INFO - Database tables created (SQLite)
2026-07-21 22:16:03,113 - app.main - INFO - GET /api/v1/auth/me
2026-07-21 22:16:03,352 - app.main - INFO - GET /api/v1/auth/me -> 200
2026-07-21 22:16:03,365 - app.main - INFO - GET /api/v1/auth/me
2026-07-21 22:16:03,413 - app.main - INFO - GET /api/v1/auth/me -> 200
2026-07-21 22:16:03,662 - app.main - INFO - GET /api/v1/dashboard/stats
2026-07-21 22:16:03,790 - app.main - INFO - GET /api/v1/dashboard/stats -> 200
2026-07-21 22:16:06,875 - app.main - INFO - GET /api/v1/projects
2026-07-21 22:16:06,878 - app.main - INFO - GET /api/v1/projects -> 307
2026-07-21 22:16:07,201 - app.main - INFO - GET /api/v1/projects/
2026-07-21 22:16:07,208 - app.main - WARNING - UnauthorizedException: Not authenticated
2026-07-21 22:16:07,213 - app.main - INFO - GET /api/v1/projects/ -> 401
2026-07-21 22:16:07,242 - app.main - INFO - POST /api/v1/auth/refresh
2026-07-21 22:16:07,428 - app.main - INFO - POST /api/v1/auth/refresh -> 200
2026-07-21 22:16:07,463 - app.main - INFO - GET /api/v1/projects
2026-07-21 22:16:07,472 - app.main - INFO - GET /api/v1/projects -> 307
2026-07-21 22:16:07,488 - app.main - INFO - GET /api/v1/projects/
2026-07-21 22:16:07,496 - app.main - WARNING - UnauthorizedException: Not authenticated
2026-07-21 22:16:07,502 - app.main - INFO - GET /api/v1/projects/ -> 401
2026-07-21 22:16:08,541 - app.main - INFO - GET /api/v1/projects
2026-07-21 22:16:08,549 - app.main - INFO - GET /api/v1/projects -> 307
2026-07-21 22:16:08,568 - app.main - INFO - GET /api/v1/projects/
2026-07-21 22:16:08,579 - app.main - WARNING - UnauthorizedException: Not authenticated
2026-07-21 22:16:08,585 - app.main - INFO - GET /api/v1/projects/ -> 401
2026-07-21 22:16:08,621 - app.main - INFO - POST /api/v1/auth/refresh
2026-07-21 22:16:08,792 - app.main - INFO - POST /api/v1/auth/refresh -> 200
2026-07-21 22:16:08,834 - app.main - INFO - GET /api/v1/projects
2026-07-21 22:16:08,841 - app.main - INFO - GET /api/v1/projects -> 307
2026-07-21 22:16:08,858 - app.main - INFO - GET /api/v1/projects/
2026-07-21 22:16:08,864 - app.main - WARNING - UnauthorizedException: Not authenticated
2026-07-21 22:16:08,870 - app.main - INFO - GET /api/v1/projects/ -> 401
2026-07-21 22:16:12,048 - app.main - INFO - GET /api/v1/projects
2026-07-21 22:16:12,056 - app.main - INFO - GET /api/v1/projects -> 307
2026-07-21 22:16:12,124 - app.main - INFO - GET /api/v1/projects/
2026-07-21 22:16:12,136 - app.main - WARNING - UnauthorizedException: Not authenticated
2026-07-21 22:16:12,143 - app.main - INFO - GET /api/v1/projects/ -> 401
2026-07-21 22:16:12,179 - app.main - INFO - POST /api/v1/auth/refresh
2026-07-21 22:16:12,322 - app.main - INFO - POST /api/v1/auth/refresh -> 200
2026-07-21 22:16:12,361 - app.main - INFO - GET /api/v1/projects
2026-07-21 22:16:12,367 - app.main - INFO - GET /api/v1/projects -> 307
2026-07-21 22:16:12,383 - app.main - INFO - GET /api/v1/projects/
2026-07-21 22:16:12,389 - app.main - WARNING - UnauthorizedException: Not authenticated
2026-07-21 22:16:12,393 - app.main - INFO - GET /api/v1/projects/ -> 401
2026-07-21 22:16:13,442 - app.main - INFO - GET /api/v1/projects
2026-07-21 22:16:13,450 - app.main - INFO - GET /api/v1/projects -> 307
2026-07-21 22:16:13,468 - app.main - INFO - GET /api/v1/projects/
2026-07-21 22:16:13,476 - app.main - WARNING - UnauthorizedException: Not authenticated
2026-07-21 22:16:13,483 - app.main - INFO - GET /api/v1/projects/ -> 401
2026-07-21 22:16:13,510 - app.main - INFO - POST /api/v1/auth/refresh
2026-07-21 22:16:13,673 - app.main - INFO - POST /api/v1/auth/refresh -> 200
2026-07-21 22:16:13,964 - app.main - INFO - GET /api/v1/projects
2026-07-21 22:16:13,976 - app.main - INFO - GET /api/v1/projects -> 307
2026-07-21 22:16:13,992 - app.main - INFO - GET /api/v1/projects/
2026-07-21 22:16:14,000 - app.main - WARNING - UnauthorizedException: Not authenticated
2026-07-21 22:16:14,005 - app.main - INFO - GET /api/v1/projects/ -> 401
2026-07-21 22:16:15,070 - app.main - INFO - POST /api/v1/auth/logout
2026-07-21 22:16:15,147 - app.main - WARNING - Validation error: [{'type': 'missing', 'loc': ('body',), 'msg': 'Field required', 'input': None}]
2026-07-21 22:16:15,152 - app.main - INFO - POST /api/v1/auth/logout -> 422
2026-07-21 22:16:30,916 - app.main - INFO - POST /api/v1/auth/login
2026-07-21 22:16:31,699 - app.main - INFO - POST /api/v1/auth/login -> 200
2026-07-21 22:16:31,716 - app.main - INFO - GET /api/v1/auth/me
2026-07-21 22:16:31,763 - app.main - INFO - GET /api/v1/auth/me -> 200
2026-07-21 22:16:34,407 - app.main - INFO - GET /api/v1/projects
2026-07-21 22:16:34,413 - app.main - INFO - GET /api/v1/projects -> 307
2026-07-21 22:16:34,434 - app.main - INFO - GET /api/v1/projects/
2026-07-21 22:16:34,443 - app.main - WARNING - UnauthorizedException: Not authenticated
2026-07-21 22:16:34,448 - app.main - INFO - GET /api/v1/projects/ -> 401
2026-07-21 22:16:34,478 - app.main - INFO - POST /api/v1/auth/refresh
2026-07-21 22:16:34,609 - app.main - INFO - POST /api/v1/auth/refresh -> 200
2026-07-21 22:16:34,648 - app.main - INFO - GET /api/v1/projects
2026-07-21 22:16:34,656 - app.main - INFO - GET /api/v1/projects -> 307
2026-07-21 22:16:34,671 - app.main - INFO - GET /api/v1/projects/
2026-07-21 22:16:34,677 - app.main - WARNING - UnauthorizedException: Not authenticated
2026-07-21 22:16:34,681 - app.main - INFO - GET /api/v1/projects/ -> 401
2026-07-21 22:16:35,729 - app.main - INFO - GET /api/v1/projects
2026-07-21 22:16:35,741 - app.main - INFO - GET /api/v1/projects -> 307
2026-07-21 22:16:35,777 - app.main - INFO - GET /api/v1/projects/
2026-07-21 22:16:35,796 - app.main - WARNING - UnauthorizedException: Not authenticated
2026-07-21 22:16:35,804 - app.main - INFO - GET /api/v1/projects/ -> 401
2026-07-21 22:16:35,838 - app.main - INFO - POST /api/v1/auth/refresh
2026-07-21 22:16:35,905 - app.main - INFO - POST /api/v1/auth/refresh -> 200
2026-07-21 22:16:35,922 - app.main - INFO - GET /api/v1/projects
2026-07-21 22:16:35,925 - app.main - INFO - GET /api/v1/projects -> 307
2026-07-21 22:16:35,933 - app.main - INFO - GET /api/v1/projects/
2026-07-21 22:16:35,938 - app.main - WARNING - UnauthorizedException: Not authenticated
2026-07-21 22:16:35,941 - app.main - INFO - GET /api/v1/projects/ -> 401
2026-07-21 22:17:21,963 - app.main - INFO - GET /api/v1/auth/me/
2026-07-21 22:17:21,972 - app.main - INFO - GET /api/v1/auth/me/ -> 307
2026-07-21 22:17:21,986 - app.main - INFO - GET /api/v1/auth/me/
2026-07-21 22:17:21,992 - app.main - INFO - GET /api/v1/auth/me/ -> 307
2026-07-21 22:17:22,309 - app.main - INFO - OPTIONS /api/v1/auth/me
2026-07-21 22:17:22,314 - app.main - INFO - OPTIONS /api/v1/auth/me
2026-07-21 22:17:22,318 - app.main - INFO - OPTIONS /api/v1/auth/me -> 200
2026-07-21 22:17:22,323 - app.main - INFO - OPTIONS /api/v1/auth/me -> 200
2026-07-21 22:17:22,330 - app.main - INFO - GET /api/v1/auth/me
2026-07-21 22:17:22,334 - app.main - WARNING - UnauthorizedException: Not authenticated
2026-07-21 22:17:22,340 - app.main - INFO - GET /api/v1/auth/me -> 401
2026-07-21 22:17:22,348 - app.main - INFO - GET /api/v1/auth/me
2026-07-21 22:17:22,355 - app.main - WARNING - UnauthorizedException: Not authenticated
2026-07-21 22:17:22,359 - app.main - INFO - GET /api/v1/auth/me -> 401
2026-07-21 22:17:22,367 - app.main - INFO - POST /api/v1/auth/refresh
2026-07-21 22:17:22,479 - app.main - INFO - POST /api/v1/auth/refresh -> 200
2026-07-21 22:17:22,510 - app.main - INFO - GET /api/v1/auth/me/
2026-07-21 22:17:22,515 - app.main - INFO - GET /api/v1/auth/me/ -> 307
2026-07-21 22:17:22,528 - app.main - INFO - GET /api/v1/auth/me
2026-07-21 22:17:22,533 - app.main - WARNING - UnauthorizedException: Not authenticated
2026-07-21 22:17:22,539 - app.main - INFO - GET /api/v1/auth/me -> 401
2026-07-21 22:17:22,543 - app.main - INFO - GET /api/v1/auth/me/
2026-07-21 22:17:22,554 - app.main - INFO - GET /api/v1/auth/me/ -> 307
2026-07-21 22:17:22,618 - app.main - INFO - GET /api/v1/auth/me
2026-07-21 22:17:22,624 - app.main - WARNING - UnauthorizedException: Not authenticated
2026-07-21 22:17:22,629 - app.main - INFO - GET /api/v1/auth/me -> 401
2026-07-21 22:19:23,854 - app.main - INFO - Shutting down CMF Platform API
2026-07-21 22:19:28,951 - app.main - INFO - Starting CMF Platform API
2026-07-21 22:19:28,961 - app.main - INFO - Database tables created (SQLite)
2026-07-21 22:19:45,150 - app.main - INFO - POST /api/v1/auth/login/
2026-07-21 22:19:45,153 - app.main - INFO - POST /api/v1/auth/login/ -> 307
2026-07-21 22:19:45,473 - app.main - INFO - OPTIONS /api/v1/auth/login
2026-07-21 22:19:45,478 - app.main - INFO - OPTIONS /api/v1/auth/login -> 200
2026-07-21 22:19:45,488 - app.main - INFO - POST /api/v1/auth/login
2026-07-21 22:19:46,580 - app.main - INFO - POST /api/v1/auth/login -> 200
2026-07-21 22:19:46,603 - app.main - INFO - GET /api/v1/auth/me/
2026-07-21 22:19:46,607 - app.main - INFO - GET /api/v1/auth/me/ -> 307
2026-07-21 22:19:46,617 - app.main - INFO - GET /api/v1/auth/me
2026-07-21 22:19:46,621 - app.main - WARNING - UnauthorizedException: Not authenticated
2026-07-21 22:19:46,624 - app.main - INFO - GET /api/v1/auth/me -> 401
2026-07-21 22:19:46,642 - app.main - INFO - POST /api/v1/auth/refresh
2026-07-21 22:19:46,732 - app.main - ERROR - Unhandled exception: (sqlite3.IntegrityError) UNIQUE constraint failed: sessions.refresh_token
[SQL: INSERT INTO sessions (id, refresh_token, expires_at, is_revoked, revoked_at, ip_address, user_agent, user_id) VALUES (?, ?, ?, ?, ?, ?, ?, ?) RETURNING created_at, updated_at]
[parameters: ('34c3eef57b5a4f90a6afecbae924092c', 'eyJhbGciOiJIUzI1NiIsInR5cCI6IkpXVCJ9.eyJzdWIiOiJkMWIyYmIxNC1jZjQ5LTQzNzctOTQ2ZS1mOWNmZGI1NTQ4OTYiLCJyb2xlIjoidmlld2VyIiwiZXhwIjoxNzg1MjczNTg2LCJpYXQiOjE3ODQ2Njg3ODYsInR5cGUiOiJyZWZyZXNoIn0.ARRwuPQ89YIzTkukQBFslaSDJ0QFmn7e4nGCjcQrrOs', '2026-07-28 21:19:46.713776', 0, None, None, None, 'd1b2bb14cf494377946ef9cfdb554896')]
(Background on this error at: https://sqlalche.me/e/20/gkpj)
Traceback (most recent call last):
  File "C:\Users\hp\Downloads\pfa-anwar\cmf-platform\backend\venv\Lib\site-packages\sqlalchemy\engine\base.py", line 1969, in _exec_single_context
    self.dialect.do_execute(
  File "C:\Users\hp\Downloads\pfa-anwar\cmf-platform\backend\venv\Lib\site-packages\sqlalchemy\engine\default.py", line 952, in do_execute
    cursor.execute(statement, parameters)
  File "C:\Users\hp\Downloads\pfa-anwar\cmf-platform\backend\venv\Lib\site-packages\sqlalchemy\dialects\sqlite\aiosqlite.py", line 183, in execute
    self._adapt_connection._handle_exception(error)
  File "C:\Users\hp\Downloads\pfa-anwar\cmf-platform\backend\venv\Lib\site-packages\sqlalchemy\dialects\sqlite\aiosqlite.py", line 343, in _handle_exception
    raise error
  File "C:\Users\hp\Downloads\pfa-anwar\cmf-platform\backend\venv\Lib\site-packages\sqlalchemy\dialects\sqlite\aiosqlite.py", line 165, in execute
    self.await_(_cursor.execute(operation, parameters))
  File "C:\Users\hp\Downloads\pfa-anwar\cmf-platform\backend\venv\Lib\site-packages\sqlalchemy\util\_concurrency_py3k.py", line 132, in await_only
    return current.parent.switch(awaitable)  # type: ignore[no-any-return,attr-defined] # noqa: E501
           ^^^^^^^^^^^^^^^^^^^^^^^^^^^^^^^^
  File "C:\Users\hp\Downloads\pfa-anwar\cmf-platform\backend\venv\Lib\site-packages\sqlalchemy\util\_concurrency_py3k.py", line 196, in greenlet_spawn
    value = await result
            ^^^^^^^^^^^^
  File "C:\Users\hp\Downloads\pfa-anwar\cmf-platform\backend\venv\Lib\site-packages\aiosqlite\cursor.py", line 40, in execute
    await self._execute(self._cursor.execute, sql, parameters)
  File "C:\Users\hp\Downloads\pfa-anwar\cmf-platform\backend\venv\Lib\site-packages\aiosqlite\cursor.py", line 32, in _execute
    return await self._conn._execute(fn, *args, **kwargs)
           ^^^^^^^^^^^^^^^^^^^^^^^^^^^^^^^^^^^^^^^^^^^^^^
  File "C:\Users\hp\Downloads\pfa-anwar\cmf-platform\backend\venv\Lib\site-packages\aiosqlite\core.py", line 160, in _execute
    return await future
           ^^^^^^^^^^^^
  File "C:\Users\hp\Downloads\pfa-anwar\cmf-platform\backend\venv\Lib\site-packages\aiosqlite\core.py", line 63, in _connection_worker_thread
    result = function()
             ^^^^^^^^^^
sqlite3.IntegrityError: UNIQUE constraint failed: sessions.refresh_token

The above exception was the direct cause of the following exception:

Traceback (most recent call last):
  File "C:\Users\hp\Downloads\pfa-anwar\cmf-platform\backend\venv\Lib\site-packages\starlette\middleware\errors.py", line 165, in __call__
    await self.app(scope, receive, _send)
  File "C:\Users\hp\Downloads\pfa-anwar\cmf-platform\backend\venv\Lib\site-packages\starlette\middleware\base.py", line 185, in __call__
    with collapse_excgroups():
  File "C:\Users\hp\AppData\Local\Programs\Python\Python311\Lib\contextlib.py", line 155, in __exit__
    self.gen.throw(typ, value, traceback)
  File "C:\Users\hp\Downloads\pfa-anwar\cmf-platform\backend\venv\Lib\site-packages\starlette\_utils.py", line 83, in collapse_excgroups
    raise exc
  File "C:\Users\hp\Downloads\pfa-anwar\cmf-platform\backend\venv\Lib\site-packages\starlette\middleware\base.py", line 187, in __call__
    response = await self.dispatch_func(request, call_next)
               ^^^^^^^^^^^^^^^^^^^^^^^^^^^^^^^^^^^^^^^^^^^^
  File "C:\Users\hp\Downloads\pfa-anwar\cmf-platform\backend\app\main.py", line 123, in rate_limit_middleware
    response = await call_next(request)
               ^^^^^^^^^^^^^^^^^^^^^^^^
  File "C:\Users\hp\Downloads\pfa-anwar\cmf-platform\backend\venv\Lib\site-packages\starlette\middleware\base.py", line 163, in call_next
    raise app_exc
  File "C:\Users\hp\Downloads\pfa-anwar\cmf-platform\backend\venv\Lib\site-packages\starlette\middleware\base.py", line 149, in coro
    await self.app(scope, receive_or_disconnect, send_no_error)
  File "C:\Users\hp\Downloads\pfa-anwar\cmf-platform\backend\venv\Lib\site-packages\starlette\middleware\base.py", line 185, in __call__
    with collapse_excgroups():
  File "C:\Users\hp\AppData\Local\Programs\Python\Python311\Lib\contextlib.py", line 155, in __exit__
    self.gen.throw(typ, value, traceback)
  File "C:\Users\hp\Downloads\pfa-anwar\cmf-platform\backend\venv\Lib\site-packages\starlette\_utils.py", line 83, in collapse_excgroups
    raise exc
  File "C:\Users\hp\Downloads\pfa-anwar\cmf-platform\backend\venv\Lib\site-packages\starlette\middleware\base.py", line 187, in __call__
    response = await self.dispatch_func(request, call_next)
               ^^^^^^^^^^^^^^^^^^^^^^^^^^^^^^^^^^^^^^^^^^^^
  File "C:\Users\hp\Downloads\pfa-anwar\cmf-platform\backend\app\main.py", line 98, in logging_middleware
    response = await call_next(request)
               ^^^^^^^^^^^^^^^^^^^^^^^^
  File "C:\Users\hp\Downloads\pfa-anwar\cmf-platform\backend\venv\Lib\site-packages\starlette\middleware\base.py", line 163, in call_next
    raise app_exc
  File "C:\Users\hp\Downloads\pfa-anwar\cmf-platform\backend\venv\Lib\site-packages\starlette\middleware\base.py", line 149, in coro
    await self.app(scope, receive_or_disconnect, send_no_error)
  File "C:\Users\hp\Downloads\pfa-anwar\cmf-platform\backend\venv\Lib\site-packages\starlette\middleware\base.py", line 185, in __call__
    with collapse_excgroups():
  File "C:\Users\hp\AppData\Local\Programs\Python\Python311\Lib\contextlib.py", line 155, in __exit__
    self.gen.throw(typ, value, traceback)
  File "C:\Users\hp\Downloads\pfa-anwar\cmf-platform\backend\venv\Lib\site-packages\starlette\_utils.py", line 83, in collapse_excgroups
    raise exc
  File "C:\Users\hp\Downloads\pfa-anwar\cmf-platform\backend\venv\Lib\site-packages\starlette\middleware\base.py", line 187, in __call__
    response = await self.dispatch_func(request, call_next)
               ^^^^^^^^^^^^^^^^^^^^^^^^^^^^^^^^^^^^^^^^^^^^
  File "C:\Users\hp\Downloads\pfa-anwar\cmf-platform\backend\app\main.py", line 87, in request_id_middleware
    response = await call_next(request)
               ^^^^^^^^^^^^^^^^^^^^^^^^
  File "C:\Users\hp\Downloads\pfa-anwar\cmf-platform\backend\venv\Lib\site-packages\starlette\middleware\base.py", line 163, in call_next
    raise app_exc
  File "C:\Users\hp\Downloads\pfa-anwar\cmf-platform\backend\venv\Lib\site-packages\starlette\middleware\base.py", line 149, in coro
    await self.app(scope, receive_or_disconnect, send_no_error)
  File "C:\Users\hp\Downloads\pfa-anwar\cmf-platform\backend\venv\Lib\site-packages\starlette\middleware\cors.py", line 93, in __call__
    await self.simple_response(scope, receive, send, request_headers=headers)
  File "C:\Users\hp\Downloads\pfa-anwar\cmf-platform\backend\venv\Lib\site-packages\starlette\middleware\cors.py", line 144, in simple_response
    await self.app(scope, receive, send)
  File "C:\Users\hp\Downloads\pfa-anwar\cmf-platform\backend\venv\Lib\site-packages\starlette\middleware\exceptions.py", line 62, in __call__
    await wrap_app_handling_exceptions(self.app, conn)(scope, receive, send)
  File "C:\Users\hp\Downloads\pfa-anwar\cmf-platform\backend\venv\Lib\site-packages\starlette\_exception_handler.py", line 62, in wrapped_app
    raise exc
  File "C:\Users\hp\Downloads\pfa-anwar\cmf-platform\backend\venv\Lib\site-packages\starlette\_exception_handler.py", line 51, in wrapped_app
    await app(scope, receive, sender)
  File "C:\Users\hp\Downloads\pfa-anwar\cmf-platform\backend\venv\Lib\site-packages\starlette\routing.py", line 715, in __call__
    await self.middleware_stack(scope, receive, send)
  File "C:\Users\hp\Downloads\pfa-anwar\cmf-platform\backend\venv\Lib\site-packages\starlette\routing.py", line 735, in app
    await route.handle(scope, receive, send)
  File "C:\Users\hp\Downloads\pfa-anwar\cmf-platform\backend\venv\Lib\site-packages\starlette\routing.py", line 288, in handle
    await self.app(scope, receive, send)
  File "C:\Users\hp\Downloads\pfa-anwar\cmf-platform\backend\venv\Lib\site-packages\starlette\routing.py", line 76, in app
    await wrap_app_handling_exceptions(app, request)(scope, receive, send)
  File "C:\Users\hp\Downloads\pfa-anwar\cmf-platform\backend\venv\Lib\site-packages\starlette\_exception_handler.py", line 62, in wrapped_app
    raise exc
  File "C:\Users\hp\Downloads\pfa-anwar\cmf-platform\backend\venv\Lib\site-packages\starlette\_exception_handler.py", line 51, in wrapped_app
    await app(scope, receive, sender)
  File "C:\Users\hp\Downloads\pfa-anwar\cmf-platform\backend\venv\Lib\site-packages\starlette\routing.py", line 73, in app
    response = await f(request)
               ^^^^^^^^^^^^^^^^
  File "C:\Users\hp\AppData\Local\Programs\Python\Python311\Lib\contextlib.py", line 222, in __aexit__
    await self.gen.athrow(typ, value, traceback)
  File "C:\Users\hp\Downloads\pfa-anwar\cmf-platform\backend\app\api\deps.py", line 42, in get_db
    yield session
  File "C:\Users\hp\Downloads\pfa-anwar\cmf-platform\backend\venv\Lib\site-packages\fastapi\routing.py", line 301, in app
    raw_response = await run_endpoint_function(
                   ^^^^^^^^^^^^^^^^^^^^^^^^^^^^
  File "C:\Users\hp\Downloads\pfa-anwar\cmf-platform\backend\venv\Lib\site-packages\fastapi\routing.py", line 212, in run_endpoint_function
    return await dependant.call(**values)
           ^^^^^^^^^^^^^^^^^^^^^^^^^^^^^^
  File "C:\Users\hp\Downloads\pfa-anwar\cmf-platform\backend\app\api\v1\endpoints\auth.py", line 74, in refresh
    return await auth_service.refresh(data.refresh_token)
           ^^^^^^^^^^^^^^^^^^^^^^^^^^^^^^^^^^^^^^^^^^^^^^
  File "C:\Users\hp\Downloads\pfa-anwar\cmf-platform\backend\app\application\services\auth_service.py", line 152, in refresh
    await self._uow.commit()
  File "C:\Users\hp\Downloads\pfa-anwar\cmf-platform\backend\app\infrastructure\persistence\unit_of_work.py", line 110, in commit
    await self._session.commit()
  File "C:\Users\hp\Downloads\pfa-anwar\cmf-platform\backend\venv\Lib\site-packages\sqlalchemy\ext\asyncio\session.py", line 999, in commit
    await greenlet_spawn(self.sync_session.commit)
  File "C:\Users\hp\Downloads\pfa-anwar\cmf-platform\backend\venv\Lib\site-packages\sqlalchemy\util\_concurrency_py3k.py", line 203, in greenlet_spawn
    result = context.switch(value)
             ^^^^^^^^^^^^^^^^^^^^^
  File "C:\Users\hp\Downloads\pfa-anwar\cmf-platform\backend\venv\Lib\site-packages\sqlalchemy\orm\session.py", line 2035, in commit
    trans.commit(_to_root=True)
  File "<string>", line 2, in commit
  File "C:\Users\hp\Downloads\pfa-anwar\cmf-platform\backend\venv\Lib\site-packages\sqlalchemy\orm\state_changes.py", line 137, in _go
    ret_value = fn(self, *arg, **kw)
                ^^^^^^^^^^^^^^^^^^^^
  File "C:\Users\hp\Downloads\pfa-anwar\cmf-platform\backend\venv\Lib\site-packages\sqlalchemy\orm\session.py", line 1316, in commit
    self._prepare_impl()
  File "<string>", line 2, in _prepare_impl
  File "C:\Users\hp\Downloads\pfa-anwar\cmf-platform\backend\venv\Lib\site-packages\sqlalchemy\orm\state_changes.py", line 137, in _go
    ret_value = fn(self, *arg, **kw)
                ^^^^^^^^^^^^^^^^^^^^
  File "C:\Users\hp\Downloads\pfa-anwar\cmf-platform\backend\venv\Lib\site-packages\sqlalchemy\orm\session.py", line 1290, in _prepare_impl
    self.session.flush()
  File "C:\Users\hp\Downloads\pfa-anwar\cmf-platform\backend\venv\Lib\site-packages\sqlalchemy\orm\session.py", line 4353, in flush
    self._flush(objects)
  File "C:\Users\hp\Downloads\pfa-anwar\cmf-platform\backend\venv\Lib\site-packages\sqlalchemy\orm\session.py", line 4488, in _flush
    with util.safe_reraise():
  File "C:\Users\hp\Downloads\pfa-anwar\cmf-platform\backend\venv\Lib\site-packages\sqlalchemy\util\langhelpers.py", line 122, in __exit__
    raise exc_value.with_traceback(exc_tb)
  File "C:\Users\hp\Downloads\pfa-anwar\cmf-platform\backend\venv\Lib\site-packages\sqlalchemy\orm\session.py", line 4449, in _flush
    flush_context.execute()
  File "C:\Users\hp\Downloads\pfa-anwar\cmf-platform\backend\venv\Lib\site-packages\sqlalchemy\orm\unitofwork.py", line 465, in execute
    rec.execute(self)
  File "C:\Users\hp\Downloads\pfa-anwar\cmf-platform\backend\venv\Lib\site-packages\sqlalchemy\orm\unitofwork.py", line 641, in execute
    util.preloaded.orm_persistence.save_obj(
  File "C:\Users\hp\Downloads\pfa-anwar\cmf-platform\backend\venv\Lib\site-packages\sqlalchemy\orm\persistence.py", line 94, in save_obj
    _emit_insert_statements(
  File "C:\Users\hp\Downloads\pfa-anwar\cmf-platform\backend\venv\Lib\site-packages\sqlalchemy\orm\persistence.py", line 1234, in _emit_insert_statements
    result = connection.execute(
             ^^^^^^^^^^^^^^^^^^^
  File "C:\Users\hp\Downloads\pfa-anwar\cmf-platform\backend\venv\Lib\site-packages\sqlalchemy\engine\base.py", line 1421, in execute
    return meth(
           ^^^^^
  File "C:\Users\hp\Downloads\pfa-anwar\cmf-platform\backend\venv\Lib\site-packages\sqlalchemy\sql\elements.py", line 526, in _execute_on_connection
    return connection._execute_clauseelement(
           ^^^^^^^^^^^^^^^^^^^^^^^^^^^^^^^^^^
  File "C:\Users\hp\Downloads\pfa-anwar\cmf-platform\backend\venv\Lib\site-packages\sqlalchemy\engine\base.py", line 1643, in _execute_clauseelement
    ret = self._execute_context(
          ^^^^^^^^^^^^^^^^^^^^^^
  File "C:\Users\hp\Downloads\pfa-anwar\cmf-platform\backend\venv\Lib\site-packages\sqlalchemy\engine\base.py", line 1848, in _execute_context
    return self._exec_single_context(
           ^^^^^^^^^^^^^^^^^^^^^^^^^^
  File "C:\Users\hp\Downloads\pfa-anwar\cmf-platform\backend\venv\Lib\site-packages\sqlalchemy\engine\base.py", line 1988, in _exec_single_context
    self._handle_dbapi_exception(
  File "C:\Users\hp\Downloads\pfa-anwar\cmf-platform\backend\venv\Lib\site-packages\sqlalchemy\engine\base.py", line 2365, in _handle_dbapi_exception
    raise sqlalchemy_exception.with_traceback(exc_info[2]) from e
  File "C:\Users\hp\Downloads\pfa-anwar\cmf-platform\backend\venv\Lib\site-packages\sqlalchemy\engine\base.py", line 1969, in _exec_single_context
    self.dialect.do_execute(
  File "C:\Users\hp\Downloads\pfa-anwar\cmf-platform\backend\venv\Lib\site-packages\sqlalchemy\engine\default.py", line 952, in do_execute
    cursor.execute(statement, parameters)
  File "C:\Users\hp\Downloads\pfa-anwar\cmf-platform\backend\venv\Lib\site-packages\sqlalchemy\dialects\sqlite\aiosqlite.py", line 183, in execute
    self._adapt_connection._handle_exception(error)
  File "C:\Users\hp\Downloads\pfa-anwar\cmf-platform\backend\venv\Lib\site-packages\sqlalchemy\dialects\sqlite\aiosqlite.py", line 343, in _handle_exception
    raise error
  File "C:\Users\hp\Downloads\pfa-anwar\cmf-platform\backend\venv\Lib\site-packages\sqlalchemy\dialects\sqlite\aiosqlite.py", line 165, in execute
    self.await_(_cursor.execute(operation, parameters))
  File "C:\Users\hp\Downloads\pfa-anwar\cmf-platform\backend\venv\Lib\site-packages\sqlalchemy\util\_concurrency_py3k.py", line 132, in await_only
    return current.parent.switch(awaitable)  # type: ignore[no-any-return,attr-defined] # noqa: E501
           ^^^^^^^^^^^^^^^^^^^^^^^^^^^^^^^^
  File "C:\Users\hp\Downloads\pfa-anwar\cmf-platform\backend\venv\Lib\site-packages\sqlalchemy\util\_concurrency_py3k.py", line 196, in greenlet_spawn
    value = await result
            ^^^^^^^^^^^^
  File "C:\Users\hp\Downloads\pfa-anwar\cmf-platform\backend\venv\Lib\site-packages\aiosqlite\cursor.py", line 40, in execute
    await self._execute(self._cursor.execute, sql, parameters)
  File "C:\Users\hp\Downloads\pfa-anwar\cmf-platform\backend\venv\Lib\site-packages\aiosqlite\cursor.py", line 32, in _execute
    return await self._conn._execute(fn, *args, **kwargs)
           ^^^^^^^^^^^^^^^^^^^^^^^^^^^^^^^^^^^^^^^^^^^^^^
  File "C:\Users\hp\Downloads\pfa-anwar\cmf-platform\backend\venv\Lib\site-packages\aiosqlite\core.py", line 160, in _execute
    return await future
           ^^^^^^^^^^^^
  File "C:\Users\hp\Downloads\pfa-anwar\cmf-platform\backend\venv\Lib\site-packages\aiosqlite\core.py", line 63, in _connection_worker_thread
    result = function()
             ^^^^^^^^^^
sqlalchemy.exc.IntegrityError: (sqlite3.IntegrityError) UNIQUE constraint failed: sessions.refresh_token
[SQL: INSERT INTO sessions (id, refresh_token, expires_at, is_revoked, revoked_at, ip_address, user_agent, user_id) VALUES (?, ?, ?, ?, ?, ?, ?, ?) RETURNING created_at, updated_at]
[parameters: ('34c3eef57b5a4f90a6afecbae924092c', 'eyJhbGciOiJIUzI1NiIsInR5cCI6IkpXVCJ9.eyJzdWIiOiJkMWIyYmIxNC1jZjQ5LTQzNzctOTQ2ZS1mOWNmZGI1NTQ4OTYiLCJyb2xlIjoidmlld2VyIiwiZXhwIjoxNzg1MjczNTg2LCJpYXQiOjE3ODQ2Njg3ODYsInR5cGUiOiJyZWZyZXNoIn0.ARRwuPQ89YIzTkukQBFslaSDJ0QFmn7e4nGCjcQrrOs', '2026-07-28 21:19:46.713776', 0, None, None, None, 'd1b2bb14cf494377946ef9cfdb554896')]
(Background on this error at: https://sqlalche.me/e/20/gkpj)
2026-07-21 22:19:58,915 - app.main - INFO - POST /api/v1/auth/login/
2026-07-21 22:19:58,918 - app.main - INFO - POST /api/v1/auth/login/ -> 307
2026-07-21 22:19:58,926 - app.main - INFO - POST /api/v1/auth/login
2026-07-21 22:19:59,788 - app.main - INFO - POST /api/v1/auth/login -> 200
2026-07-21 22:19:59,807 - app.main - INFO - GET /api/v1/auth/me/
2026-07-21 22:19:59,809 - app.main - INFO - GET /api/v1/auth/me/ -> 307
2026-07-21 22:19:59,817 - app.main - INFO - GET /api/v1/auth/me
2026-07-21 22:19:59,822 - app.main - WARNING - UnauthorizedException: Not authenticated
2026-07-21 22:19:59,825 - app.main - INFO - GET /api/v1/auth/me -> 401
2026-07-21 22:19:59,841 - app.main - INFO - POST /api/v1/auth/refresh
2026-07-21 22:19:59,893 - app.main - ERROR - Unhandled exception: (sqlite3.IntegrityError) UNIQUE constraint failed: sessions.refresh_token
[SQL: INSERT INTO sessions (id, refresh_token, expires_at, is_revoked, revoked_at, ip_address, user_agent, user_id) VALUES (?, ?, ?, ?, ?, ?, ?, ?) RETURNING created_at, updated_at]
[parameters: ('659ed3d5da644c5d88644d2879264ca1', 'eyJhbGciOiJIUzI1NiIsInR5cCI6IkpXVCJ9.eyJzdWIiOiIyMGEzMWQ2Mi1kYWQyLTQzODYtOTQzYS0xMGI1MjU4ODU5YTkiLCJyb2xlIjoidmlld2VyIiwiZXhwIjoxNzg1MjczNTk5LCJpYXQiOjE3ODQ2Njg3OTksInR5cGUiOiJyZWZyZXNoIn0.PpvJp5AWOarFXfRc2Gw__3h-tIkBvEdrrpNHfKZo2vM', '2026-07-28 21:19:59.881551', 0, None, None, None, '20a31d62dad24386943a10b5258859a9')]
(Background on this error at: https://sqlalche.me/e/20/gkpj)
Traceback (most recent call last):
  File "C:\Users\hp\Downloads\pfa-anwar\cmf-platform\backend\venv\Lib\site-packages\sqlalchemy\engine\base.py", line 1969, in _exec_single_context
    self.dialect.do_execute(
  File "C:\Users\hp\Downloads\pfa-anwar\cmf-platform\backend\venv\Lib\site-packages\sqlalchemy\engine\default.py", line 952, in do_execute
    cursor.execute(statement, parameters)
  File "C:\Users\hp\Downloads\pfa-anwar\cmf-platform\backend\venv\Lib\site-packages\sqlalchemy\dialects\sqlite\aiosqlite.py", line 183, in execute
    self._adapt_connection._handle_exception(error)
  File "C:\Users\hp\Downloads\pfa-anwar\cmf-platform\backend\venv\Lib\site-packages\sqlalchemy\dialects\sqlite\aiosqlite.py", line 343, in _handle_exception
    raise error
  File "C:\Users\hp\Downloads\pfa-anwar\cmf-platform\backend\venv\Lib\site-packages\sqlalchemy\dialects\sqlite\aiosqlite.py", line 165, in execute
    self.await_(_cursor.execute(operation, parameters))
  File "C:\Users\hp\Downloads\pfa-anwar\cmf-platform\backend\venv\Lib\site-packages\sqlalchemy\util\_concurrency_py3k.py", line 132, in await_only
    return current.parent.switch(awaitable)  # type: ignore[no-any-return,attr-defined] # noqa: E501
           ^^^^^^^^^^^^^^^^^^^^^^^^^^^^^^^^
  File "C:\Users\hp\Downloads\pfa-anwar\cmf-platform\backend\venv\Lib\site-packages\sqlalchemy\util\_concurrency_py3k.py", line 196, in greenlet_spawn
    value = await result
            ^^^^^^^^^^^^
  File "C:\Users\hp\Downloads\pfa-anwar\cmf-platform\backend\venv\Lib\site-packages\aiosqlite\cursor.py", line 40, in execute
    await self._execute(self._cursor.execute, sql, parameters)
  File "C:\Users\hp\Downloads\pfa-anwar\cmf-platform\backend\venv\Lib\site-packages\aiosqlite\cursor.py", line 32, in _execute
    return await self._conn._execute(fn, *args, **kwargs)
           ^^^^^^^^^^^^^^^^^^^^^^^^^^^^^^^^^^^^^^^^^^^^^^
  File "C:\Users\hp\Downloads\pfa-anwar\cmf-platform\backend\venv\Lib\site-packages\aiosqlite\core.py", line 160, in _execute
    return await future
           ^^^^^^^^^^^^
  File "C:\Users\hp\Downloads\pfa-anwar\cmf-platform\backend\venv\Lib\site-packages\aiosqlite\core.py", line 63, in _connection_worker_thread
    result = function()
             ^^^^^^^^^^
sqlite3.IntegrityError: UNIQUE constraint failed: sessions.refresh_token

The above exception was the direct cause of the following exception:

Traceback (most recent call last):
  File "C:\Users\hp\Downloads\pfa-anwar\cmf-platform\backend\venv\Lib\site-packages\starlette\middleware\errors.py", line 165, in __call__
    await self.app(scope, receive, _send)
  File "C:\Users\hp\Downloads\pfa-anwar\cmf-platform\backend\venv\Lib\site-packages\starlette\middleware\base.py", line 185, in __call__
    with collapse_excgroups():
  File "C:\Users\hp\AppData\Local\Programs\Python\Python311\Lib\contextlib.py", line 155, in __exit__
    self.gen.throw(typ, value, traceback)
  File "C:\Users\hp\Downloads\pfa-anwar\cmf-platform\backend\venv\Lib\site-packages\starlette\_utils.py", line 83, in collapse_excgroups
    raise exc
  File "C:\Users\hp\Downloads\pfa-anwar\cmf-platform\backend\venv\Lib\site-packages\starlette\middleware\base.py", line 187, in __call__
    response = await self.dispatch_func(request, call_next)
               ^^^^^^^^^^^^^^^^^^^^^^^^^^^^^^^^^^^^^^^^^^^^
  File "C:\Users\hp\Downloads\pfa-anwar\cmf-platform\backend\app\main.py", line 123, in rate_limit_middleware
    response = await call_next(request)
               ^^^^^^^^^^^^^^^^^^^^^^^^
  File "C:\Users\hp\Downloads\pfa-anwar\cmf-platform\backend\venv\Lib\site-packages\starlette\middleware\base.py", line 163, in call_next
    raise app_exc
  File "C:\Users\hp\Downloads\pfa-anwar\cmf-platform\backend\venv\Lib\site-packages\starlette\middleware\base.py", line 149, in coro
    await self.app(scope, receive_or_disconnect, send_no_error)
  File "C:\Users\hp\Downloads\pfa-anwar\cmf-platform\backend\venv\Lib\site-packages\starlette\middleware\base.py", line 185, in __call__
    with collapse_excgroups():
  File "C:\Users\hp\AppData\Local\Programs\Python\Python311\Lib\contextlib.py", line 155, in __exit__
    self.gen.throw(typ, value, traceback)
  File "C:\Users\hp\Downloads\pfa-anwar\cmf-platform\backend\venv\Lib\site-packages\starlette\_utils.py", line 83, in collapse_excgroups
    raise exc
  File "C:\Users\hp\Downloads\pfa-anwar\cmf-platform\backend\venv\Lib\site-packages\starlette\middleware\base.py", line 187, in __call__
    response = await self.dispatch_func(request, call_next)
               ^^^^^^^^^^^^^^^^^^^^^^^^^^^^^^^^^^^^^^^^^^^^
  File "C:\Users\hp\Downloads\pfa-anwar\cmf-platform\backend\app\main.py", line 98, in logging_middleware
    response = await call_next(request)
               ^^^^^^^^^^^^^^^^^^^^^^^^
  File "C:\Users\hp\Downloads\pfa-anwar\cmf-platform\backend\venv\Lib\site-packages\starlette\middleware\base.py", line 163, in call_next
    raise app_exc
  File "C:\Users\hp\Downloads\pfa-anwar\cmf-platform\backend\venv\Lib\site-packages\starlette\middleware\base.py", line 149, in coro
    await self.app(scope, receive_or_disconnect, send_no_error)
  File "C:\Users\hp\Downloads\pfa-anwar\cmf-platform\backend\venv\Lib\site-packages\starlette\middleware\base.py", line 185, in __call__
    with collapse_excgroups():
  File "C:\Users\hp\AppData\Local\Programs\Python\Python311\Lib\contextlib.py", line 155, in __exit__
    self.gen.throw(typ, value, traceback)
  File "C:\Users\hp\Downloads\pfa-anwar\cmf-platform\backend\venv\Lib\site-packages\starlette\_utils.py", line 83, in collapse_excgroups
    raise exc
  File "C:\Users\hp\Downloads\pfa-anwar\cmf-platform\backend\venv\Lib\site-packages\starlette\middleware\base.py", line 187, in __call__
    response = await self.dispatch_func(request, call_next)
               ^^^^^^^^^^^^^^^^^^^^^^^^^^^^^^^^^^^^^^^^^^^^
  File "C:\Users\hp\Downloads\pfa-anwar\cmf-platform\backend\app\main.py", line 87, in request_id_middleware
    response = await call_next(request)
               ^^^^^^^^^^^^^^^^^^^^^^^^
  File "C:\Users\hp\Downloads\pfa-anwar\cmf-platform\backend\venv\Lib\site-packages\starlette\middleware\base.py", line 163, in call_next
    raise app_exc
  File "C:\Users\hp\Downloads\pfa-anwar\cmf-platform\backend\venv\Lib\site-packages\starlette\middleware\base.py", line 149, in coro
    await self.app(scope, receive_or_disconnect, send_no_error)
  File "C:\Users\hp\Downloads\pfa-anwar\cmf-platform\backend\venv\Lib\site-packages\starlette\middleware\cors.py", line 93, in __call__
    await self.simple_response(scope, receive, send, request_headers=headers)
  File "C:\Users\hp\Downloads\pfa-anwar\cmf-platform\backend\venv\Lib\site-packages\starlette\middleware\cors.py", line 144, in simple_response
    await self.app(scope, receive, send)
  File "C:\Users\hp\Downloads\pfa-anwar\cmf-platform\backend\venv\Lib\site-packages\starlette\middleware\exceptions.py", line 62, in __call__
    await wrap_app_handling_exceptions(self.app, conn)(scope, receive, send)
  File "C:\Users\hp\Downloads\pfa-anwar\cmf-platform\backend\venv\Lib\site-packages\starlette\_exception_handler.py", line 62, in wrapped_app
    raise exc
  File "C:\Users\hp\Downloads\pfa-anwar\cmf-platform\backend\venv\Lib\site-packages\starlette\_exception_handler.py", line 51, in wrapped_app
    await app(scope, receive, sender)
  File "C:\Users\hp\Downloads\pfa-anwar\cmf-platform\backend\venv\Lib\site-packages\starlette\routing.py", line 715, in __call__
    await self.middleware_stack(scope, receive, send)
  File "C:\Users\hp\Downloads\pfa-anwar\cmf-platform\backend\venv\Lib\site-packages\starlette\routing.py", line 735, in app
    await route.handle(scope, receive, send)
  File "C:\Users\hp\Downloads\pfa-anwar\cmf-platform\backend\venv\Lib\site-packages\starlette\routing.py", line 288, in handle
    await self.app(scope, receive, send)
  File "C:\Users\hp\Downloads\pfa-anwar\cmf-platform\backend\venv\Lib\site-packages\starlette\routing.py", line 76, in app
    await wrap_app_handling_exceptions(app, request)(scope, receive, send)
  File "C:\Users\hp\Downloads\pfa-anwar\cmf-platform\backend\venv\Lib\site-packages\starlette\_exception_handler.py", line 62, in wrapped_app
    raise exc
  File "C:\Users\hp\Downloads\pfa-anwar\cmf-platform\backend\venv\Lib\site-packages\starlette\_exception_handler.py", line 51, in wrapped_app
    await app(scope, receive, sender)
  File "C:\Users\hp\Downloads\pfa-anwar\cmf-platform\backend\venv\Lib\site-packages\starlette\routing.py", line 73, in app
    response = await f(request)
               ^^^^^^^^^^^^^^^^
  File "C:\Users\hp\AppData\Local\Programs\Python\Python311\Lib\contextlib.py", line 222, in __aexit__
    await self.gen.athrow(typ, value, traceback)
  File "C:\Users\hp\Downloads\pfa-anwar\cmf-platform\backend\app\api\deps.py", line 42, in get_db
    yield session
  File "C:\Users\hp\Downloads\pfa-anwar\cmf-platform\backend\venv\Lib\site-packages\fastapi\routing.py", line 301, in app
    raw_response = await run_endpoint_function(
                   ^^^^^^^^^^^^^^^^^^^^^^^^^^^^
  File "C:\Users\hp\Downloads\pfa-anwar\cmf-platform\backend\venv\Lib\site-packages\fastapi\routing.py", line 212, in run_endpoint_function
    return await dependant.call(**values)
           ^^^^^^^^^^^^^^^^^^^^^^^^^^^^^^
  File "C:\Users\hp\Downloads\pfa-anwar\cmf-platform\backend\app\api\v1\endpoints\auth.py", line 74, in refresh
    return await auth_service.refresh(data.refresh_token)
           ^^^^^^^^^^^^^^^^^^^^^^^^^^^^^^^^^^^^^^^^^^^^^^
  File "C:\Users\hp\Downloads\pfa-anwar\cmf-platform\backend\app\application\services\auth_service.py", line 152, in refresh
    await self._uow.commit()
  File "C:\Users\hp\Downloads\pfa-anwar\cmf-platform\backend\app\infrastructure\persistence\unit_of_work.py", line 110, in commit
    await self._session.commit()
  File "C:\Users\hp\Downloads\pfa-anwar\cmf-platform\backend\venv\Lib\site-packages\sqlalchemy\ext\asyncio\session.py", line 999, in commit
    await greenlet_spawn(self.sync_session.commit)
  File "C:\Users\hp\Downloads\pfa-anwar\cmf-platform\backend\venv\Lib\site-packages\sqlalchemy\util\_concurrency_py3k.py", line 203, in greenlet_spawn
    result = context.switch(value)
             ^^^^^^^^^^^^^^^^^^^^^
  File "C:\Users\hp\Downloads\pfa-anwar\cmf-platform\backend\venv\Lib\site-packages\sqlalchemy\orm\session.py", line 2035, in commit
    trans.commit(_to_root=True)
  File "<string>", line 2, in commit
  File "C:\Users\hp\Downloads\pfa-anwar\cmf-platform\backend\venv\Lib\site-packages\sqlalchemy\orm\state_changes.py", line 137, in _go
    ret_value = fn(self, *arg, **kw)
                ^^^^^^^^^^^^^^^^^^^^
  File "C:\Users\hp\Downloads\pfa-anwar\cmf-platform\backend\venv\Lib\site-packages\sqlalchemy\orm\session.py", line 1316, in commit
    self._prepare_impl()
  File "<string>", line 2, in _prepare_impl
  File "C:\Users\hp\Downloads\pfa-anwar\cmf-platform\backend\venv\Lib\site-packages\sqlalchemy\orm\state_changes.py", line 137, in _go
    ret_value = fn(self, *arg, **kw)
                ^^^^^^^^^^^^^^^^^^^^
  File "C:\Users\hp\Downloads\pfa-anwar\cmf-platform\backend\venv\Lib\site-packages\sqlalchemy\orm\session.py", line 1290, in _prepare_impl
    self.session.flush()
  File "C:\Users\hp\Downloads\pfa-anwar\cmf-platform\backend\venv\Lib\site-packages\sqlalchemy\orm\session.py", line 4353, in flush
    self._flush(objects)
  File "C:\Users\hp\Downloads\pfa-anwar\cmf-platform\backend\venv\Lib\site-packages\sqlalchemy\orm\session.py", line 4488, in _flush
    with util.safe_reraise():
  File "C:\Users\hp\Downloads\pfa-anwar\cmf-platform\backend\venv\Lib\site-packages\sqlalchemy\util\langhelpers.py", line 122, in __exit__
    raise exc_value.with_traceback(exc_tb)
  File "C:\Users\hp\Downloads\pfa-anwar\cmf-platform\backend\venv\Lib\site-packages\sqlalchemy\orm\session.py", line 4449, in _flush
    flush_context.execute()
  File "C:\Users\hp\Downloads\pfa-anwar\cmf-platform\backend\venv\Lib\site-packages\sqlalchemy\orm\unitofwork.py", line 465, in execute
    rec.execute(self)
  File "C:\Users\hp\Downloads\pfa-anwar\cmf-platform\backend\venv\Lib\site-packages\sqlalchemy\orm\unitofwork.py", line 641, in execute
    util.preloaded.orm_persistence.save_obj(
  File "C:\Users\hp\Downloads\pfa-anwar\cmf-platform\backend\venv\Lib\site-packages\sqlalchemy\orm\persistence.py", line 94, in save_obj
    _emit_insert_statements(
  File "C:\Users\hp\Downloads\pfa-anwar\cmf-platform\backend\venv\Lib\site-packages\sqlalchemy\orm\persistence.py", line 1234, in _emit_insert_statements
    result = connection.execute(
             ^^^^^^^^^^^^^^^^^^^
  File "C:\Users\hp\Downloads\pfa-anwar\cmf-platform\backend\venv\Lib\site-packages\sqlalchemy\engine\base.py", line 1421, in execute
    return meth(
           ^^^^^
  File "C:\Users\hp\Downloads\pfa-anwar\cmf-platform\backend\venv\Lib\site-packages\sqlalchemy\sql\elements.py", line 526, in _execute_on_connection
    return connection._execute_clauseelement(
           ^^^^^^^^^^^^^^^^^^^^^^^^^^^^^^^^^^
  File "C:\Users\hp\Downloads\pfa-anwar\cmf-platform\backend\venv\Lib\site-packages\sqlalchemy\engine\base.py", line 1643, in _execute_clauseelement
    ret = self._execute_context(
          ^^^^^^^^^^^^^^^^^^^^^^
  File "C:\Users\hp\Downloads\pfa-anwar\cmf-platform\backend\venv\Lib\site-packages\sqlalchemy\engine\base.py", line 1848, in _execute_context
    return self._exec_single_context(
           ^^^^^^^^^^^^^^^^^^^^^^^^^^
  File "C:\Users\hp\Downloads\pfa-anwar\cmf-platform\backend\venv\Lib\site-packages\sqlalchemy\engine\base.py", line 1988, in _exec_single_context
    self._handle_dbapi_exception(
  File "C:\Users\hp\Downloads\pfa-anwar\cmf-platform\backend\venv\Lib\site-packages\sqlalchemy\engine\base.py", line 2365, in _handle_dbapi_exception
    raise sqlalchemy_exception.with_traceback(exc_info[2]) from e
  File "C:\Users\hp\Downloads\pfa-anwar\cmf-platform\backend\venv\Lib\site-packages\sqlalchemy\engine\base.py", line 1969, in _exec_single_context
    self.dialect.do_execute(
  File "C:\Users\hp\Downloads\pfa-anwar\cmf-platform\backend\venv\Lib\site-packages\sqlalchemy\engine\default.py", line 952, in do_execute
    cursor.execute(statement, parameters)
  File "C:\Users\hp\Downloads\pfa-anwar\cmf-platform\backend\venv\Lib\site-packages\sqlalchemy\dialects\sqlite\aiosqlite.py", line 183, in execute
    self._adapt_connection._handle_exception(error)
  File "C:\Users\hp\Downloads\pfa-anwar\cmf-platform\backend\venv\Lib\site-packages\sqlalchemy\dialects\sqlite\aiosqlite.py", line 343, in _handle_exception
    raise error
  File "C:\Users\hp\Downloads\pfa-anwar\cmf-platform\backend\venv\Lib\site-packages\sqlalchemy\dialects\sqlite\aiosqlite.py", line 165, in execute
    self.await_(_cursor.execute(operation, parameters))
  File "C:\Users\hp\Downloads\pfa-anwar\cmf-platform\backend\venv\Lib\site-packages\sqlalchemy\util\_concurrency_py3k.py", line 132, in await_only
    return current.parent.switch(awaitable)  # type: ignore[no-any-return,attr-defined] # noqa: E501
           ^^^^^^^^^^^^^^^^^^^^^^^^^^^^^^^^
  File "C:\Users\hp\Downloads\pfa-anwar\cmf-platform\backend\venv\Lib\site-packages\sqlalchemy\util\_concurrency_py3k.py", line 196, in greenlet_spawn
    value = await result
            ^^^^^^^^^^^^
  File "C:\Users\hp\Downloads\pfa-anwar\cmf-platform\backend\venv\Lib\site-packages\aiosqlite\cursor.py", line 40, in execute
    await self._execute(self._cursor.execute, sql, parameters)
  File "C:\Users\hp\Downloads\pfa-anwar\cmf-platform\backend\venv\Lib\site-packages\aiosqlite\cursor.py", line 32, in _execute
    return await self._conn._execute(fn, *args, **kwargs)
           ^^^^^^^^^^^^^^^^^^^^^^^^^^^^^^^^^^^^^^^^^^^^^^
  File "C:\Users\hp\Downloads\pfa-anwar\cmf-platform\backend\venv\Lib\site-packages\aiosqlite\core.py", line 160, in _execute
    return await future
           ^^^^^^^^^^^^
  File "C:\Users\hp\Downloads\pfa-anwar\cmf-platform\backend\venv\Lib\site-packages\aiosqlite\core.py", line 63, in _connection_worker_thread
    result = function()
             ^^^^^^^^^^
sqlalchemy.exc.IntegrityError: (sqlite3.IntegrityError) UNIQUE constraint failed: sessions.refresh_token
[SQL: INSERT INTO sessions (id, refresh_token, expires_at, is_revoked, revoked_at, ip_address, user_agent, user_id) VALUES (?, ?, ?, ?, ?, ?, ?, ?) RETURNING created_at, updated_at]
[parameters: ('659ed3d5da644c5d88644d2879264ca1', 'eyJhbGciOiJIUzI1NiIsInR5cCI6IkpXVCJ9.eyJzdWIiOiIyMGEzMWQ2Mi1kYWQyLTQzODYtOTQzYS0xMGI1MjU4ODU5YTkiLCJyb2xlIjoidmlld2VyIiwiZXhwIjoxNzg1MjczNTk5LCJpYXQiOjE3ODQ2Njg3OTksInR5cGUiOiJyZWZyZXNoIn0.PpvJp5AWOarFXfRc2Gw__3h-tIkBvEdrrpNHfKZo2vM', '2026-07-28 21:19:59.881551', 0, None, None, None, '20a31d62dad24386943a10b5258859a9')]
(Background on this error at: https://sqlalche.me/e/20/gkpj)
2026-07-21 22:20:25,743 - app.main - INFO - POST /api/v1/auth/register/
2026-07-21 22:20:25,749 - app.main - INFO - POST /api/v1/auth/register/ -> 307
2026-07-21 22:20:25,762 - app.main - INFO - OPTIONS /api/v1/auth/register
2026-07-21 22:20:25,767 - app.main - INFO - OPTIONS /api/v1/auth/register -> 200
2026-07-21 22:20:25,777 - app.main - INFO - POST /api/v1/auth/register
2026-07-21 22:20:26,486 - app.main - INFO - POST /api/v1/auth/register -> 200
2026-07-21 22:20:26,499 - app.main - INFO - POST /api/v1/auth/login/
2026-07-21 22:20:26,504 - app.main - INFO - POST /api/v1/auth/login/ -> 307
2026-07-21 22:20:26,510 - app.main - INFO - POST /api/v1/auth/login
2026-07-21 22:20:27,169 - app.main - INFO - POST /api/v1/auth/login -> 200
2026-07-21 22:20:27,183 - app.main - INFO - GET /api/v1/auth/me/
2026-07-21 22:20:27,186 - app.main - INFO - GET /api/v1/auth/me/ -> 307
2026-07-21 22:20:27,193 - app.main - INFO - GET /api/v1/auth/me
2026-07-21 22:20:27,195 - app.main - WARNING - UnauthorizedException: Not authenticated
2026-07-21 22:20:27,197 - app.main - INFO - GET /api/v1/auth/me -> 401
2026-07-21 22:20:27,209 - app.main - INFO - POST /api/v1/auth/refresh
2026-07-21 22:20:27,263 - app.main - ERROR - Unhandled exception: (sqlite3.IntegrityError) UNIQUE constraint failed: sessions.refresh_token
[SQL: INSERT INTO sessions (id, refresh_token, expires_at, is_revoked, revoked_at, ip_address, user_agent, user_id) VALUES (?, ?, ?, ?, ?, ?, ?, ?) RETURNING created_at, updated_at]
[parameters: ('0dd86a63b6e340f5aa900cc92370ba45', 'eyJhbGciOiJIUzI1NiIsInR5cCI6IkpXVCJ9.eyJzdWIiOiIyOThmODU0NC02ZjI0LTRiYWUtYjlmMi1iOWVkYjFjZDQzNGUiLCJyb2xlIjoidmlld2VyIiwiZXhwIjoxNzg1MjczNjI3LCJpYXQiOjE3ODQ2Njg4MjcsInR5cGUiOiJyZWZyZXNoIn0.FRnyRuaQgGEuPAYqVwn71_IIHfdweOyR8RVsBUVCTrg', '2026-07-28 21:20:27.248368', 0, None, None, None, '298f85446f244baeb9f2b9edb1cd434e')]
(Background on this error at: https://sqlalche.me/e/20/gkpj)
Traceback (most recent call last):
  File "C:\Users\hp\Downloads\pfa-anwar\cmf-platform\backend\venv\Lib\site-packages\sqlalchemy\engine\base.py", line 1969, in _exec_single_context
    self.dialect.do_execute(
  File "C:\Users\hp\Downloads\pfa-anwar\cmf-platform\backend\venv\Lib\site-packages\sqlalchemy\engine\default.py", line 952, in do_execute
    cursor.execute(statement, parameters)
  File "C:\Users\hp\Downloads\pfa-anwar\cmf-platform\backend\venv\Lib\site-packages\sqlalchemy\dialects\sqlite\aiosqlite.py", line 183, in execute
    self._adapt_connection._handle_exception(error)
  File "C:\Users\hp\Downloads\pfa-anwar\cmf-platform\backend\venv\Lib\site-packages\sqlalchemy\dialects\sqlite\aiosqlite.py", line 343, in _handle_exception
    raise error
  File "C:\Users\hp\Downloads\pfa-anwar\cmf-platform\backend\venv\Lib\site-packages\sqlalchemy\dialects\sqlite\aiosqlite.py", line 165, in execute
    self.await_(_cursor.execute(operation, parameters))
  File "C:\Users\hp\Downloads\pfa-anwar\cmf-platform\backend\venv\Lib\site-packages\sqlalchemy\util\_concurrency_py3k.py", line 132, in await_only
    return current.parent.switch(awaitable)  # type: ignore[no-any-return,attr-defined] # noqa: E501
           ^^^^^^^^^^^^^^^^^^^^^^^^^^^^^^^^
  File "C:\Users\hp\Downloads\pfa-anwar\cmf-platform\backend\venv\Lib\site-packages\sqlalchemy\util\_concurrency_py3k.py", line 196, in greenlet_spawn
    value = await result
            ^^^^^^^^^^^^
  File "C:\Users\hp\Downloads\pfa-anwar\cmf-platform\backend\venv\Lib\site-packages\aiosqlite\cursor.py", line 40, in execute
    await self._execute(self._cursor.execute, sql, parameters)
  File "C:\Users\hp\Downloads\pfa-anwar\cmf-platform\backend\venv\Lib\site-packages\aiosqlite\cursor.py", line 32, in _execute
    return await self._conn._execute(fn, *args, **kwargs)
           ^^^^^^^^^^^^^^^^^^^^^^^^^^^^^^^^^^^^^^^^^^^^^^
  File "C:\Users\hp\Downloads\pfa-anwar\cmf-platform\backend\venv\Lib\site-packages\aiosqlite\core.py", line 160, in _execute
    return await future
           ^^^^^^^^^^^^
  File "C:\Users\hp\Downloads\pfa-anwar\cmf-platform\backend\venv\Lib\site-packages\aiosqlite\core.py", line 63, in _connection_worker_thread
    result = function()
             ^^^^^^^^^^
sqlite3.IntegrityError: UNIQUE constraint failed: sessions.refresh_token

The above exception was the direct cause of the following exception:

Traceback (most recent call last):
  File "C:\Users\hp\Downloads\pfa-anwar\cmf-platform\backend\venv\Lib\site-packages\starlette\middleware\errors.py", line 165, in __call__
    await self.app(scope, receive, _send)
  File "C:\Users\hp\Downloads\pfa-anwar\cmf-platform\backend\venv\Lib\site-packages\starlette\middleware\base.py", line 185, in __call__
    with collapse_excgroups():
  File "C:\Users\hp\AppData\Local\Programs\Python\Python311\Lib\contextlib.py", line 155, in __exit__
    self.gen.throw(typ, value, traceback)
  File "C:\Users\hp\Downloads\pfa-anwar\cmf-platform\backend\venv\Lib\site-packages\starlette\_utils.py", line 83, in collapse_excgroups
    raise exc
  File "C:\Users\hp\Downloads\pfa-anwar\cmf-platform\backend\venv\Lib\site-packages\starlette\middleware\base.py", line 187, in __call__
    response = await self.dispatch_func(request, call_next)
               ^^^^^^^^^^^^^^^^^^^^^^^^^^^^^^^^^^^^^^^^^^^^
  File "C:\Users\hp\Downloads\pfa-anwar\cmf-platform\backend\app\main.py", line 123, in rate_limit_middleware
    response = await call_next(request)
               ^^^^^^^^^^^^^^^^^^^^^^^^
  File "C:\Users\hp\Downloads\pfa-anwar\cmf-platform\backend\venv\Lib\site-packages\starlette\middleware\base.py", line 163, in call_next
    raise app_exc
  File "C:\Users\hp\Downloads\pfa-anwar\cmf-platform\backend\venv\Lib\site-packages\starlette\middleware\base.py", line 149, in coro
    await self.app(scope, receive_or_disconnect, send_no_error)
  File "C:\Users\hp\Downloads\pfa-anwar\cmf-platform\backend\venv\Lib\site-packages\starlette\middleware\base.py", line 185, in __call__
    with collapse_excgroups():
  File "C:\Users\hp\AppData\Local\Programs\Python\Python311\Lib\contextlib.py", line 155, in __exit__
    self.gen.throw(typ, value, traceback)
  File "C:\Users\hp\Downloads\pfa-anwar\cmf-platform\backend\venv\Lib\site-packages\starlette\_utils.py", line 83, in collapse_excgroups
    raise exc
  File "C:\Users\hp\Downloads\pfa-anwar\cmf-platform\backend\venv\Lib\site-packages\starlette\middleware\base.py", line 187, in __call__
    response = await self.dispatch_func(request, call_next)
               ^^^^^^^^^^^^^^^^^^^^^^^^^^^^^^^^^^^^^^^^^^^^
  File "C:\Users\hp\Downloads\pfa-anwar\cmf-platform\backend\app\main.py", line 98, in logging_middleware
    response = await call_next(request)
               ^^^^^^^^^^^^^^^^^^^^^^^^
  File "C:\Users\hp\Downloads\pfa-anwar\cmf-platform\backend\venv\Lib\site-packages\starlette\middleware\base.py", line 163, in call_next
    raise app_exc
  File "C:\Users\hp\Downloads\pfa-anwar\cmf-platform\backend\venv\Lib\site-packages\starlette\middleware\base.py", line 149, in coro
    await self.app(scope, receive_or_disconnect, send_no_error)
  File "C:\Users\hp\Downloads\pfa-anwar\cmf-platform\backend\venv\Lib\site-packages\starlette\middleware\base.py", line 185, in __call__
    with collapse_excgroups():
  File "C:\Users\hp\AppData\Local\Programs\Python\Python311\Lib\contextlib.py", line 155, in __exit__
    self.gen.throw(typ, value, traceback)
  File "C:\Users\hp\Downloads\pfa-anwar\cmf-platform\backend\venv\Lib\site-packages\starlette\_utils.py", line 83, in collapse_excgroups
    raise exc
  File "C:\Users\hp\Downloads\pfa-anwar\cmf-platform\backend\venv\Lib\site-packages\starlette\middleware\base.py", line 187, in __call__
    response = await self.dispatch_func(request, call_next)
               ^^^^^^^^^^^^^^^^^^^^^^^^^^^^^^^^^^^^^^^^^^^^
  File "C:\Users\hp\Downloads\pfa-anwar\cmf-platform\backend\app\main.py", line 87, in request_id_middleware
    response = await call_next(request)
               ^^^^^^^^^^^^^^^^^^^^^^^^
  File "C:\Users\hp\Downloads\pfa-anwar\cmf-platform\backend\venv\Lib\site-packages\starlette\middleware\base.py", line 163, in call_next
    raise app_exc
  File "C:\Users\hp\Downloads\pfa-anwar\cmf-platform\backend\venv\Lib\site-packages\starlette\middleware\base.py", line 149, in coro
    await self.app(scope, receive_or_disconnect, send_no_error)
  File "C:\Users\hp\Downloads\pfa-anwar\cmf-platform\backend\venv\Lib\site-packages\starlette\middleware\cors.py", line 93, in __call__
    await self.simple_response(scope, receive, send, request_headers=headers)
  File "C:\Users\hp\Downloads\pfa-anwar\cmf-platform\backend\venv\Lib\site-packages\starlette\middleware\cors.py", line 144, in simple_response
    await self.app(scope, receive, send)
  File "C:\Users\hp\Downloads\pfa-anwar\cmf-platform\backend\venv\Lib\site-packages\starlette\middleware\exceptions.py", line 62, in __call__
    await wrap_app_handling_exceptions(self.app, conn)(scope, receive, send)
  File "C:\Users\hp\Downloads\pfa-anwar\cmf-platform\backend\venv\Lib\site-packages\starlette\_exception_handler.py", line 62, in wrapped_app
    raise exc
  File "C:\Users\hp\Downloads\pfa-anwar\cmf-platform\backend\venv\Lib\site-packages\starlette\_exception_handler.py", line 51, in wrapped_app
    await app(scope, receive, sender)
  File "C:\Users\hp\Downloads\pfa-anwar\cmf-platform\backend\venv\Lib\site-packages\starlette\routing.py", line 715, in __call__
    await self.middleware_stack(scope, receive, send)
  File "C:\Users\hp\Downloads\pfa-anwar\cmf-platform\backend\venv\Lib\site-packages\starlette\routing.py", line 735, in app
    await route.handle(scope, receive, send)
  File "C:\Users\hp\Downloads\pfa-anwar\cmf-platform\backend\venv\Lib\site-packages\starlette\routing.py", line 288, in handle
    await self.app(scope, receive, send)
  File "C:\Users\hp\Downloads\pfa-anwar\cmf-platform\backend\venv\Lib\site-packages\starlette\routing.py", line 76, in app
    await wrap_app_handling_exceptions(app, request)(scope, receive, send)
  File "C:\Users\hp\Downloads\pfa-anwar\cmf-platform\backend\venv\Lib\site-packages\starlette\_exception_handler.py", line 62, in wrapped_app
    raise exc
  File "C:\Users\hp\Downloads\pfa-anwar\cmf-platform\backend\venv\Lib\site-packages\starlette\_exception_handler.py", line 51, in wrapped_app
    await app(scope, receive, sender)
  File "C:\Users\hp\Downloads\pfa-anwar\cmf-platform\backend\venv\Lib\site-packages\starlette\routing.py", line 73, in app
    response = await f(request)
               ^^^^^^^^^^^^^^^^
  File "C:\Users\hp\AppData\Local\Programs\Python\Python311\Lib\contextlib.py", line 222, in __aexit__
    await self.gen.athrow(typ, value, traceback)
  File "C:\Users\hp\Downloads\pfa-anwar\cmf-platform\backend\app\api\deps.py", line 42, in get_db
    yield session
  File "C:\Users\hp\Downloads\pfa-anwar\cmf-platform\backend\venv\Lib\site-packages\fastapi\routing.py", line 301, in app
    raw_response = await run_endpoint_function(
                   ^^^^^^^^^^^^^^^^^^^^^^^^^^^^
  File "C:\Users\hp\Downloads\pfa-anwar\cmf-platform\backend\venv\Lib\site-packages\fastapi\routing.py", line 212, in run_endpoint_function
    return await dependant.call(**values)
           ^^^^^^^^^^^^^^^^^^^^^^^^^^^^^^
  File "C:\Users\hp\Downloads\pfa-anwar\cmf-platform\backend\app\api\v1\endpoints\auth.py", line 74, in refresh
    return await auth_service.refresh(data.refresh_token)
           ^^^^^^^^^^^^^^^^^^^^^^^^^^^^^^^^^^^^^^^^^^^^^^
  File "C:\Users\hp\Downloads\pfa-anwar\cmf-platform\backend\app\application\services\auth_service.py", line 152, in refresh
    await self._uow.commit()
  File "C:\Users\hp\Downloads\pfa-anwar\cmf-platform\backend\app\infrastructure\persistence\unit_of_work.py", line 110, in commit
    await self._session.commit()
  File "C:\Users\hp\Downloads\pfa-anwar\cmf-platform\backend\venv\Lib\site-packages\sqlalchemy\ext\asyncio\session.py", line 999, in commit
    await greenlet_spawn(self.sync_session.commit)
  File "C:\Users\hp\Downloads\pfa-anwar\cmf-platform\backend\venv\Lib\site-packages\sqlalchemy\util\_concurrency_py3k.py", line 203, in greenlet_spawn
    result = context.switch(value)
             ^^^^^^^^^^^^^^^^^^^^^
  File "C:\Users\hp\Downloads\pfa-anwar\cmf-platform\backend\venv\Lib\site-packages\sqlalchemy\orm\session.py", line 2035, in commit
    trans.commit(_to_root=True)
  File "<string>", line 2, in commit
  File "C:\Users\hp\Downloads\pfa-anwar\cmf-platform\backend\venv\Lib\site-packages\sqlalchemy\orm\state_changes.py", line 137, in _go
    ret_value = fn(self, *arg, **kw)
                ^^^^^^^^^^^^^^^^^^^^
  File "C:\Users\hp\Downloads\pfa-anwar\cmf-platform\backend\venv\Lib\site-packages\sqlalchemy\orm\session.py", line 1316, in commit
    self._prepare_impl()
  File "<string>", line 2, in _prepare_impl
  File "C:\Users\hp\Downloads\pfa-anwar\cmf-platform\backend\venv\Lib\site-packages\sqlalchemy\orm\state_changes.py", line 137, in _go
    ret_value = fn(self, *arg, **kw)
                ^^^^^^^^^^^^^^^^^^^^
  File "C:\Users\hp\Downloads\pfa-anwar\cmf-platform\backend\venv\Lib\site-packages\sqlalchemy\orm\session.py", line 1290, in _prepare_impl
    self.session.flush()
  File "C:\Users\hp\Downloads\pfa-anwar\cmf-platform\backend\venv\Lib\site-packages\sqlalchemy\orm\session.py", line 4353, in flush
    self._flush(objects)
  File "C:\Users\hp\Downloads\pfa-anwar\cmf-platform\backend\venv\Lib\site-packages\sqlalchemy\orm\session.py", line 4488, in _flush
    with util.safe_reraise():
  File "C:\Users\hp\Downloads\pfa-anwar\cmf-platform\backend\venv\Lib\site-packages\sqlalchemy\util\langhelpers.py", line 122, in __exit__
    raise exc_value.with_traceback(exc_tb)
  File "C:\Users\hp\Downloads\pfa-anwar\cmf-platform\backend\venv\Lib\site-packages\sqlalchemy\orm\session.py", line 4449, in _flush
    flush_context.execute()
  File "C:\Users\hp\Downloads\pfa-anwar\cmf-platform\backend\venv\Lib\site-packages\sqlalchemy\orm\unitofwork.py", line 465, in execute
    rec.execute(self)
  File "C:\Users\hp\Downloads\pfa-anwar\cmf-platform\backend\venv\Lib\site-packages\sqlalchemy\orm\unitofwork.py", line 641, in execute
    util.preloaded.orm_persistence.save_obj(
  File "C:\Users\hp\Downloads\pfa-anwar\cmf-platform\backend\venv\Lib\site-packages\sqlalchemy\orm\persistence.py", line 94, in save_obj
    _emit_insert_statements(
  File "C:\Users\hp\Downloads\pfa-anwar\cmf-platform\backend\venv\Lib\site-packages\sqlalchemy\orm\persistence.py", line 1234, in _emit_insert_statements
    result = connection.execute(
             ^^^^^^^^^^^^^^^^^^^
  File "C:\Users\hp\Downloads\pfa-anwar\cmf-platform\backend\venv\Lib\site-packages\sqlalchemy\engine\base.py", line 1421, in execute
    return meth(
           ^^^^^
  File "C:\Users\hp\Downloads\pfa-anwar\cmf-platform\backend\venv\Lib\site-packages\sqlalchemy\sql\elements.py", line 526, in _execute_on_connection
    return connection._execute_clauseelement(
           ^^^^^^^^^^^^^^^^^^^^^^^^^^^^^^^^^^
  File "C:\Users\hp\Downloads\pfa-anwar\cmf-platform\backend\venv\Lib\site-packages\sqlalchemy\engine\base.py", line 1643, in _execute_clauseelement
    ret = self._execute_context(
          ^^^^^^^^^^^^^^^^^^^^^^
  File "C:\Users\hp\Downloads\pfa-anwar\cmf-platform\backend\venv\Lib\site-packages\sqlalchemy\engine\base.py", line 1848, in _execute_context
    return self._exec_single_context(
           ^^^^^^^^^^^^^^^^^^^^^^^^^^
  File "C:\Users\hp\Downloads\pfa-anwar\cmf-platform\backend\venv\Lib\site-packages\sqlalchemy\engine\base.py", line 1988, in _exec_single_context
    self._handle_dbapi_exception(
  File "C:\Users\hp\Downloads\pfa-anwar\cmf-platform\backend\venv\Lib\site-packages\sqlalchemy\engine\base.py", line 2365, in _handle_dbapi_exception
    raise sqlalchemy_exception.with_traceback(exc_info[2]) from e
  File "C:\Users\hp\Downloads\pfa-anwar\cmf-platform\backend\venv\Lib\site-packages\sqlalchemy\engine\base.py", line 1969, in _exec_single_context
    self.dialect.do_execute(
  File "C:\Users\hp\Downloads\pfa-anwar\cmf-platform\backend\venv\Lib\site-packages\sqlalchemy\engine\default.py", line 952, in do_execute
    cursor.execute(statement, parameters)
  File "C:\Users\hp\Downloads\pfa-anwar\cmf-platform\backend\venv\Lib\site-packages\sqlalchemy\dialects\sqlite\aiosqlite.py", line 183, in execute
    self._adapt_connection._handle_exception(error)
  File "C:\Users\hp\Downloads\pfa-anwar\cmf-platform\backend\venv\Lib\site-packages\sqlalchemy\dialects\sqlite\aiosqlite.py", line 343, in _handle_exception
    raise error
  File "C:\Users\hp\Downloads\pfa-anwar\cmf-platform\backend\venv\Lib\site-packages\sqlalchemy\dialects\sqlite\aiosqlite.py", line 165, in execute
    self.await_(_cursor.execute(operation, parameters))
  File "C:\Users\hp\Downloads\pfa-anwar\cmf-platform\backend\venv\Lib\site-packages\sqlalchemy\util\_concurrency_py3k.py", line 132, in await_only
    return current.parent.switch(awaitable)  # type: ignore[no-any-return,attr-defined] # noqa: E501
           ^^^^^^^^^^^^^^^^^^^^^^^^^^^^^^^^
  File "C:\Users\hp\Downloads\pfa-anwar\cmf-platform\backend\venv\Lib\site-packages\sqlalchemy\util\_concurrency_py3k.py", line 196, in greenlet_spawn
    value = await result
            ^^^^^^^^^^^^
  File "C:\Users\hp\Downloads\pfa-anwar\cmf-platform\backend\venv\Lib\site-packages\aiosqlite\cursor.py", line 40, in execute
    await self._execute(self._cursor.execute, sql, parameters)
  File "C:\Users\hp\Downloads\pfa-anwar\cmf-platform\backend\venv\Lib\site-packages\aiosqlite\cursor.py", line 32, in _execute
    return await self._conn._execute(fn, *args, **kwargs)
           ^^^^^^^^^^^^^^^^^^^^^^^^^^^^^^^^^^^^^^^^^^^^^^
  File "C:\Users\hp\Downloads\pfa-anwar\cmf-platform\backend\venv\Lib\site-packages\aiosqlite\core.py", line 160, in _execute
    return await future
           ^^^^^^^^^^^^
  File "C:\Users\hp\Downloads\pfa-anwar\cmf-platform\backend\venv\Lib\site-packages\aiosqlite\core.py", line 63, in _connection_worker_thread
    result = function()
             ^^^^^^^^^^
sqlalchemy.exc.IntegrityError: (sqlite3.IntegrityError) UNIQUE constraint failed: sessions.refresh_token
[SQL: INSERT INTO sessions (id, refresh_token, expires_at, is_revoked, revoked_at, ip_address, user_agent, user_id) VALUES (?, ?, ?, ?, ?, ?, ?, ?) RETURNING created_at, updated_at]
[parameters: ('0dd86a63b6e340f5aa900cc92370ba45', 'eyJhbGciOiJIUzI1NiIsInR5cCI6IkpXVCJ9.eyJzdWIiOiIyOThmODU0NC02ZjI0LTRiYWUtYjlmMi1iOWVkYjFjZDQzNGUiLCJyb2xlIjoidmlld2VyIiwiZXhwIjoxNzg1MjczNjI3LCJpYXQiOjE3ODQ2Njg4MjcsInR5cGUiOiJyZWZyZXNoIn0.FRnyRuaQgGEuPAYqVwn71_IIHfdweOyR8RVsBUVCTrg', '2026-07-28 21:20:27.248368', 0, None, None, None, '298f85446f244baeb9f2b9edb1cd434e')]
(Background on this error at: https://sqlalche.me/e/20/gkpj)
2026-07-21 22:25:32,976 - app.main - INFO - Shutting down CMF Platform API
2026-07-21 22:25:38,700 - app.main - INFO - Starting CMF Platform API
2026-07-21 22:25:38,725 - app.main - INFO - Database tables created (SQLite)
2026-07-21 22:25:50,207 - app.main - INFO - Shutting down CMF Platform API
2026-07-21 22:25:54,836 - app.main - INFO - Starting CMF Platform API
2026-07-21 22:25:54,850 - app.main - INFO - Database tables created (SQLite)
2026-07-21 22:26:10,319 - app.main - INFO - Shutting down CMF Platform API
2026-07-21 22:26:14,940 - app.main - INFO - Starting CMF Platform API
2026-07-21 22:26:14,953 - app.main - INFO - Database tables created (SQLite)
2026-07-21 22:27:04,609 - app.main - INFO - Shutting down CMF Platform API
2026-07-21 22:27:09,577 - app.main - INFO - Starting CMF Platform API
2026-07-21 22:27:09,596 - app.main - INFO - Database tables created (SQLite)
2026-07-21 22:27:16,588 - app.main - INFO - Shutting down CMF Platform API
2026-07-21 22:27:22,904 - app.main - INFO - Starting CMF Platform API
2026-07-21 22:27:22,914 - app.main - INFO - Database tables created (SQLite)
2026-07-21 22:31:05,041 - app.main - INFO - Shutting down CMF Platform API
2026-07-21 22:31:10,102 - app.main - INFO - Starting CMF Platform API
2026-07-21 22:31:10,108 - app.main - INFO - Database tables created (SQLite)
2026-07-21 22:31:15,337 - app.main - INFO - GET /api/v1/auth/me/
2026-07-21 22:31:15,346 - app.main - INFO - GET /api/v1/auth/me/ -> 307
2026-07-21 22:31:15,362 - app.main - INFO - GET /api/v1/auth/me/
2026-07-21 22:31:15,370 - app.main - INFO - GET /api/v1/auth/me/ -> 307
2026-07-21 22:31:15,682 - app.main - INFO - OPTIONS /api/v1/auth/me
2026-07-21 22:31:15,689 - app.main - INFO - OPTIONS /api/v1/auth/me -> 200
2026-07-21 22:31:15,702 - app.main - INFO - OPTIONS /api/v1/auth/me
2026-07-21 22:31:15,710 - app.main - INFO - GET /api/v1/auth/me
2026-07-21 22:31:15,719 - app.main - WARNING - UnauthorizedException: Not authenticated
2026-07-21 22:31:15,724 - app.main - INFO - OPTIONS /api/v1/auth/me -> 200
2026-07-21 22:31:15,733 - app.main - INFO - GET /api/v1/auth/me -> 401
2026-07-21 22:31:15,746 - app.main - INFO - GET /api/v1/auth/me
2026-07-21 22:31:15,757 - app.main - WARNING - UnauthorizedException: Not authenticated
2026-07-21 22:31:15,765 - app.main - INFO - GET /api/v1/auth/me -> 401
2026-07-21 22:31:15,779 - app.main - INFO - POST /api/v1/auth/refresh
2026-07-21 22:31:16,200 - app.main - INFO - POST /api/v1/auth/refresh -> 200
2026-07-21 22:31:16,219 - app.main - INFO - GET /api/v1/auth/me/
2026-07-21 22:31:16,222 - app.main - INFO - GET /api/v1/auth/me/ -> 307
2026-07-21 22:31:16,231 - app.main - INFO - GET /api/v1/auth/me
2026-07-21 22:31:16,234 - app.main - WARNING - UnauthorizedException: Not authenticated
2026-07-21 22:31:16,239 - app.main - INFO - GET /api/v1/auth/me -> 401
2026-07-21 22:31:16,240 - app.main - INFO - GET /api/v1/auth/me/
2026-07-21 22:31:16,246 - app.main - INFO - GET /api/v1/auth/me/ -> 307
2026-07-21 22:31:16,337 - app.main - INFO - GET /api/v1/auth/me
2026-07-21 22:31:16,339 - app.main - WARNING - UnauthorizedException: Not authenticated
2026-07-21 22:31:16,344 - app.main - INFO - GET /api/v1/auth/me -> 401
2026-07-21 22:31:34,809 - app.main - INFO - POST /api/v1/auth/login/
2026-07-21 22:31:34,817 - app.main - INFO - POST /api/v1/auth/login/ -> 307
2026-07-21 22:31:34,832 - app.main - INFO - OPTIONS /api/v1/auth/login
2026-07-21 22:31:34,838 - app.main - INFO - OPTIONS /api/v1/auth/login -> 200
2026-07-21 22:31:34,848 - app.main - INFO - POST /api/v1/auth/login
2026-07-21 22:31:35,668 - app.main - INFO - POST /api/v1/auth/login -> 200
2026-07-21 22:31:35,687 - app.main - INFO - GET /api/v1/auth/me/
2026-07-21 22:31:35,690 - app.main - INFO - GET /api/v1/auth/me/ -> 307
2026-07-21 22:31:35,697 - app.main - INFO - GET /api/v1/auth/me
2026-07-21 22:31:35,700 - app.main - WARNING - UnauthorizedException: Not authenticated
2026-07-21 22:31:35,704 - app.main - INFO - GET /api/v1/auth/me -> 401
2026-07-21 22:31:35,719 - app.main - INFO - POST /api/v1/auth/refresh
2026-07-21 22:31:35,774 - app.main - ERROR - Unhandled exception: (sqlite3.IntegrityError) UNIQUE constraint failed: sessions.refresh_token
[SQL: INSERT INTO sessions (id, refresh_token, expires_at, is_revoked, revoked_at, ip_address, user_agent, user_id) VALUES (?, ?, ?, ?, ?, ?, ?, ?) RETURNING created_at, updated_at]
[parameters: ('3d7e70ab7f92478dbd2b901f3f60848c', 'eyJhbGciOiJIUzI1NiIsInR5cCI6IkpXVCJ9.eyJzdWIiOiIyMGEzMWQ2Mi1kYWQyLTQzODYtOTQzYS0xMGI1MjU4ODU5YTkiLCJyb2xlIjoidmlld2VyIiwiZXhwIjoxNzg1Mjc0Mjk1LCJpYXQiOjE3ODQ2Njk0OTUsInR5cGUiOiJyZWZyZXNoIn0.3wb20I5wmNEYnTAOqDJMoxnXW3DUTX3RmrCuFqI3uMw', '2026-07-28 21:31:35.767270', 0, None, None, None, '20a31d62dad24386943a10b5258859a9')]
(Background on this error at: https://sqlalche.me/e/20/gkpj)
Traceback (most recent call last):
  File "C:\Users\hp\Downloads\pfa-anwar\cmf-platform\backend\venv\Lib\site-packages\sqlalchemy\engine\base.py", line 1969, in _exec_single_context
    self.dialect.do_execute(
  File "C:\Users\hp\Downloads\pfa-anwar\cmf-platform\backend\venv\Lib\site-packages\sqlalchemy\engine\default.py", line 952, in do_execute
    cursor.execute(statement, parameters)
  File "C:\Users\hp\Downloads\pfa-anwar\cmf-platform\backend\venv\Lib\site-packages\sqlalchemy\dialects\sqlite\aiosqlite.py", line 183, in execute
    self._adapt_connection._handle_exception(error)
  File "C:\Users\hp\Downloads\pfa-anwar\cmf-platform\backend\venv\Lib\site-packages\sqlalchemy\dialects\sqlite\aiosqlite.py", line 343, in _handle_exception
    raise error
  File "C:\Users\hp\Downloads\pfa-anwar\cmf-platform\backend\venv\Lib\site-packages\sqlalchemy\dialects\sqlite\aiosqlite.py", line 165, in execute
    self.await_(_cursor.execute(operation, parameters))
  File "C:\Users\hp\Downloads\pfa-anwar\cmf-platform\backend\venv\Lib\site-packages\sqlalchemy\util\_concurrency_py3k.py", line 132, in await_only
    return current.parent.switch(awaitable)  # type: ignore[no-any-return,attr-defined] # noqa: E501
           ^^^^^^^^^^^^^^^^^^^^^^^^^^^^^^^^
  File "C:\Users\hp\Downloads\pfa-anwar\cmf-platform\backend\venv\Lib\site-packages\sqlalchemy\util\_concurrency_py3k.py", line 196, in greenlet_spawn
    value = await result
            ^^^^^^^^^^^^
  File "C:\Users\hp\Downloads\pfa-anwar\cmf-platform\backend\venv\Lib\site-packages\aiosqlite\cursor.py", line 40, in execute
    await self._execute(self._cursor.execute, sql, parameters)
  File "C:\Users\hp\Downloads\pfa-anwar\cmf-platform\backend\venv\Lib\site-packages\aiosqlite\cursor.py", line 32, in _execute
    return await self._conn._execute(fn, *args, **kwargs)
           ^^^^^^^^^^^^^^^^^^^^^^^^^^^^^^^^^^^^^^^^^^^^^^
  File "C:\Users\hp\Downloads\pfa-anwar\cmf-platform\backend\venv\Lib\site-packages\aiosqlite\core.py", line 160, in _execute
    return await future
           ^^^^^^^^^^^^
  File "C:\Users\hp\Downloads\pfa-anwar\cmf-platform\backend\venv\Lib\site-packages\aiosqlite\core.py", line 63, in _connection_worker_thread
    result = function()
             ^^^^^^^^^^
sqlite3.IntegrityError: UNIQUE constraint failed: sessions.refresh_token

The above exception was the direct cause of the following exception:

Traceback (most recent call last):
  File "C:\Users\hp\Downloads\pfa-anwar\cmf-platform\backend\venv\Lib\site-packages\starlette\middleware\errors.py", line 165, in __call__
    await self.app(scope, receive, _send)
  File "C:\Users\hp\Downloads\pfa-anwar\cmf-platform\backend\venv\Lib\site-packages\starlette\middleware\base.py", line 185, in __call__
    with collapse_excgroups():
  File "C:\Users\hp\AppData\Local\Programs\Python\Python311\Lib\contextlib.py", line 155, in __exit__
    self.gen.throw(typ, value, traceback)
  File "C:\Users\hp\Downloads\pfa-anwar\cmf-platform\backend\venv\Lib\site-packages\starlette\_utils.py", line 83, in collapse_excgroups
    raise exc
  File "C:\Users\hp\Downloads\pfa-anwar\cmf-platform\backend\venv\Lib\site-packages\starlette\middleware\base.py", line 187, in __call__
    response = await self.dispatch_func(request, call_next)
               ^^^^^^^^^^^^^^^^^^^^^^^^^^^^^^^^^^^^^^^^^^^^
  File "C:\Users\hp\Downloads\pfa-anwar\cmf-platform\backend\app\main.py", line 123, in rate_limit_middleware
    response = await call_next(request)
               ^^^^^^^^^^^^^^^^^^^^^^^^
  File "C:\Users\hp\Downloads\pfa-anwar\cmf-platform\backend\venv\Lib\site-packages\starlette\middleware\base.py", line 163, in call_next
    raise app_exc
  File "C:\Users\hp\Downloads\pfa-anwar\cmf-platform\backend\venv\Lib\site-packages\starlette\middleware\base.py", line 149, in coro
    await self.app(scope, receive_or_disconnect, send_no_error)
  File "C:\Users\hp\Downloads\pfa-anwar\cmf-platform\backend\venv\Lib\site-packages\starlette\middleware\base.py", line 185, in __call__
    with collapse_excgroups():
  File "C:\Users\hp\AppData\Local\Programs\Python\Python311\Lib\contextlib.py", line 155, in __exit__
    self.gen.throw(typ, value, traceback)
  File "C:\Users\hp\Downloads\pfa-anwar\cmf-platform\backend\venv\Lib\site-packages\starlette\_utils.py", line 83, in collapse_excgroups
    raise exc
  File "C:\Users\hp\Downloads\pfa-anwar\cmf-platform\backend\venv\Lib\site-packages\starlette\middleware\base.py", line 187, in __call__
    response = await self.dispatch_func(request, call_next)
               ^^^^^^^^^^^^^^^^^^^^^^^^^^^^^^^^^^^^^^^^^^^^
  File "C:\Users\hp\Downloads\pfa-anwar\cmf-platform\backend\app\main.py", line 98, in logging_middleware
    response = await call_next(request)
               ^^^^^^^^^^^^^^^^^^^^^^^^
  File "C:\Users\hp\Downloads\pfa-anwar\cmf-platform\backend\venv\Lib\site-packages\starlette\middleware\base.py", line 163, in call_next
    raise app_exc
  File "C:\Users\hp\Downloads\pfa-anwar\cmf-platform\backend\venv\Lib\site-packages\starlette\middleware\base.py", line 149, in coro
    await self.app(scope, receive_or_disconnect, send_no_error)
  File "C:\Users\hp\Downloads\pfa-anwar\cmf-platform\backend\venv\Lib\site-packages\starlette\middleware\base.py", line 185, in __call__
    with collapse_excgroups():
  File "C:\Users\hp\AppData\Local\Programs\Python\Python311\Lib\contextlib.py", line 155, in __exit__
    self.gen.throw(typ, value, traceback)
  File "C:\Users\hp\Downloads\pfa-anwar\cmf-platform\backend\venv\Lib\site-packages\starlette\_utils.py", line 83, in collapse_excgroups
    raise exc
  File "C:\Users\hp\Downloads\pfa-anwar\cmf-platform\backend\venv\Lib\site-packages\starlette\middleware\base.py", line 187, in __call__
    response = await self.dispatch_func(request, call_next)
               ^^^^^^^^^^^^^^^^^^^^^^^^^^^^^^^^^^^^^^^^^^^^
  File "C:\Users\hp\Downloads\pfa-anwar\cmf-platform\backend\app\main.py", line 87, in request_id_middleware
    response = await call_next(request)
               ^^^^^^^^^^^^^^^^^^^^^^^^
  File "C:\Users\hp\Downloads\pfa-anwar\cmf-platform\backend\venv\Lib\site-packages\starlette\middleware\base.py", line 163, in call_next
    raise app_exc
  File "C:\Users\hp\Downloads\pfa-anwar\cmf-platform\backend\venv\Lib\site-packages\starlette\middleware\base.py", line 149, in coro
    await self.app(scope, receive_or_disconnect, send_no_error)
  File "C:\Users\hp\Downloads\pfa-anwar\cmf-platform\backend\venv\Lib\site-packages\starlette\middleware\cors.py", line 93, in __call__
    await self.simple_response(scope, receive, send, request_headers=headers)
  File "C:\Users\hp\Downloads\pfa-anwar\cmf-platform\backend\venv\Lib\site-packages\starlette\middleware\cors.py", line 144, in simple_response
    await self.app(scope, receive, send)
  File "C:\Users\hp\Downloads\pfa-anwar\cmf-platform\backend\venv\Lib\site-packages\starlette\middleware\exceptions.py", line 62, in __call__
    await wrap_app_handling_exceptions(self.app, conn)(scope, receive, send)
  File "C:\Users\hp\Downloads\pfa-anwar\cmf-platform\backend\venv\Lib\site-packages\starlette\_exception_handler.py", line 62, in wrapped_app
    raise exc
  File "C:\Users\hp\Downloads\pfa-anwar\cmf-platform\backend\venv\Lib\site-packages\starlette\_exception_handler.py", line 51, in wrapped_app
    await app(scope, receive, sender)
  File "C:\Users\hp\Downloads\pfa-anwar\cmf-platform\backend\venv\Lib\site-packages\starlette\routing.py", line 715, in __call__
    await self.middleware_stack(scope, receive, send)
  File "C:\Users\hp\Downloads\pfa-anwar\cmf-platform\backend\venv\Lib\site-packages\starlette\routing.py", line 735, in app
    await route.handle(scope, receive, send)
  File "C:\Users\hp\Downloads\pfa-anwar\cmf-platform\backend\venv\Lib\site-packages\starlette\routing.py", line 288, in handle
    await self.app(scope, receive, send)
  File "C:\Users\hp\Downloads\pfa-anwar\cmf-platform\backend\venv\Lib\site-packages\starlette\routing.py", line 76, in app
    await wrap_app_handling_exceptions(app, request)(scope, receive, send)
  File "C:\Users\hp\Downloads\pfa-anwar\cmf-platform\backend\venv\Lib\site-packages\starlette\_exception_handler.py", line 62, in wrapped_app
    raise exc
  File "C:\Users\hp\Downloads\pfa-anwar\cmf-platform\backend\venv\Lib\site-packages\starlette\_exception_handler.py", line 51, in wrapped_app
    await app(scope, receive, sender)
  File "C:\Users\hp\Downloads\pfa-anwar\cmf-platform\backend\venv\Lib\site-packages\starlette\routing.py", line 73, in app
    response = await f(request)
               ^^^^^^^^^^^^^^^^
  File "C:\Users\hp\AppData\Local\Programs\Python\Python311\Lib\contextlib.py", line 222, in __aexit__
    await self.gen.athrow(typ, value, traceback)
  File "C:\Users\hp\Downloads\pfa-anwar\cmf-platform\backend\app\api\deps.py", line 42, in get_db
    yield session
  File "C:\Users\hp\Downloads\pfa-anwar\cmf-platform\backend\venv\Lib\site-packages\fastapi\routing.py", line 301, in app
    raw_response = await run_endpoint_function(
                   ^^^^^^^^^^^^^^^^^^^^^^^^^^^^
  File "C:\Users\hp\Downloads\pfa-anwar\cmf-platform\backend\venv\Lib\site-packages\fastapi\routing.py", line 212, in run_endpoint_function
    return await dependant.call(**values)
           ^^^^^^^^^^^^^^^^^^^^^^^^^^^^^^
  File "C:\Users\hp\Downloads\pfa-anwar\cmf-platform\backend\app\api\v1\endpoints\auth.py", line 74, in refresh
    return await auth_service.refresh(data.refresh_token)
           ^^^^^^^^^^^^^^^^^^^^^^^^^^^^^^^^^^^^^^^^^^^^^^
  File "C:\Users\hp\Downloads\pfa-anwar\cmf-platform\backend\app\application\services\auth_service.py", line 154, in refresh
    await self._uow.commit()
  File "C:\Users\hp\Downloads\pfa-anwar\cmf-platform\backend\app\infrastructure\persistence\unit_of_work.py", line 110, in commit
    await self._session.commit()
  File "C:\Users\hp\Downloads\pfa-anwar\cmf-platform\backend\venv\Lib\site-packages\sqlalchemy\ext\asyncio\session.py", line 999, in commit
    await greenlet_spawn(self.sync_session.commit)
  File "C:\Users\hp\Downloads\pfa-anwar\cmf-platform\backend\venv\Lib\site-packages\sqlalchemy\util\_concurrency_py3k.py", line 203, in greenlet_spawn
    result = context.switch(value)
             ^^^^^^^^^^^^^^^^^^^^^
  File "C:\Users\hp\Downloads\pfa-anwar\cmf-platform\backend\venv\Lib\site-packages\sqlalchemy\orm\session.py", line 2035, in commit
    trans.commit(_to_root=True)
  File "<string>", line 2, in commit
  File "C:\Users\hp\Downloads\pfa-anwar\cmf-platform\backend\venv\Lib\site-packages\sqlalchemy\orm\state_changes.py", line 137, in _go
    ret_value = fn(self, *arg, **kw)
                ^^^^^^^^^^^^^^^^^^^^
  File "C:\Users\hp\Downloads\pfa-anwar\cmf-platform\backend\venv\Lib\site-packages\sqlalchemy\orm\session.py", line 1316, in commit
    self._prepare_impl()
  File "<string>", line 2, in _prepare_impl
  File "C:\Users\hp\Downloads\pfa-anwar\cmf-platform\backend\venv\Lib\site-packages\sqlalchemy\orm\state_changes.py", line 137, in _go
    ret_value = fn(self, *arg, **kw)
                ^^^^^^^^^^^^^^^^^^^^
  File "C:\Users\hp\Downloads\pfa-anwar\cmf-platform\backend\venv\Lib\site-packages\sqlalchemy\orm\session.py", line 1290, in _prepare_impl
    self.session.flush()
  File "C:\Users\hp\Downloads\pfa-anwar\cmf-platform\backend\venv\Lib\site-packages\sqlalchemy\orm\session.py", line 4353, in flush
    self._flush(objects)
  File "C:\Users\hp\Downloads\pfa-anwar\cmf-platform\backend\venv\Lib\site-packages\sqlalchemy\orm\session.py", line 4488, in _flush
    with util.safe_reraise():
  File "C:\Users\hp\Downloads\pfa-anwar\cmf-platform\backend\venv\Lib\site-packages\sqlalchemy\util\langhelpers.py", line 122, in __exit__
    raise exc_value.with_traceback(exc_tb)
  File "C:\Users\hp\Downloads\pfa-anwar\cmf-platform\backend\venv\Lib\site-packages\sqlalchemy\orm\session.py", line 4449, in _flush
    flush_context.execute()
  File "C:\Users\hp\Downloads\pfa-anwar\cmf-platform\backend\venv\Lib\site-packages\sqlalchemy\orm\unitofwork.py", line 465, in execute
    rec.execute(self)
  File "C:\Users\hp\Downloads\pfa-anwar\cmf-platform\backend\venv\Lib\site-packages\sqlalchemy\orm\unitofwork.py", line 641, in execute
    util.preloaded.orm_persistence.save_obj(
  File "C:\Users\hp\Downloads\pfa-anwar\cmf-platform\backend\venv\Lib\site-packages\sqlalchemy\orm\persistence.py", line 94, in save_obj
    _emit_insert_statements(
  File "C:\Users\hp\Downloads\pfa-anwar\cmf-platform\backend\venv\Lib\site-packages\sqlalchemy\orm\persistence.py", line 1234, in _emit_insert_statements
    result = connection.execute(
             ^^^^^^^^^^^^^^^^^^^
  File "C:\Users\hp\Downloads\pfa-anwar\cmf-platform\backend\venv\Lib\site-packages\sqlalchemy\engine\base.py", line 1421, in execute
    return meth(
           ^^^^^
  File "C:\Users\hp\Downloads\pfa-anwar\cmf-platform\backend\venv\Lib\site-packages\sqlalchemy\sql\elements.py", line 526, in _execute_on_connection
    return connection._execute_clauseelement(
           ^^^^^^^^^^^^^^^^^^^^^^^^^^^^^^^^^^
  File "C:\Users\hp\Downloads\pfa-anwar\cmf-platform\backend\venv\Lib\site-packages\sqlalchemy\engine\base.py", line 1643, in _execute_clauseelement
    ret = self._execute_context(
          ^^^^^^^^^^^^^^^^^^^^^^
  File "C:\Users\hp\Downloads\pfa-anwar\cmf-platform\backend\venv\Lib\site-packages\sqlalchemy\engine\base.py", line 1848, in _execute_context
    return self._exec_single_context(
           ^^^^^^^^^^^^^^^^^^^^^^^^^^
  File "C:\Users\hp\Downloads\pfa-anwar\cmf-platform\backend\venv\Lib\site-packages\sqlalchemy\engine\base.py", line 1988, in _exec_single_context
    self._handle_dbapi_exception(
  File "C:\Users\hp\Downloads\pfa-anwar\cmf-platform\backend\venv\Lib\site-packages\sqlalchemy\engine\base.py", line 2365, in _handle_dbapi_exception
    raise sqlalchemy_exception.with_traceback(exc_info[2]) from e
  File "C:\Users\hp\Downloads\pfa-anwar\cmf-platform\backend\venv\Lib\site-packages\sqlalchemy\engine\base.py", line 1969, in _exec_single_context
    self.dialect.do_execute(
  File "C:\Users\hp\Downloads\pfa-anwar\cmf-platform\backend\venv\Lib\site-packages\sqlalchemy\engine\default.py", line 952, in do_execute
    cursor.execute(statement, parameters)
  File "C:\Users\hp\Downloads\pfa-anwar\cmf-platform\backend\venv\Lib\site-packages\sqlalchemy\dialects\sqlite\aiosqlite.py", line 183, in execute
    self._adapt_connection._handle_exception(error)
  File "C:\Users\hp\Downloads\pfa-anwar\cmf-platform\backend\venv\Lib\site-packages\sqlalchemy\dialects\sqlite\aiosqlite.py", line 343, in _handle_exception
    raise error
  File "C:\Users\hp\Downloads\pfa-anwar\cmf-platform\backend\venv\Lib\site-packages\sqlalchemy\dialects\sqlite\aiosqlite.py", line 165, in execute
    self.await_(_cursor.execute(operation, parameters))
  File "C:\Users\hp\Downloads\pfa-anwar\cmf-platform\backend\venv\Lib\site-packages\sqlalchemy\util\_concurrency_py3k.py", line 132, in await_only
    return current.parent.switch(awaitable)  # type: ignore[no-any-return,attr-defined] # noqa: E501
           ^^^^^^^^^^^^^^^^^^^^^^^^^^^^^^^^
  File "C:\Users\hp\Downloads\pfa-anwar\cmf-platform\backend\venv\Lib\site-packages\sqlalchemy\util\_concurrency_py3k.py", line 196, in greenlet_spawn
    value = await result
            ^^^^^^^^^^^^
  File "C:\Users\hp\Downloads\pfa-anwar\cmf-platform\backend\venv\Lib\site-packages\aiosqlite\cursor.py", line 40, in execute
    await self._execute(self._cursor.execute, sql, parameters)
  File "C:\Users\hp\Downloads\pfa-anwar\cmf-platform\backend\venv\Lib\site-packages\aiosqlite\cursor.py", line 32, in _execute
    return await self._conn._execute(fn, *args, **kwargs)
           ^^^^^^^^^^^^^^^^^^^^^^^^^^^^^^^^^^^^^^^^^^^^^^
  File "C:\Users\hp\Downloads\pfa-anwar\cmf-platform\backend\venv\Lib\site-packages\aiosqlite\core.py", line 160, in _execute
    return await future
           ^^^^^^^^^^^^
  File "C:\Users\hp\Downloads\pfa-anwar\cmf-platform\backend\venv\Lib\site-packages\aiosqlite\core.py", line 63, in _connection_worker_thread
    result = function()
             ^^^^^^^^^^
sqlalchemy.exc.IntegrityError: (sqlite3.IntegrityError) UNIQUE constraint failed: sessions.refresh_token
[SQL: INSERT INTO sessions (id, refresh_token, expires_at, is_revoked, revoked_at, ip_address, user_agent, user_id) VALUES (?, ?, ?, ?, ?, ?, ?, ?) RETURNING created_at, updated_at]
[parameters: ('3d7e70ab7f92478dbd2b901f3f60848c', 'eyJhbGciOiJIUzI1NiIsInR5cCI6IkpXVCJ9.eyJzdWIiOiIyMGEzMWQ2Mi1kYWQyLTQzODYtOTQzYS0xMGI1MjU4ODU5YTkiLCJyb2xlIjoidmlld2VyIiwiZXhwIjoxNzg1Mjc0Mjk1LCJpYXQiOjE3ODQ2Njk0OTUsInR5cGUiOiJyZWZyZXNoIn0.3wb20I5wmNEYnTAOqDJMoxnXW3DUTX3RmrCuFqI3uMw', '2026-07-28 21:31:35.767270', 0, None, None, None, '20a31d62dad24386943a10b5258859a9')]
(Background on this error at: https://sqlalche.me/e/20/gkpj)
2026-07-21 22:32:05,172 - app.main - INFO - POST /api/v1/auth/register/
2026-07-21 22:32:05,175 - app.main - INFO - POST /api/v1/auth/register/ -> 307
2026-07-21 22:32:05,183 - app.main - INFO - OPTIONS /api/v1/auth/register
2026-07-21 22:32:05,186 - app.main - INFO - OPTIONS /api/v1/auth/register -> 200
2026-07-21 22:32:05,190 - app.main - INFO - POST /api/v1/auth/register
2026-07-21 22:32:05,222 - app.main - WARNING - ConflictException: A user with this email already exists
2026-07-21 22:32:05,224 - app.main - INFO - POST /api/v1/auth/register -> 409
2026-07-21 22:36:47,872 - app.main - INFO - Shutting down CMF Platform API
2026-07-21 22:36:53,360 - app.main - INFO - Starting CMF Platform API
2026-07-21 22:36:53,397 - app.main - INFO - Database tables created (SQLite)
2026-07-21 22:37:13,088 - app.main - INFO - Shutting down CMF Platform API
2026-07-21 22:37:19,214 - app.main - INFO - Starting CMF Platform API
2026-07-21 22:37:19,233 - app.main - INFO - Database tables created (SQLite)
2026-07-21 22:37:32,143 - app.main - INFO - Shutting down CMF Platform API
2026-07-21 22:37:38,759 - app.main - INFO - Starting CMF Platform API
2026-07-21 22:37:38,778 - app.main - INFO - Database tables created (SQLite)
2026-07-21 22:40:40,895 - app.main - INFO - Shutting down CMF Platform API
2026-07-21 22:40:47,421 - app.main - INFO - Starting CMF Platform API
2026-07-21 22:40:47,433 - app.main - INFO - Database tables created (SQLite)
2026-07-21 22:40:49,953 - app.main - INFO - GET /api/v1/auth/me
2026-07-21 22:40:50,229 - app.main - INFO - GET /api/v1/auth/me -> 200
2026-07-21 22:40:50,247 - app.main - INFO - GET /api/v1/auth/me
2026-07-21 22:40:50,376 - app.main - INFO - GET /api/v1/auth/me -> 200
2026-07-21 22:40:50,494 - app.main - INFO - GET /api/v1/dashboard/stats
2026-07-21 22:40:50,646 - app.main - INFO - GET /api/v1/dashboard/stats -> 200
2026-07-21 22:40:53,930 - app.main - INFO - GET /api/v1/projects
2026-07-21 22:40:53,935 - app.main - INFO - GET /api/v1/projects -> 404
2026-07-21 22:40:54,969 - app.main - INFO - GET /api/v1/projects
2026-07-21 22:40:54,976 - app.main - INFO - GET /api/v1/projects -> 404
2026-07-21 22:41:05,514 - app.main - INFO - POST /api/v1/auth/logout
2026-07-21 22:41:05,581 - app.main - WARNING - Validation error: [{'type': 'missing', 'loc': ('body',), 'msg': 'Field required', 'input': None}]
2026-07-21 22:41:05,585 - app.main - INFO - POST /api/v1/auth/logout -> 422
2026-07-21 22:41:30,165 - app.main - INFO - POST /api/v1/auth/register
2026-07-21 22:41:30,961 - app.main - INFO - POST /api/v1/auth/register -> 200
2026-07-21 22:41:30,979 - app.main - INFO - POST /api/v1/auth/login
2026-07-21 22:41:31,687 - app.main - INFO - POST /api/v1/auth/login -> 200
2026-07-21 22:41:31,714 - app.main - INFO - GET /api/v1/auth/me
2026-07-21 22:41:31,788 - app.main - INFO - GET /api/v1/auth/me -> 200
2026-07-21 22:41:43,454 - app.main - INFO - GET /api/v1/projects
2026-07-21 22:41:43,462 - app.main - INFO - GET /api/v1/projects -> 404
2026-07-21 22:41:44,516 - app.main - INFO - GET /api/v1/projects
2026-07-21 22:41:44,528 - app.main - INFO - GET /api/v1/projects -> 404
2026-07-21 22:41:46,890 - app.main - INFO - GET /api/v1/projects
2026-07-21 22:41:46,901 - app.main - INFO - GET /api/v1/projects -> 404
2026-07-21 22:41:48,035 - app.main - INFO - GET /api/v1/projects
2026-07-21 22:41:48,046 - app.main - INFO - GET /api/v1/projects -> 404
2026-07-21 22:43:39,899 - app.main - INFO - GET /api/v1/projects
2026-07-21 22:43:39,907 - app.main - INFO - GET /api/v1/projects -> 404
2026-07-21 22:43:41,018 - app.main - INFO - GET /api/v1/projects
2026-07-21 22:43:41,022 - app.main - INFO - GET /api/v1/projects -> 404
2026-07-21 22:44:22,266 - app.main - INFO - GET /api/health
2026-07-21 22:44:22,273 - app.main - INFO - GET /api/health -> 404
2026-07-21 22:44:39,153 - app.main - INFO - GET /openapi.json
2026-07-21 22:44:39,167 - app.main - INFO - GET /openapi.json -> 404
2026-07-21 22:46:01,715 - app.main - INFO - POST /api/v1/auth/login
2026-07-21 22:46:01,771 - app.main - WARNING - UnauthorizedException: Invalid email or password
2026-07-21 22:46:01,782 - app.main - INFO - POST /api/v1/auth/login -> 401
2026-07-21 22:47:42,806 - app.main - INFO - Starting CMF Platform API
2026-07-21 22:47:42,832 - app.main - INFO - Database tables created (SQLite)
2026-07-21 22:49:00,180 - app.main - INFO - GET /api/v1/auth/me
2026-07-21 22:49:00,247 - app.main - INFO - GET /api/v1/auth/me -> 200
2026-07-21 22:49:00,260 - app.main - INFO - GET /api/v1/auth/me
2026-07-21 22:49:00,339 - app.main - INFO - GET /api/v1/auth/me -> 200
2026-07-21 22:49:00,441 - app.main - INFO - GET /api/v1/projects
2026-07-21 22:49:00,446 - app.main - INFO - GET /api/v1/projects -> 404
2026-07-21 22:49:01,538 - app.main - INFO - GET /api/v1/projects
2026-07-21 22:49:01,547 - app.main - INFO - GET /api/v1/projects -> 404
2026-07-21 23:11:24,874 - app.main - INFO - GET /api/v1/auth/me
2026-07-21 23:11:24,926 - app.main - INFO - GET /api/v1/auth/me -> 200
2026-07-21 23:11:25,015 - app.main - INFO - GET /api/v1/auth/me
2026-07-21 23:11:25,071 - app.main - INFO - GET /api/v1/auth/me -> 200
2026-07-21 23:11:25,920 - app.main - INFO - GET /api/v1/projects
2026-07-21 23:11:25,928 - app.main - INFO - GET /api/v1/projects -> 404
2026-07-22 10:15:51,078 - app.main - INFO - Starting CMF Platform API
2026-07-22 10:15:51,097 - app.main - INFO - Database tables created (SQLite)
2026-07-22 10:19:57,109 - app.main - INFO - GET /api/v1/projects
2026-07-22 10:19:57,115 - app.main - INFO - GET /api/v1/projects -> 404
2026-07-22 10:20:06,049 - app.main - INFO - GET /api/v1/auth/me
2026-07-22 10:20:06,058 - app.main - WARNING - UnauthorizedException: Invalid or expired token
2026-07-22 10:20:06,062 - app.main - INFO - GET /api/v1/auth/me -> 401
2026-07-22 10:20:06,081 - app.main - INFO - GET /api/v1/auth/me
2026-07-22 10:20:06,099 - app.main - WARNING - UnauthorizedException: Invalid or expired token
2026-07-22 10:20:06,111 - app.main - INFO - GET /api/v1/auth/me -> 401
2026-07-22 10:20:06,112 - app.main - INFO - POST /api/v1/auth/refresh
2026-07-22 10:20:06,252 - app.main - INFO - POST /api/v1/auth/refresh -> 200
2026-07-22 10:20:06,279 - app.main - INFO - GET /api/v1/auth/me
2026-07-22 10:20:06,339 - app.main - INFO - GET /api/v1/auth/me -> 200
2026-07-22 10:20:06,356 - app.main - INFO - GET /api/v1/auth/me
2026-07-22 10:20:06,414 - app.main - INFO - GET /api/v1/auth/me -> 200
2026-07-22 10:20:06,485 - app.main - INFO - GET /api/v1/projects
2026-07-22 10:20:06,491 - app.main - INFO - GET /api/v1/projects -> 404
2026-07-22 10:20:07,603 - app.main - INFO - GET /api/v1/projects
2026-07-22 10:20:07,609 - app.main - INFO - GET /api/v1/projects -> 404
2026-07-22 10:22:06,313 - app.main - INFO - Shutting down CMF Platform API
2026-07-22 10:22:06,342 - app.main - INFO - Shutting down CMF Platform API
2026-07-22 10:22:13,499 - app.main - INFO - Starting CMF Platform API
2026-07-22 10:22:13,513 - app.main - INFO - Database tables created (SQLite)
2026-07-22 10:22:13,627 - app.main - INFO - Shutting down CMF Platform API
2026-07-22 10:22:20,235 - app.main - INFO - Starting CMF Platform API
2026-07-22 10:22:20,250 - app.main - INFO - Database tables created (SQLite)
2026-07-22 10:30:13,642 - app.main - INFO - Shutting down CMF Platform API
2026-07-22 10:30:19,998 - app.main - INFO - Starting CMF Platform API
2026-07-22 10:30:20,016 - app.main - INFO - Database tables created (SQLite)
2026-07-22 10:31:07,224 - app.main - INFO - Shutting down CMF Platform API
2026-07-22 10:31:13,171 - app.main - INFO - Starting CMF Platform API
2026-07-22 10:31:13,183 - app.main - INFO - Database tables created (SQLite)
2026-07-22 10:32:00,679 - app.main - INFO - GET /api/v1/auth/me
2026-07-22 10:32:00,930 - app.main - INFO - GET /api/v1/auth/me -> 200
2026-07-22 10:32:00,948 - app.main - INFO - GET /api/v1/auth/me
2026-07-22 10:32:00,997 - app.main - INFO - GET /api/v1/auth/me -> 200
2026-07-22 10:32:01,146 - app.main - INFO - GET /api/v1/dashboard/stats
2026-07-22 10:32:01,283 - app.main - INFO - GET /api/v1/dashboard/stats -> 200
2026-07-22 10:32:06,619 - app.main - INFO - POST /api/v1/auth/logout
2026-07-22 10:32:06,784 - app.main - INFO - POST /api/v1/auth/logout -> 200
2026-07-22 10:32:16,065 - app.main - INFO - POST /api/v1/auth/login
2026-07-22 10:32:17,011 - app.main - INFO - POST /api/v1/auth/login -> 200
2026-07-22 10:32:17,036 - app.main - INFO - GET /api/v1/auth/me
2026-07-22 10:32:17,094 - app.main - INFO - GET /api/v1/auth/me -> 200
2026-07-22 10:32:29,946 - app.main - INFO - GET /api/v1/auth/me
2026-07-22 10:32:30,008 - app.main - INFO - GET /api/v1/auth/me -> 200
2026-07-22 10:32:30,028 - app.main - INFO - GET /api/v1/auth/me
2026-07-22 10:32:30,090 - app.main - INFO - GET /api/v1/dashboard/stats
2026-07-22 10:32:30,121 - app.main - INFO - GET /api/v1/auth/me -> 200
2026-07-22 10:32:30,229 - app.main - INFO - GET /api/v1/dashboard/stats -> 200
2026-07-22 10:32:33,628 - app.main - INFO - GET /api/v1/auth/me
2026-07-22 10:32:33,678 - app.main - INFO - GET /api/v1/auth/me -> 200
2026-07-22 10:32:33,692 - app.main - INFO - GET /api/v1/auth/me
2026-07-22 10:32:33,754 - app.main - INFO - GET /api/v1/auth/me -> 200
2026-07-22 10:32:45,193 - app.main - INFO - GET /api/v1/auth/me
2026-07-22 10:32:45,246 - app.main - INFO - GET /api/v1/auth/me -> 200
2026-07-22 10:32:45,257 - app.main - INFO - GET /api/v1/auth/me
2026-07-22 10:32:45,315 - app.main - INFO - GET /api/v1/dashboard/stats
2026-07-22 10:32:45,354 - app.main - INFO - GET /api/v1/auth/me -> 200
2026-07-22 10:32:45,450 - app.main - INFO - GET /api/v1/dashboard/stats -> 200
2026-07-22 10:32:50,208 - app.main - INFO - GET /api/v1/auth/me
2026-07-22 10:32:50,261 - app.main - INFO - GET /api/v1/auth/me -> 200
2026-07-22 10:32:50,272 - app.main - INFO - GET /api/v1/auth/me
2026-07-22 10:32:50,330 - app.main - INFO - GET /api/v1/dashboard/stats
2026-07-22 10:32:50,350 - app.main - INFO - GET /api/v1/auth/me -> 200
2026-07-22 10:32:50,455 - app.main - INFO - GET /api/v1/dashboard/stats -> 200
2026-07-22 10:32:59,318 - app.main - INFO - GET /api/v1/auth/me
2026-07-22 10:32:59,395 - app.main - INFO - GET /api/v1/auth/me -> 200
2026-07-22 10:32:59,409 - app.main - INFO - GET /api/v1/auth/me
2026-07-22 10:32:59,472 - app.main - INFO - GET /api/v1/auth/me -> 200
2026-07-22 10:32:59,510 - app.main - INFO - GET /api/v1/projects
2026-07-22 10:32:59,513 - app.main - INFO - GET /api/v1/projects -> 404
2026-07-22 10:33:00,579 - app.main - INFO - GET /api/v1/projects
2026-07-22 10:33:00,588 - app.main - INFO - GET /api/v1/projects -> 404
2026-07-22 10:33:03,554 - app.main - INFO - GET /api/v1/projects
2026-07-22 10:33:03,566 - app.main - INFO - GET /api/v1/projects -> 404
2026-07-22 10:33:04,686 - app.main - INFO - GET /api/v1/projects
2026-07-22 10:33:04,694 - app.main - INFO - GET /api/v1/projects -> 404
2026-07-22 10:34:04,671 - app.main - INFO - GET /api/v1/projects
2026-07-22 10:34:04,676 - app.main - INFO - GET /api/v1/projects -> 404
2026-07-22 10:34:05,759 - app.main - INFO - GET /api/v1/projects
2026-07-22 10:34:05,763 - app.main - INFO - GET /api/v1/projects -> 404
2026-07-22 10:34:06,934 - app.main - INFO - GET /api/v1/projects
2026-07-22 10:34:06,939 - app.main - INFO - GET /api/v1/projects -> 404
2026-07-22 10:34:08,046 - app.main - INFO - GET /api/v1/projects
2026-07-22 10:34:08,053 - app.main - INFO - GET /api/v1/projects -> 404
2026-07-22 10:34:48,919 - app.main - INFO - POST /api/v1/projects
2026-07-22 10:34:48,924 - app.main - INFO - POST /api/v1/projects -> 404
2026-07-22 10:35:29,201 - app.main - INFO - Shutting down CMF Platform API
2026-07-22 10:35:42,616 - app.main - INFO - Starting CMF Platform API
2026-07-22 10:35:42,636 - app.main - INFO - Database tables created (SQLite)
2026-07-22 10:35:59,566 - app.main - INFO - Shutting down CMF Platform API
2026-07-22 10:36:04,453 - app.main - INFO - Starting CMF Platform API
2026-07-22 10:36:04,468 - app.main - INFO - Database tables created (SQLite)
2026-07-22 10:36:27,927 - app.main - INFO - GET /api/v1/projects
2026-07-22 10:36:27,931 - app.main - WARNING - UnauthorizedException: Not authenticated
2026-07-22 10:36:27,933 - app.main - INFO - GET /api/v1/projects -> 401
2026-07-22 10:38:17,861 - app.main - INFO - GET /api/v1/auth/me
2026-07-22 10:38:18,311 - app.main - INFO - GET /api/v1/auth/me -> 200
2026-07-22 10:38:18,336 - app.main - INFO - GET /api/v1/auth/me
2026-07-22 10:38:18,469 - app.main - INFO - GET /api/v1/auth/me -> 200
2026-07-22 10:38:39,455 - app.main - INFO - POST /api/v1/projects
2026-07-22 10:38:39,687 - app.main - INFO - POST /api/v1/projects -> 200
2026-07-22 10:38:39,876 - app.main - INFO - GET /api/v1/projects/bdaf88f1-c49a-4d89-8f5f-8a4b9066b17f
2026-07-22 10:38:40,007 - app.main - INFO - GET /api/v1/projects/bdaf88f1-c49a-4d89-8f5f-8a4b9066b17f -> 200
2026-07-22 10:38:45,272 - app.main - INFO - GET /api/v1/projects
2026-07-22 10:38:45,404 - app.main - INFO - GET /api/v1/projects -> 200
2026-07-22 10:38:50,288 - app.main - INFO - GET /api/v1/auth/me
2026-07-22 10:38:50,381 - app.main - INFO - GET /api/v1/auth/me -> 200
2026-07-22 10:38:50,403 - app.main - INFO - GET /api/v1/auth/me
2026-07-22 10:38:50,469 - app.main - INFO - GET /api/v1/auth/me -> 200
2026-07-22 10:38:53,067 - app.main - INFO - GET /api/v1/auth/me
2026-07-22 10:38:53,142 - app.main - INFO - GET /api/v1/auth/me -> 200
2026-07-22 10:38:53,158 - app.main - INFO - GET /api/v1/auth/me
2026-07-22 10:38:53,224 - app.main - INFO - GET /api/v1/auth/me -> 200
2026-07-22 10:39:00,959 - app.main - INFO - GET /api/v1/auth/me
2026-07-22 10:39:01,019 - app.main - INFO - GET /api/v1/auth/me -> 200
2026-07-22 10:39:01,030 - app.main - INFO - GET /api/v1/auth/me
2026-07-22 10:39:01,088 - app.main - INFO - GET /api/v1/auth/me -> 200
2026-07-22 10:40:14,301 - app.main - INFO - GET /api/v1/auth/me
2026-07-22 10:40:14,382 - app.main - INFO - GET /api/v1/auth/me -> 200
2026-07-22 10:40:14,396 - app.main - INFO - GET /api/v1/auth/me
2026-07-22 10:40:14,451 - app.main - INFO - GET /api/v1/auth/me -> 200
2026-07-22 10:40:18,878 - app.main - INFO - GET /api/v1/auth/me
2026-07-22 10:40:18,961 - app.main - INFO - GET /api/v1/auth/me -> 200
2026-07-22 10:40:18,975 - app.main - INFO - GET /api/v1/auth/me
2026-07-22 10:40:19,025 - app.main - INFO - GET /api/v1/auth/me -> 200
2026-07-22 10:41:56,346 - app.main - INFO - GET /api/v1/auth/me
2026-07-22 10:41:56,398 - app.main - INFO - GET /api/v1/auth/me -> 200
2026-07-22 10:41:56,413 - app.main - INFO - GET /api/v1/auth/me
2026-07-22 10:41:56,467 - app.main - INFO - GET /api/v1/auth/me -> 200
2026-07-22 10:42:13,502 - app.main - INFO - GET /api/v1/auth/me
2026-07-22 10:42:13,563 - app.main - INFO - GET /api/v1/auth/me -> 200
2026-07-22 10:42:13,578 - app.main - INFO - GET /api/v1/auth/me
2026-07-22 10:42:13,627 - app.main - INFO - GET /api/v1/auth/me -> 200
2026-07-22 10:42:16,338 - app.main - INFO - GET /api/v1/auth/me
2026-07-22 10:42:16,396 - app.main - INFO - GET /api/v1/auth/me -> 200
2026-07-22 10:42:16,411 - app.main - INFO - GET /api/v1/auth/me
2026-07-22 10:42:16,468 - app.main - INFO - GET /api/v1/auth/me -> 200
2026-07-22 10:42:25,210 - app.main - INFO - GET /api/v1/auth/me
2026-07-22 10:42:25,273 - app.main - INFO - GET /api/v1/auth/me -> 200
2026-07-22 10:42:25,290 - app.main - INFO - GET /api/v1/auth/me
2026-07-22 10:42:25,358 - app.main - INFO - GET /api/v1/auth/me -> 200
2026-07-22 10:42:25,393 - app.main - INFO - GET /api/v1/projects/bdaf88f1-c49a-4d89-8f5f-8a4b9066b17f
2026-07-22 10:42:25,452 - app.main - INFO - GET /api/v1/projects/bdaf88f1-c49a-4d89-8f5f-8a4b9066b17f -> 200
2026-07-22 10:43:42,531 - app.main - INFO - GET /api/v1/auth/me
2026-07-22 10:43:42,614 - app.main - INFO - GET /api/v1/auth/me -> 200
2026-07-22 10:43:42,629 - app.main - INFO - GET /api/v1/auth/me
2026-07-22 10:43:42,694 - app.main - INFO - GET /api/v1/auth/me -> 200
2026-07-22 10:43:42,751 - app.main - INFO - GET /api/v1/projects
2026-07-22 10:43:42,819 - app.main - INFO - GET /api/v1/projects -> 200
2026-07-22 10:43:48,973 - app.main - INFO - GET /api/v1/auth/me
2026-07-22 10:43:49,038 - app.main - INFO - GET /api/v1/auth/me -> 200
2026-07-22 10:43:49,055 - app.main - INFO - GET /api/v1/auth/me
2026-07-22 10:43:49,113 - app.main - INFO - GET /api/v1/auth/me -> 200
2026-07-22 10:43:49,139 - app.main - INFO - GET /api/v1/projects
2026-07-22 10:43:49,201 - app.main - INFO - GET /api/v1/projects -> 200
2026-07-22 10:43:51,375 - app.main - INFO - GET /api/v1/dashboard/stats
2026-07-22 10:43:51,551 - app.main - ERROR - Unhandled exception: can't compare offset-naive and offset-aware datetimes
  + Exception Group Traceback (most recent call last):
  |   File "C:\Users\hp\Downloads\pfa-anwar\cmf-platform\backend\venv\Lib\site-packages\starlette\_utils.py", line 77, in collapse_excgroups
  |     yield
  |   File "C:\Users\hp\Downloads\pfa-anwar\cmf-platform\backend\venv\Lib\site-packages\starlette\middleware\base.py", line 186, in __call__
  |     async with anyio.create_task_group() as task_group:
  |   File "C:\Users\hp\Downloads\pfa-anwar\cmf-platform\backend\venv\Lib\site-packages\anyio\_backends\_asyncio.py", line 815, in __aexit__
  |     raise BaseExceptionGroup(
  | ExceptionGroup: unhandled errors in a TaskGroup (1 sub-exception)
  +-+---------------- 1 ----------------
    | Traceback (most recent call last):
    |   File "C:\Users\hp\Downloads\pfa-anwar\cmf-platform\backend\venv\Lib\site-packages\starlette\middleware\errors.py", line 165, in __call__
    |     await self.app(scope, receive, _send)
    |   File "C:\Users\hp\Downloads\pfa-anwar\cmf-platform\backend\venv\Lib\site-packages\starlette\middleware\base.py", line 185, in __call__
    |     with collapse_excgroups():
    |   File "C:\Users\hp\AppData\Local\Programs\Python\Python311\Lib\contextlib.py", line 155, in __exit__
    |     self.gen.throw(typ, value, traceback)
    |   File "C:\Users\hp\Downloads\pfa-anwar\cmf-platform\backend\venv\Lib\site-packages\starlette\_utils.py", line 83, in collapse_excgroups
    |     raise exc
    |   File "C:\Users\hp\Downloads\pfa-anwar\cmf-platform\backend\venv\Lib\site-packages\starlette\middleware\base.py", line 187, in __call__
    |     response = await self.dispatch_func(request, call_next)
    |                ^^^^^^^^^^^^^^^^^^^^^^^^^^^^^^^^^^^^^^^^^^^^
    |   File "C:\Users\hp\Downloads\pfa-anwar\cmf-platform\backend\app\main.py", line 134, in rate_limit_middleware
    |     response = await call_next(request)
    |                ^^^^^^^^^^^^^^^^^^^^^^^^
    |   File "C:\Users\hp\Downloads\pfa-anwar\cmf-platform\backend\venv\Lib\site-packages\starlette\middleware\base.py", line 163, in call_next
    |     raise app_exc
    |   File "C:\Users\hp\Downloads\pfa-anwar\cmf-platform\backend\venv\Lib\site-packages\starlette\middleware\base.py", line 149, in coro
    |     await self.app(scope, receive_or_disconnect, send_no_error)
    |   File "C:\Users\hp\Downloads\pfa-anwar\cmf-platform\backend\venv\Lib\site-packages\starlette\middleware\base.py", line 185, in __call__
    |     with collapse_excgroups():
    |   File "C:\Users\hp\AppData\Local\Programs\Python\Python311\Lib\contextlib.py", line 155, in __exit__
    |     self.gen.throw(typ, value, traceback)
    |   File "C:\Users\hp\Downloads\pfa-anwar\cmf-platform\backend\venv\Lib\site-packages\starlette\_utils.py", line 83, in collapse_excgroups
    |     raise exc
    |   File "C:\Users\hp\Downloads\pfa-anwar\cmf-platform\backend\venv\Lib\site-packages\starlette\middleware\base.py", line 187, in __call__
    |     response = await self.dispatch_func(request, call_next)
    |                ^^^^^^^^^^^^^^^^^^^^^^^^^^^^^^^^^^^^^^^^^^^^
    |   File "C:\Users\hp\Downloads\pfa-anwar\cmf-platform\backend\app\main.py", line 109, in logging_middleware
    |     response = await call_next(request)
    |                ^^^^^^^^^^^^^^^^^^^^^^^^
    |   File "C:\Users\hp\Downloads\pfa-anwar\cmf-platform\backend\venv\Lib\site-packages\starlette\middleware\base.py", line 163, in call_next
    |     raise app_exc
    |   File "C:\Users\hp\Downloads\pfa-anwar\cmf-platform\backend\venv\Lib\site-packages\starlette\middleware\base.py", line 149, in coro
    |     await self.app(scope, receive_or_disconnect, send_no_error)
    |   File "C:\Users\hp\Downloads\pfa-anwar\cmf-platform\backend\venv\Lib\site-packages\starlette\middleware\base.py", line 185, in __call__
    |     with collapse_excgroups():
    |   File "C:\Users\hp\AppData\Local\Programs\Python\Python311\Lib\contextlib.py", line 155, in __exit__
    |     self.gen.throw(typ, value, traceback)
    |   File "C:\Users\hp\Downloads\pfa-anwar\cmf-platform\backend\venv\Lib\site-packages\starlette\_utils.py", line 83, in collapse_excgroups
    |     raise exc
    |   File "C:\Users\hp\Downloads\pfa-anwar\cmf-platform\backend\venv\Lib\site-packages\starlette\middleware\base.py", line 187, in __call__
    |     response = await self.dispatch_func(request, call_next)
    |                ^^^^^^^^^^^^^^^^^^^^^^^^^^^^^^^^^^^^^^^^^^^^
    |   File "C:\Users\hp\Downloads\pfa-anwar\cmf-platform\backend\app\main.py", line 98, in request_id_middleware
    |     response = await call_next(request)
    |                ^^^^^^^^^^^^^^^^^^^^^^^^
    |   File "C:\Users\hp\Downloads\pfa-anwar\cmf-platform\backend\venv\Lib\site-packages\starlette\middleware\base.py", line 163, in call_next
    |     raise app_exc
    |   File "C:\Users\hp\Downloads\pfa-anwar\cmf-platform\backend\venv\Lib\site-packages\starlette\middleware\base.py", line 149, in coro
    |     await self.app(scope, receive_or_disconnect, send_no_error)
    |   File "C:\Users\hp\Downloads\pfa-anwar\cmf-platform\backend\venv\Lib\site-packages\starlette\middleware\cors.py", line 85, in __call__
    |     await self.app(scope, receive, send)
    |   File "C:\Users\hp\Downloads\pfa-anwar\cmf-platform\backend\venv\Lib\site-packages\starlette\middleware\base.py", line 185, in __call__
    |     with collapse_excgroups():
    |   File "C:\Users\hp\AppData\Local\Programs\Python\Python311\Lib\contextlib.py", line 155, in __exit__
    |     self.gen.throw(typ, value, traceback)
    |   File "C:\Users\hp\Downloads\pfa-anwar\cmf-platform\backend\venv\Lib\site-packages\starlette\_utils.py", line 83, in collapse_excgroups
    |     raise exc
    |   File "C:\Users\hp\Downloads\pfa-anwar\cmf-platform\backend\venv\Lib\site-packages\starlette\middleware\base.py", line 187, in __call__
    |     response = await self.dispatch_func(request, call_next)
    |                ^^^^^^^^^^^^^^^^^^^^^^^^^^^^^^^^^^^^^^^^^^^^
    |   File "C:\Users\hp\Downloads\pfa-anwar\cmf-platform\backend\app\main.py", line 71, in strip_trailing_slash_middleware
    |     return await call_next(request)
    |            ^^^^^^^^^^^^^^^^^^^^^^^^
    |   File "C:\Users\hp\Downloads\pfa-anwar\cmf-platform\backend\venv\Lib\site-packages\starlette\middleware\base.py", line 163, in call_next
    |     raise app_exc
    |   File "C:\Users\hp\Downloads\pfa-anwar\cmf-platform\backend\venv\Lib\site-packages\starlette\middleware\base.py", line 149, in coro
    |     await self.app(scope, receive_or_disconnect, send_no_error)
    |   File "C:\Users\hp\Downloads\pfa-anwar\cmf-platform\backend\venv\Lib\site-packages\starlette\middleware\exceptions.py", line 62, in __call__
    |     await wrap_app_handling_exceptions(self.app, conn)(scope, receive, send)
    |   File "C:\Users\hp\Downloads\pfa-anwar\cmf-platform\backend\venv\Lib\site-packages\starlette\_exception_handler.py", line 62, in wrapped_app
    |     raise exc
    |   File "C:\Users\hp\Downloads\pfa-anwar\cmf-platform\backend\venv\Lib\site-packages\starlette\_exception_handler.py", line 51, in wrapped_app
    |     await app(scope, receive, sender)
    |   File "C:\Users\hp\Downloads\pfa-anwar\cmf-platform\backend\venv\Lib\site-packages\starlette\routing.py", line 715, in __call__
    |     await self.middleware_stack(scope, receive, send)
    |   File "C:\Users\hp\Downloads\pfa-anwar\cmf-platform\backend\venv\Lib\site-packages\starlette\routing.py", line 735, in app
    |     await route.handle(scope, receive, send)
    |   File "C:\Users\hp\Downloads\pfa-anwar\cmf-platform\backend\venv\Lib\site-packages\starlette\routing.py", line 288, in handle
    |     await self.app(scope, receive, send)
    |   File "C:\Users\hp\Downloads\pfa-anwar\cmf-platform\backend\venv\Lib\site-packages\starlette\routing.py", line 76, in app
    |     await wrap_app_handling_exceptions(app, request)(scope, receive, send)
    |   File "C:\Users\hp\Downloads\pfa-anwar\cmf-platform\backend\venv\Lib\site-packages\starlette\_exception_handler.py", line 62, in wrapped_app
    |     raise exc
    |   File "C:\Users\hp\Downloads\pfa-anwar\cmf-platform\backend\venv\Lib\site-packages\starlette\_exception_handler.py", line 51, in wrapped_app
    |     await app(scope, receive, sender)
    |   File "C:\Users\hp\Downloads\pfa-anwar\cmf-platform\backend\venv\Lib\site-packages\starlette\routing.py", line 73, in app
    |     response = await f(request)
    |                ^^^^^^^^^^^^^^^^
    |   File "C:\Users\hp\AppData\Local\Programs\Python\Python311\Lib\contextlib.py", line 222, in __aexit__
    |     await self.gen.athrow(typ, value, traceback)
    |   File "C:\Users\hp\Downloads\pfa-anwar\cmf-platform\backend\app\api\deps.py", line 42, in get_db
    |     yield session
    |   File "C:\Users\hp\Downloads\pfa-anwar\cmf-platform\backend\venv\Lib\site-packages\fastapi\routing.py", line 301, in app
    |     raw_response = await run_endpoint_function(
    |                    ^^^^^^^^^^^^^^^^^^^^^^^^^^^^
    |   File "C:\Users\hp\Downloads\pfa-anwar\cmf-platform\backend\venv\Lib\site-packages\fastapi\routing.py", line 212, in run_endpoint_function
    |     return await dependant.call(**values)
    |            ^^^^^^^^^^^^^^^^^^^^^^^^^^^^^^
    |   File "C:\Users\hp\Downloads\pfa-anwar\cmf-platform\backend\app\api\v1\endpoints\dashboard.py", line 24, in dashboard_stats
    |     return await dashboard_service.get_dashboard_stats()
    |            ^^^^^^^^^^^^^^^^^^^^^^^^^^^^^^^^^^^^^^^^^^^^^
    |   File "C:\Users\hp\Downloads\pfa-anwar\cmf-platform\backend\app\application\services\dashboard_service.py", line 26, in get_dashboard_stats
    |     stats = await self._compute_stats()
    |             ^^^^^^^^^^^^^^^^^^^^^^^^^^^
    |   File "C:\Users\hp\Downloads\pfa-anwar\cmf-platform\backend\app\application\services\dashboard_service.py", line 43, in _compute_stats
    |     delayed_projects = len([
    |                            ^
    |   File "C:\Users\hp\Downloads\pfa-anwar\cmf-platform\backend\app\application\services\dashboard_service.py", line 47, in <listcomp>
    |     and p.end_date < datetime.now(timezone.utc)
    |         ^^^^^^^^^^^^^^^^^^^^^^^^^^^^^^^^^^^^^^^
    | TypeError: can't compare offset-naive and offset-aware datetimes
    +------------------------------------

During handling of the above exception, another exception occurred:

Traceback (most recent call last):
  File "C:\Users\hp\Downloads\pfa-anwar\cmf-platform\backend\venv\Lib\site-packages\starlette\middleware\errors.py", line 165, in __call__
    await self.app(scope, receive, _send)
  File "C:\Users\hp\Downloads\pfa-anwar\cmf-platform\backend\venv\Lib\site-packages\starlette\middleware\base.py", line 185, in __call__
    with collapse_excgroups():
  File "C:\Users\hp\AppData\Local\Programs\Python\Python311\Lib\contextlib.py", line 155, in __exit__
    self.gen.throw(typ, value, traceback)
  File "C:\Users\hp\Downloads\pfa-anwar\cmf-platform\backend\venv\Lib\site-packages\starlette\_utils.py", line 83, in collapse_excgroups
    raise exc
  File "C:\Users\hp\Downloads\pfa-anwar\cmf-platform\backend\venv\Lib\site-packages\starlette\middleware\base.py", line 187, in __call__
    response = await self.dispatch_func(request, call_next)
               ^^^^^^^^^^^^^^^^^^^^^^^^^^^^^^^^^^^^^^^^^^^^
  File "C:\Users\hp\Downloads\pfa-anwar\cmf-platform\backend\app\main.py", line 134, in rate_limit_middleware
    response = await call_next(request)
               ^^^^^^^^^^^^^^^^^^^^^^^^
  File "C:\Users\hp\Downloads\pfa-anwar\cmf-platform\backend\venv\Lib\site-packages\starlette\middleware\base.py", line 163, in call_next
    raise app_exc
  File "C:\Users\hp\Downloads\pfa-anwar\cmf-platform\backend\venv\Lib\site-packages\starlette\middleware\base.py", line 149, in coro
    await self.app(scope, receive_or_disconnect, send_no_error)
  File "C:\Users\hp\Downloads\pfa-anwar\cmf-platform\backend\venv\Lib\site-packages\starlette\middleware\base.py", line 185, in __call__
    with collapse_excgroups():
  File "C:\Users\hp\AppData\Local\Programs\Python\Python311\Lib\contextlib.py", line 155, in __exit__
    self.gen.throw(typ, value, traceback)
  File "C:\Users\hp\Downloads\pfa-anwar\cmf-platform\backend\venv\Lib\site-packages\starlette\_utils.py", line 83, in collapse_excgroups
    raise exc
  File "C:\Users\hp\Downloads\pfa-anwar\cmf-platform\backend\venv\Lib\site-packages\starlette\middleware\base.py", line 187, in __call__
    response = await self.dispatch_func(request, call_next)
               ^^^^^^^^^^^^^^^^^^^^^^^^^^^^^^^^^^^^^^^^^^^^
  File "C:\Users\hp\Downloads\pfa-anwar\cmf-platform\backend\app\main.py", line 109, in logging_middleware
    response = await call_next(request)
               ^^^^^^^^^^^^^^^^^^^^^^^^
  File "C:\Users\hp\Downloads\pfa-anwar\cmf-platform\backend\venv\Lib\site-packages\starlette\middleware\base.py", line 163, in call_next
    raise app_exc
  File "C:\Users\hp\Downloads\pfa-anwar\cmf-platform\backend\venv\Lib\site-packages\starlette\middleware\base.py", line 149, in coro
    await self.app(scope, receive_or_disconnect, send_no_error)
  File "C:\Users\hp\Downloads\pfa-anwar\cmf-platform\backend\venv\Lib\site-packages\starlette\middleware\base.py", line 185, in __call__
    with collapse_excgroups():
  File "C:\Users\hp\AppData\Local\Programs\Python\Python311\Lib\contextlib.py", line 155, in __exit__
    self.gen.throw(typ, value, traceback)
  File "C:\Users\hp\Downloads\pfa-anwar\cmf-platform\backend\venv\Lib\site-packages\starlette\_utils.py", line 83, in collapse_excgroups
    raise exc
  File "C:\Users\hp\Downloads\pfa-anwar\cmf-platform\backend\venv\Lib\site-packages\starlette\middleware\base.py", line 187, in __call__
    response = await self.dispatch_func(request, call_next)
               ^^^^^^^^^^^^^^^^^^^^^^^^^^^^^^^^^^^^^^^^^^^^
  File "C:\Users\hp\Downloads\pfa-anwar\cmf-platform\backend\app\main.py", line 98, in request_id_middleware
    response = await call_next(request)
               ^^^^^^^^^^^^^^^^^^^^^^^^
  File "C:\Users\hp\Downloads\pfa-anwar\cmf-platform\backend\venv\Lib\site-packages\starlette\middleware\base.py", line 163, in call_next
    raise app_exc
  File "C:\Users\hp\Downloads\pfa-anwar\cmf-platform\backend\venv\Lib\site-packages\starlette\middleware\base.py", line 149, in coro
    await self.app(scope, receive_or_disconnect, send_no_error)
  File "C:\Users\hp\Downloads\pfa-anwar\cmf-platform\backend\venv\Lib\site-packages\starlette\middleware\cors.py", line 85, in __call__
    await self.app(scope, receive, send)
  File "C:\Users\hp\Downloads\pfa-anwar\cmf-platform\backend\venv\Lib\site-packages\starlette\middleware\base.py", line 185, in __call__
    with collapse_excgroups():
  File "C:\Users\hp\AppData\Local\Programs\Python\Python311\Lib\contextlib.py", line 155, in __exit__
    self.gen.throw(typ, value, traceback)
  File "C:\Users\hp\Downloads\pfa-anwar\cmf-platform\backend\venv\Lib\site-packages\starlette\_utils.py", line 83, in collapse_excgroups
    raise exc
  File "C:\Users\hp\Downloads\pfa-anwar\cmf-platform\backend\venv\Lib\site-packages\starlette\middleware\base.py", line 187, in __call__
    response = await self.dispatch_func(request, call_next)
               ^^^^^^^^^^^^^^^^^^^^^^^^^^^^^^^^^^^^^^^^^^^^
  File "C:\Users\hp\Downloads\pfa-anwar\cmf-platform\backend\app\main.py", line 71, in strip_trailing_slash_middleware
    return await call_next(request)
           ^^^^^^^^^^^^^^^^^^^^^^^^
  File "C:\Users\hp\Downloads\pfa-anwar\cmf-platform\backend\venv\Lib\site-packages\starlette\middleware\base.py", line 163, in call_next
    raise app_exc
  File "C:\Users\hp\Downloads\pfa-anwar\cmf-platform\backend\venv\Lib\site-packages\starlette\middleware\base.py", line 149, in coro
    await self.app(scope, receive_or_disconnect, send_no_error)
  File "C:\Users\hp\Downloads\pfa-anwar\cmf-platform\backend\venv\Lib\site-packages\starlette\middleware\exceptions.py", line 62, in __call__
    await wrap_app_handling_exceptions(self.app, conn)(scope, receive, send)
  File "C:\Users\hp\Downloads\pfa-anwar\cmf-platform\backend\venv\Lib\site-packages\starlette\_exception_handler.py", line 62, in wrapped_app
    raise exc
  File "C:\Users\hp\Downloads\pfa-anwar\cmf-platform\backend\venv\Lib\site-packages\starlette\_exception_handler.py", line 51, in wrapped_app
    await app(scope, receive, sender)
  File "C:\Users\hp\Downloads\pfa-anwar\cmf-platform\backend\venv\Lib\site-packages\starlette\routing.py", line 715, in __call__
    await self.middleware_stack(scope, receive, send)
  File "C:\Users\hp\Downloads\pfa-anwar\cmf-platform\backend\venv\Lib\site-packages\starlette\routing.py", line 735, in app
    await route.handle(scope, receive, send)
  File "C:\Users\hp\Downloads\pfa-anwar\cmf-platform\backend\venv\Lib\site-packages\starlette\routing.py", line 288, in handle
    await self.app(scope, receive, send)
  File "C:\Users\hp\Downloads\pfa-anwar\cmf-platform\backend\venv\Lib\site-packages\starlette\routing.py", line 76, in app
    await wrap_app_handling_exceptions(app, request)(scope, receive, send)
  File "C:\Users\hp\Downloads\pfa-anwar\cmf-platform\backend\venv\Lib\site-packages\starlette\_exception_handler.py", line 62, in wrapped_app
    raise exc
  File "C:\Users\hp\Downloads\pfa-anwar\cmf-platform\backend\venv\Lib\site-packages\starlette\_exception_handler.py", line 51, in wrapped_app
    await app(scope, receive, sender)
  File "C:\Users\hp\Downloads\pfa-anwar\cmf-platform\backend\venv\Lib\site-packages\starlette\routing.py", line 73, in app
    response = await f(request)
               ^^^^^^^^^^^^^^^^
  File "C:\Users\hp\AppData\Local\Programs\Python\Python311\Lib\contextlib.py", line 222, in __aexit__
    await self.gen.athrow(typ, value, traceback)
  File "C:\Users\hp\Downloads\pfa-anwar\cmf-platform\backend\app\api\deps.py", line 42, in get_db
    yield session
  File "C:\Users\hp\Downloads\pfa-anwar\cmf-platform\backend\venv\Lib\site-packages\fastapi\routing.py", line 301, in app
    raw_response = await run_endpoint_function(
                   ^^^^^^^^^^^^^^^^^^^^^^^^^^^^
  File "C:\Users\hp\Downloads\pfa-anwar\cmf-platform\backend\venv\Lib\site-packages\fastapi\routing.py", line 212, in run_endpoint_function
    return await dependant.call(**values)
           ^^^^^^^^^^^^^^^^^^^^^^^^^^^^^^
  File "C:\Users\hp\Downloads\pfa-anwar\cmf-platform\backend\app\api\v1\endpoints\dashboard.py", line 24, in dashboard_stats
    return await dashboard_service.get_dashboard_stats()
           ^^^^^^^^^^^^^^^^^^^^^^^^^^^^^^^^^^^^^^^^^^^^^
  File "C:\Users\hp\Downloads\pfa-anwar\cmf-platform\backend\app\application\services\dashboard_service.py", line 26, in get_dashboard_stats
    stats = await self._compute_stats()
            ^^^^^^^^^^^^^^^^^^^^^^^^^^^
  File "C:\Users\hp\Downloads\pfa-anwar\cmf-platform\backend\app\application\services\dashboard_service.py", line 43, in _compute_stats
    delayed_projects = len([
                           ^
  File "C:\Users\hp\Downloads\pfa-anwar\cmf-platform\backend\app\application\services\dashboard_service.py", line 47, in <listcomp>
    and p.end_date < datetime.now(timezone.utc)
        ^^^^^^^^^^^^^^^^^^^^^^^^^^^^^^^^^^^^^^^
TypeError: can't compare offset-naive and offset-aware datetimes
2026-07-22 10:43:52,646 - app.main - INFO - GET /api/v1/dashboard/stats
2026-07-22 10:43:52,813 - app.main - ERROR - Unhandled exception: can't compare offset-naive and offset-aware datetimes
  + Exception Group Traceback (most recent call last):
  |   File "C:\Users\hp\Downloads\pfa-anwar\cmf-platform\backend\venv\Lib\site-packages\starlette\_utils.py", line 77, in collapse_excgroups
  |     yield
  |   File "C:\Users\hp\Downloads\pfa-anwar\cmf-platform\backend\venv\Lib\site-packages\starlette\middleware\base.py", line 186, in __call__
  |     async with anyio.create_task_group() as task_group:
  |   File "C:\Users\hp\Downloads\pfa-anwar\cmf-platform\backend\venv\Lib\site-packages\anyio\_backends\_asyncio.py", line 815, in __aexit__
  |     raise BaseExceptionGroup(
  | ExceptionGroup: unhandled errors in a TaskGroup (1 sub-exception)
  +-+---------------- 1 ----------------
    | Traceback (most recent call last):
    |   File "C:\Users\hp\Downloads\pfa-anwar\cmf-platform\backend\venv\Lib\site-packages\starlette\middleware\errors.py", line 165, in __call__
    |     await self.app(scope, receive, _send)
    |   File "C:\Users\hp\Downloads\pfa-anwar\cmf-platform\backend\venv\Lib\site-packages\starlette\middleware\base.py", line 185, in __call__
    |     with collapse_excgroups():
    |   File "C:\Users\hp\AppData\Local\Programs\Python\Python311\Lib\contextlib.py", line 155, in __exit__
    |     self.gen.throw(typ, value, traceback)
    |   File "C:\Users\hp\Downloads\pfa-anwar\cmf-platform\backend\venv\Lib\site-packages\starlette\_utils.py", line 83, in collapse_excgroups
    |     raise exc
    |   File "C:\Users\hp\Downloads\pfa-anwar\cmf-platform\backend\venv\Lib\site-packages\starlette\middleware\base.py", line 187, in __call__
    |     response = await self.dispatch_func(request, call_next)
    |                ^^^^^^^^^^^^^^^^^^^^^^^^^^^^^^^^^^^^^^^^^^^^
    |   File "C:\Users\hp\Downloads\pfa-anwar\cmf-platform\backend\app\main.py", line 134, in rate_limit_middleware
    |     response = await call_next(request)
    |                ^^^^^^^^^^^^^^^^^^^^^^^^
    |   File "C:\Users\hp\Downloads\pfa-anwar\cmf-platform\backend\venv\Lib\site-packages\starlette\middleware\base.py", line 163, in call_next
    |     raise app_exc
    |   File "C:\Users\hp\Downloads\pfa-anwar\cmf-platform\backend\venv\Lib\site-packages\starlette\middleware\base.py", line 149, in coro
    |     await self.app(scope, receive_or_disconnect, send_no_error)
    |   File "C:\Users\hp\Downloads\pfa-anwar\cmf-platform\backend\venv\Lib\site-packages\starlette\middleware\base.py", line 185, in __call__
    |     with collapse_excgroups():
    |   File "C:\Users\hp\AppData\Local\Programs\Python\Python311\Lib\contextlib.py", line 155, in __exit__
    |     self.gen.throw(typ, value, traceback)
    |   File "C:\Users\hp\Downloads\pfa-anwar\cmf-platform\backend\venv\Lib\site-packages\starlette\_utils.py", line 83, in collapse_excgroups
    |     raise exc
    |   File "C:\Users\hp\Downloads\pfa-anwar\cmf-platform\backend\venv\Lib\site-packages\starlette\middleware\base.py", line 187, in __call__
    |     response = await self.dispatch_func(request, call_next)
    |                ^^^^^^^^^^^^^^^^^^^^^^^^^^^^^^^^^^^^^^^^^^^^
    |   File "C:\Users\hp\Downloads\pfa-anwar\cmf-platform\backend\app\main.py", line 109, in logging_middleware
    |     response = await call_next(request)
    |                ^^^^^^^^^^^^^^^^^^^^^^^^
    |   File "C:\Users\hp\Downloads\pfa-anwar\cmf-platform\backend\venv\Lib\site-packages\starlette\middleware\base.py", line 163, in call_next
    |     raise app_exc
    |   File "C:\Users\hp\Downloads\pfa-anwar\cmf-platform\backend\venv\Lib\site-packages\starlette\middleware\base.py", line 149, in coro
    |     await self.app(scope, receive_or_disconnect, send_no_error)
    |   File "C:\Users\hp\Downloads\pfa-anwar\cmf-platform\backend\venv\Lib\site-packages\starlette\middleware\base.py", line 185, in __call__
    |     with collapse_excgroups():
    |   File "C:\Users\hp\AppData\Local\Programs\Python\Python311\Lib\contextlib.py", line 155, in __exit__
    |     self.gen.throw(typ, value, traceback)
    |   File "C:\Users\hp\Downloads\pfa-anwar\cmf-platform\backend\venv\Lib\site-packages\starlette\_utils.py", line 83, in collapse_excgroups
    |     raise exc
    |   File "C:\Users\hp\Downloads\pfa-anwar\cmf-platform\backend\venv\Lib\site-packages\starlette\middleware\base.py", line 187, in __call__
    |     response = await self.dispatch_func(request, call_next)
    |                ^^^^^^^^^^^^^^^^^^^^^^^^^^^^^^^^^^^^^^^^^^^^
    |   File "C:\Users\hp\Downloads\pfa-anwar\cmf-platform\backend\app\main.py", line 98, in request_id_middleware
    |     response = await call_next(request)
    |                ^^^^^^^^^^^^^^^^^^^^^^^^
    |   File "C:\Users\hp\Downloads\pfa-anwar\cmf-platform\backend\venv\Lib\site-packages\starlette\middleware\base.py", line 163, in call_next
    |     raise app_exc
    |   File "C:\Users\hp\Downloads\pfa-anwar\cmf-platform\backend\venv\Lib\site-packages\starlette\middleware\base.py", line 149, in coro
    |     await self.app(scope, receive_or_disconnect, send_no_error)
    |   File "C:\Users\hp\Downloads\pfa-anwar\cmf-platform\backend\venv\Lib\site-packages\starlette\middleware\cors.py", line 85, in __call__
    |     await self.app(scope, receive, send)
    |   File "C:\Users\hp\Downloads\pfa-anwar\cmf-platform\backend\venv\Lib\site-packages\starlette\middleware\base.py", line 185, in __call__
    |     with collapse_excgroups():
    |   File "C:\Users\hp\AppData\Local\Programs\Python\Python311\Lib\contextlib.py", line 155, in __exit__
    |     self.gen.throw(typ, value, traceback)
    |   File "C:\Users\hp\Downloads\pfa-anwar\cmf-platform\backend\venv\Lib\site-packages\starlette\_utils.py", line 83, in collapse_excgroups
    |     raise exc
    |   File "C:\Users\hp\Downloads\pfa-anwar\cmf-platform\backend\venv\Lib\site-packages\starlette\middleware\base.py", line 187, in __call__
    |     response = await self.dispatch_func(request, call_next)
    |                ^^^^^^^^^^^^^^^^^^^^^^^^^^^^^^^^^^^^^^^^^^^^
    |   File "C:\Users\hp\Downloads\pfa-anwar\cmf-platform\backend\app\main.py", line 71, in strip_trailing_slash_middleware
    |     return await call_next(request)
    |            ^^^^^^^^^^^^^^^^^^^^^^^^
    |   File "C:\Users\hp\Downloads\pfa-anwar\cmf-platform\backend\venv\Lib\site-packages\starlette\middleware\base.py", line 163, in call_next
    |     raise app_exc
    |   File "C:\Users\hp\Downloads\pfa-anwar\cmf-platform\backend\venv\Lib\site-packages\starlette\middleware\base.py", line 149, in coro
    |     await self.app(scope, receive_or_disconnect, send_no_error)
    |   File "C:\Users\hp\Downloads\pfa-anwar\cmf-platform\backend\venv\Lib\site-packages\starlette\middleware\exceptions.py", line 62, in __call__
    |     await wrap_app_handling_exceptions(self.app, conn)(scope, receive, send)
    |   File "C:\Users\hp\Downloads\pfa-anwar\cmf-platform\backend\venv\Lib\site-packages\starlette\_exception_handler.py", line 62, in wrapped_app
    |     raise exc
    |   File "C:\Users\hp\Downloads\pfa-anwar\cmf-platform\backend\venv\Lib\site-packages\starlette\_exception_handler.py", line 51, in wrapped_app
    |     await app(scope, receive, sender)
    |   File "C:\Users\hp\Downloads\pfa-anwar\cmf-platform\backend\venv\Lib\site-packages\starlette\routing.py", line 715, in __call__
    |     await self.middleware_stack(scope, receive, send)
    |   File "C:\Users\hp\Downloads\pfa-anwar\cmf-platform\backend\venv\Lib\site-packages\starlette\routing.py", line 735, in app
    |     await route.handle(scope, receive, send)
    |   File "C:\Users\hp\Downloads\pfa-anwar\cmf-platform\backend\venv\Lib\site-packages\starlette\routing.py", line 288, in handle
    |     await self.app(scope, receive, send)
    |   File "C:\Users\hp\Downloads\pfa-anwar\cmf-platform\backend\venv\Lib\site-packages\starlette\routing.py", line 76, in app
    |     await wrap_app_handling_exceptions(app, request)(scope, receive, send)
    |   File "C:\Users\hp\Downloads\pfa-anwar\cmf-platform\backend\venv\Lib\site-packages\starlette\_exception_handler.py", line 62, in wrapped_app
    |     raise exc
    |   File "C:\Users\hp\Downloads\pfa-anwar\cmf-platform\backend\venv\Lib\site-packages\starlette\_exception_handler.py", line 51, in wrapped_app
    |     await app(scope, receive, sender)
    |   File "C:\Users\hp\Downloads\pfa-anwar\cmf-platform\backend\venv\Lib\site-packages\starlette\routing.py", line 73, in app
    |     response = await f(request)
    |                ^^^^^^^^^^^^^^^^
    |   File "C:\Users\hp\AppData\Local\Programs\Python\Python311\Lib\contextlib.py", line 222, in __aexit__
    |     await self.gen.athrow(typ, value, traceback)
    |   File "C:\Users\hp\Downloads\pfa-anwar\cmf-platform\backend\app\api\deps.py", line 42, in get_db
    |     yield session
    |   File "C:\Users\hp\Downloads\pfa-anwar\cmf-platform\backend\venv\Lib\site-packages\fastapi\routing.py", line 301, in app
    |     raw_response = await run_endpoint_function(
    |                    ^^^^^^^^^^^^^^^^^^^^^^^^^^^^
    |   File "C:\Users\hp\Downloads\pfa-anwar\cmf-platform\backend\venv\Lib\site-packages\fastapi\routing.py", line 212, in run_endpoint_function
    |     return await dependant.call(**values)
    |            ^^^^^^^^^^^^^^^^^^^^^^^^^^^^^^
    |   File "C:\Users\hp\Downloads\pfa-anwar\cmf-platform\backend\app\api\v1\endpoints\dashboard.py", line 24, in dashboard_stats
    |     return await dashboard_service.get_dashboard_stats()
    |            ^^^^^^^^^^^^^^^^^^^^^^^^^^^^^^^^^^^^^^^^^^^^^
    |   File "C:\Users\hp\Downloads\pfa-anwar\cmf-platform\backend\app\application\services\dashboard_service.py", line 26, in get_dashboard_stats
    |     stats = await self._compute_stats()
    |             ^^^^^^^^^^^^^^^^^^^^^^^^^^^
    |   File "C:\Users\hp\Downloads\pfa-anwar\cmf-platform\backend\app\application\services\dashboard_service.py", line 43, in _compute_stats
    |     delayed_projects = len([
    |                            ^
    |   File "C:\Users\hp\Downloads\pfa-anwar\cmf-platform\backend\app\application\services\dashboard_service.py", line 47, in <listcomp>
    |     and p.end_date < datetime.now(timezone.utc)
    |         ^^^^^^^^^^^^^^^^^^^^^^^^^^^^^^^^^^^^^^^
    | TypeError: can't compare offset-naive and offset-aware datetimes
    +------------------------------------

During handling of the above exception, another exception occurred:

Traceback (most recent call last):
  File "C:\Users\hp\Downloads\pfa-anwar\cmf-platform\backend\venv\Lib\site-packages\starlette\middleware\errors.py", line 165, in __call__
    await self.app(scope, receive, _send)
  File "C:\Users\hp\Downloads\pfa-anwar\cmf-platform\backend\venv\Lib\site-packages\starlette\middleware\base.py", line 185, in __call__
    with collapse_excgroups():
  File "C:\Users\hp\AppData\Local\Programs\Python\Python311\Lib\contextlib.py", line 155, in __exit__
    self.gen.throw(typ, value, traceback)
  File "C:\Users\hp\Downloads\pfa-anwar\cmf-platform\backend\venv\Lib\site-packages\starlette\_utils.py", line 83, in collapse_excgroups
    raise exc
  File "C:\Users\hp\Downloads\pfa-anwar\cmf-platform\backend\venv\Lib\site-packages\starlette\middleware\base.py", line 187, in __call__
    response = await self.dispatch_func(request, call_next)
               ^^^^^^^^^^^^^^^^^^^^^^^^^^^^^^^^^^^^^^^^^^^^
  File "C:\Users\hp\Downloads\pfa-anwar\cmf-platform\backend\app\main.py", line 134, in rate_limit_middleware
    response = await call_next(request)
               ^^^^^^^^^^^^^^^^^^^^^^^^
  File "C:\Users\hp\Downloads\pfa-anwar\cmf-platform\backend\venv\Lib\site-packages\starlette\middleware\base.py", line 163, in call_next
    raise app_exc
  File "C:\Users\hp\Downloads\pfa-anwar\cmf-platform\backend\venv\Lib\site-packages\starlette\middleware\base.py", line 149, in coro
    await self.app(scope, receive_or_disconnect, send_no_error)
  File "C:\Users\hp\Downloads\pfa-anwar\cmf-platform\backend\venv\Lib\site-packages\starlette\middleware\base.py", line 185, in __call__
    with collapse_excgroups():
  File "C:\Users\hp\AppData\Local\Programs\Python\Python311\Lib\contextlib.py", line 155, in __exit__
    self.gen.throw(typ, value, traceback)
  File "C:\Users\hp\Downloads\pfa-anwar\cmf-platform\backend\venv\Lib\site-packages\starlette\_utils.py", line 83, in collapse_excgroups
    raise exc
  File "C:\Users\hp\Downloads\pfa-anwar\cmf-platform\backend\venv\Lib\site-packages\starlette\middleware\base.py", line 187, in __call__
    response = await self.dispatch_func(request, call_next)
               ^^^^^^^^^^^^^^^^^^^^^^^^^^^^^^^^^^^^^^^^^^^^
  File "C:\Users\hp\Downloads\pfa-anwar\cmf-platform\backend\app\main.py", line 109, in logging_middleware
    response = await call_next(request)
               ^^^^^^^^^^^^^^^^^^^^^^^^
  File "C:\Users\hp\Downloads\pfa-anwar\cmf-platform\backend\venv\Lib\site-packages\starlette\middleware\base.py", line 163, in call_next
    raise app_exc
  File "C:\Users\hp\Downloads\pfa-anwar\cmf-platform\backend\venv\Lib\site-packages\starlette\middleware\base.py", line 149, in coro
    await self.app(scope, receive_or_disconnect, send_no_error)
  File "C:\Users\hp\Downloads\pfa-anwar\cmf-platform\backend\venv\Lib\site-packages\starlette\middleware\base.py", line 185, in __call__
    with collapse_excgroups():
  File "C:\Users\hp\AppData\Local\Programs\Python\Python311\Lib\contextlib.py", line 155, in __exit__
    self.gen.throw(typ, value, traceback)
  File "C:\Users\hp\Downloads\pfa-anwar\cmf-platform\backend\venv\Lib\site-packages\starlette\_utils.py", line 83, in collapse_excgroups
    raise exc
  File "C:\Users\hp\Downloads\pfa-anwar\cmf-platform\backend\venv\Lib\site-packages\starlette\middleware\base.py", line 187, in __call__
    response = await self.dispatch_func(request, call_next)
               ^^^^^^^^^^^^^^^^^^^^^^^^^^^^^^^^^^^^^^^^^^^^
  File "C:\Users\hp\Downloads\pfa-anwar\cmf-platform\backend\app\main.py", line 98, in request_id_middleware
    response = await call_next(request)
               ^^^^^^^^^^^^^^^^^^^^^^^^
  File "C:\Users\hp\Downloads\pfa-anwar\cmf-platform\backend\venv\Lib\site-packages\starlette\middleware\base.py", line 163, in call_next
    raise app_exc
  File "C:\Users\hp\Downloads\pfa-anwar\cmf-platform\backend\venv\Lib\site-packages\starlette\middleware\base.py", line 149, in coro
    await self.app(scope, receive_or_disconnect, send_no_error)
  File "C:\Users\hp\Downloads\pfa-anwar\cmf-platform\backend\venv\Lib\site-packages\starlette\middleware\cors.py", line 85, in __call__
    await self.app(scope, receive, send)
  File "C:\Users\hp\Downloads\pfa-anwar\cmf-platform\backend\venv\Lib\site-packages\starlette\middleware\base.py", line 185, in __call__
    with collapse_excgroups():
  File "C:\Users\hp\AppData\Local\Programs\Python\Python311\Lib\contextlib.py", line 155, in __exit__
    self.gen.throw(typ, value, traceback)
  File "C:\Users\hp\Downloads\pfa-anwar\cmf-platform\backend\venv\Lib\site-packages\starlette\_utils.py", line 83, in collapse_excgroups
    raise exc
  File "C:\Users\hp\Downloads\pfa-anwar\cmf-platform\backend\venv\Lib\site-packages\starlette\middleware\base.py", line 187, in __call__
    response = await self.dispatch_func(request, call_next)
               ^^^^^^^^^^^^^^^^^^^^^^^^^^^^^^^^^^^^^^^^^^^^
  File "C:\Users\hp\Downloads\pfa-anwar\cmf-platform\backend\app\main.py", line 71, in strip_trailing_slash_middleware
    return await call_next(request)
           ^^^^^^^^^^^^^^^^^^^^^^^^
  File "C:\Users\hp\Downloads\pfa-anwar\cmf-platform\backend\venv\Lib\site-packages\starlette\middleware\base.py", line 163, in call_next
    raise app_exc
  File "C:\Users\hp\Downloads\pfa-anwar\cmf-platform\backend\venv\Lib\site-packages\starlette\middleware\base.py", line 149, in coro
    await self.app(scope, receive_or_disconnect, send_no_error)
  File "C:\Users\hp\Downloads\pfa-anwar\cmf-platform\backend\venv\Lib\site-packages\starlette\middleware\exceptions.py", line 62, in __call__
    await wrap_app_handling_exceptions(self.app, conn)(scope, receive, send)
  File "C:\Users\hp\Downloads\pfa-anwar\cmf-platform\backend\venv\Lib\site-packages\starlette\_exception_handler.py", line 62, in wrapped_app
    raise exc
  File "C:\Users\hp\Downloads\pfa-anwar\cmf-platform\backend\venv\Lib\site-packages\starlette\_exception_handler.py", line 51, in wrapped_app
    await app(scope, receive, sender)
  File "C:\Users\hp\Downloads\pfa-anwar\cmf-platform\backend\venv\Lib\site-packages\starlette\routing.py", line 715, in __call__
    await self.middleware_stack(scope, receive, send)
  File "C:\Users\hp\Downloads\pfa-anwar\cmf-platform\backend\venv\Lib\site-packages\starlette\routing.py", line 735, in app
    await route.handle(scope, receive, send)
  File "C:\Users\hp\Downloads\pfa-anwar\cmf-platform\backend\venv\Lib\site-packages\starlette\routing.py", line 288, in handle
    await self.app(scope, receive, send)
  File "C:\Users\hp\Downloads\pfa-anwar\cmf-platform\backend\venv\Lib\site-packages\starlette\routing.py", line 76, in app
    await wrap_app_handling_exceptions(app, request)(scope, receive, send)
  File "C:\Users\hp\Downloads\pfa-anwar\cmf-platform\backend\venv\Lib\site-packages\starlette\_exception_handler.py", line 62, in wrapped_app
    raise exc
  File "C:\Users\hp\Downloads\pfa-anwar\cmf-platform\backend\venv\Lib\site-packages\starlette\_exception_handler.py", line 51, in wrapped_app
    await app(scope, receive, sender)
  File "C:\Users\hp\Downloads\pfa-anwar\cmf-platform\backend\venv\Lib\site-packages\starlette\routing.py", line 73, in app
    response = await f(request)
               ^^^^^^^^^^^^^^^^
  File "C:\Users\hp\AppData\Local\Programs\Python\Python311\Lib\contextlib.py", line 222, in __aexit__
    await self.gen.athrow(typ, value, traceback)
  File "C:\Users\hp\Downloads\pfa-anwar\cmf-platform\backend\app\api\deps.py", line 42, in get_db
    yield session
  File "C:\Users\hp\Downloads\pfa-anwar\cmf-platform\backend\venv\Lib\site-packages\fastapi\routing.py", line 301, in app
    raw_response = await run_endpoint_function(
                   ^^^^^^^^^^^^^^^^^^^^^^^^^^^^
  File "C:\Users\hp\Downloads\pfa-anwar\cmf-platform\backend\venv\Lib\site-packages\fastapi\routing.py", line 212, in run_endpoint_function
    return await dependant.call(**values)
           ^^^^^^^^^^^^^^^^^^^^^^^^^^^^^^
  File "C:\Users\hp\Downloads\pfa-anwar\cmf-platform\backend\app\api\v1\endpoints\dashboard.py", line 24, in dashboard_stats
    return await dashboard_service.get_dashboard_stats()
           ^^^^^^^^^^^^^^^^^^^^^^^^^^^^^^^^^^^^^^^^^^^^^
  File "C:\Users\hp\Downloads\pfa-anwar\cmf-platform\backend\app\application\services\dashboard_service.py", line 26, in get_dashboard_stats
    stats = await self._compute_stats()
            ^^^^^^^^^^^^^^^^^^^^^^^^^^^
  File "C:\Users\hp\Downloads\pfa-anwar\cmf-platform\backend\app\application\services\dashboard_service.py", line 43, in _compute_stats
    delayed_projects = len([
                           ^
  File "C:\Users\hp\Downloads\pfa-anwar\cmf-platform\backend\app\application\services\dashboard_service.py", line 47, in <listcomp>
    and p.end_date < datetime.now(timezone.utc)
        ^^^^^^^^^^^^^^^^^^^^^^^^^^^^^^^^^^^^^^^
TypeError: can't compare offset-naive and offset-aware datetimes
2026-07-22 10:43:55,560 - app.main - INFO - GET /api/v1/dashboard/stats
2026-07-22 10:43:55,643 - app.main - ERROR - Unhandled exception: can't compare offset-naive and offset-aware datetimes
  + Exception Group Traceback (most recent call last):
  |   File "C:\Users\hp\Downloads\pfa-anwar\cmf-platform\backend\venv\Lib\site-packages\starlette\_utils.py", line 77, in collapse_excgroups
  |     yield
  |   File "C:\Users\hp\Downloads\pfa-anwar\cmf-platform\backend\venv\Lib\site-packages\starlette\middleware\base.py", line 186, in __call__
  |     async with anyio.create_task_group() as task_group:
  |   File "C:\Users\hp\Downloads\pfa-anwar\cmf-platform\backend\venv\Lib\site-packages\anyio\_backends\_asyncio.py", line 815, in __aexit__
  |     raise BaseExceptionGroup(
  | ExceptionGroup: unhandled errors in a TaskGroup (1 sub-exception)
  +-+---------------- 1 ----------------
    | Traceback (most recent call last):
    |   File "C:\Users\hp\Downloads\pfa-anwar\cmf-platform\backend\venv\Lib\site-packages\starlette\middleware\errors.py", line 165, in __call__
    |     await self.app(scope, receive, _send)
    |   File "C:\Users\hp\Downloads\pfa-anwar\cmf-platform\backend\venv\Lib\site-packages\starlette\middleware\base.py", line 185, in __call__
    |     with collapse_excgroups():
    |   File "C:\Users\hp\AppData\Local\Programs\Python\Python311\Lib\contextlib.py", line 155, in __exit__
    |     self.gen.throw(typ, value, traceback)
    |   File "C:\Users\hp\Downloads\pfa-anwar\cmf-platform\backend\venv\Lib\site-packages\starlette\_utils.py", line 83, in collapse_excgroups
    |     raise exc
    |   File "C:\Users\hp\Downloads\pfa-anwar\cmf-platform\backend\venv\Lib\site-packages\starlette\middleware\base.py", line 187, in __call__
    |     response = await self.dispatch_func(request, call_next)
    |                ^^^^^^^^^^^^^^^^^^^^^^^^^^^^^^^^^^^^^^^^^^^^
    |   File "C:\Users\hp\Downloads\pfa-anwar\cmf-platform\backend\app\main.py", line 134, in rate_limit_middleware
    |     response = await call_next(request)
    |                ^^^^^^^^^^^^^^^^^^^^^^^^
    |   File "C:\Users\hp\Downloads\pfa-anwar\cmf-platform\backend\venv\Lib\site-packages\starlette\middleware\base.py", line 163, in call_next
    |     raise app_exc
    |   File "C:\Users\hp\Downloads\pfa-anwar\cmf-platform\backend\venv\Lib\site-packages\starlette\middleware\base.py", line 149, in coro
    |     await self.app(scope, receive_or_disconnect, send_no_error)
    |   File "C:\Users\hp\Downloads\pfa-anwar\cmf-platform\backend\venv\Lib\site-packages\starlette\middleware\base.py", line 185, in __call__
    |     with collapse_excgroups():
    |   File "C:\Users\hp\AppData\Local\Programs\Python\Python311\Lib\contextlib.py", line 155, in __exit__
    |     self.gen.throw(typ, value, traceback)
    |   File "C:\Users\hp\Downloads\pfa-anwar\cmf-platform\backend\venv\Lib\site-packages\starlette\_utils.py", line 83, in collapse_excgroups
    |     raise exc
    |   File "C:\Users\hp\Downloads\pfa-anwar\cmf-platform\backend\venv\Lib\site-packages\starlette\middleware\base.py", line 187, in __call__
    |     response = await self.dispatch_func(request, call_next)
    |                ^^^^^^^^^^^^^^^^^^^^^^^^^^^^^^^^^^^^^^^^^^^^
    |   File "C:\Users\hp\Downloads\pfa-anwar\cmf-platform\backend\app\main.py", line 109, in logging_middleware
    |     response = await call_next(request)
    |                ^^^^^^^^^^^^^^^^^^^^^^^^
    |   File "C:\Users\hp\Downloads\pfa-anwar\cmf-platform\backend\venv\Lib\site-packages\starlette\middleware\base.py", line 163, in call_next
    |     raise app_exc
    |   File "C:\Users\hp\Downloads\pfa-anwar\cmf-platform\backend\venv\Lib\site-packages\starlette\middleware\base.py", line 149, in coro
    |     await self.app(scope, receive_or_disconnect, send_no_error)
    |   File "C:\Users\hp\Downloads\pfa-anwar\cmf-platform\backend\venv\Lib\site-packages\starlette\middleware\base.py", line 185, in __call__
    |     with collapse_excgroups():
    |   File "C:\Users\hp\AppData\Local\Programs\Python\Python311\Lib\contextlib.py", line 155, in __exit__
    |     self.gen.throw(typ, value, traceback)
    |   File "C:\Users\hp\Downloads\pfa-anwar\cmf-platform\backend\venv\Lib\site-packages\starlette\_utils.py", line 83, in collapse_excgroups
    |     raise exc
    |   File "C:\Users\hp\Downloads\pfa-anwar\cmf-platform\backend\venv\Lib\site-packages\starlette\middleware\base.py", line 187, in __call__
    |     response = await self.dispatch_func(request, call_next)
    |                ^^^^^^^^^^^^^^^^^^^^^^^^^^^^^^^^^^^^^^^^^^^^
    |   File "C:\Users\hp\Downloads\pfa-anwar\cmf-platform\backend\app\main.py", line 98, in request_id_middleware
    |     response = await call_next(request)
    |                ^^^^^^^^^^^^^^^^^^^^^^^^
    |   File "C:\Users\hp\Downloads\pfa-anwar\cmf-platform\backend\venv\Lib\site-packages\starlette\middleware\base.py", line 163, in call_next
    |     raise app_exc
    |   File "C:\Users\hp\Downloads\pfa-anwar\cmf-platform\backend\venv\Lib\site-packages\starlette\middleware\base.py", line 149, in coro
    |     await self.app(scope, receive_or_disconnect, send_no_error)
    |   File "C:\Users\hp\Downloads\pfa-anwar\cmf-platform\backend\venv\Lib\site-packages\starlette\middleware\cors.py", line 85, in __call__
    |     await self.app(scope, receive, send)
    |   File "C:\Users\hp\Downloads\pfa-anwar\cmf-platform\backend\venv\Lib\site-packages\starlette\middleware\base.py", line 185, in __call__
    |     with collapse_excgroups():
    |   File "C:\Users\hp\AppData\Local\Programs\Python\Python311\Lib\contextlib.py", line 155, in __exit__
    |     self.gen.throw(typ, value, traceback)
    |   File "C:\Users\hp\Downloads\pfa-anwar\cmf-platform\backend\venv\Lib\site-packages\starlette\_utils.py", line 83, in collapse_excgroups
    |     raise exc
    |   File "C:\Users\hp\Downloads\pfa-anwar\cmf-platform\backend\venv\Lib\site-packages\starlette\middleware\base.py", line 187, in __call__
    |     response = await self.dispatch_func(request, call_next)
    |                ^^^^^^^^^^^^^^^^^^^^^^^^^^^^^^^^^^^^^^^^^^^^
    |   File "C:\Users\hp\Downloads\pfa-anwar\cmf-platform\backend\app\main.py", line 71, in strip_trailing_slash_middleware
    |     return await call_next(request)
    |            ^^^^^^^^^^^^^^^^^^^^^^^^
    |   File "C:\Users\hp\Downloads\pfa-anwar\cmf-platform\backend\venv\Lib\site-packages\starlette\middleware\base.py", line 163, in call_next
    |     raise app_exc
    |   File "C:\Users\hp\Downloads\pfa-anwar\cmf-platform\backend\venv\Lib\site-packages\starlette\middleware\base.py", line 149, in coro
    |     await self.app(scope, receive_or_disconnect, send_no_error)
    |   File "C:\Users\hp\Downloads\pfa-anwar\cmf-platform\backend\venv\Lib\site-packages\starlette\middleware\exceptions.py", line 62, in __call__
    |     await wrap_app_handling_exceptions(self.app, conn)(scope, receive, send)
    |   File "C:\Users\hp\Downloads\pfa-anwar\cmf-platform\backend\venv\Lib\site-packages\starlette\_exception_handler.py", line 62, in wrapped_app
    |     raise exc
    |   File "C:\Users\hp\Downloads\pfa-anwar\cmf-platform\backend\venv\Lib\site-packages\starlette\_exception_handler.py", line 51, in wrapped_app
    |     await app(scope, receive, sender)
    |   File "C:\Users\hp\Downloads\pfa-anwar\cmf-platform\backend\venv\Lib\site-packages\starlette\routing.py", line 715, in __call__
    |     await self.middleware_stack(scope, receive, send)
    |   File "C:\Users\hp\Downloads\pfa-anwar\cmf-platform\backend\venv\Lib\site-packages\starlette\routing.py", line 735, in app
    |     await route.handle(scope, receive, send)
    |   File "C:\Users\hp\Downloads\pfa-anwar\cmf-platform\backend\venv\Lib\site-packages\starlette\routing.py", line 288, in handle
    |     await self.app(scope, receive, send)
    |   File "C:\Users\hp\Downloads\pfa-anwar\cmf-platform\backend\venv\Lib\site-packages\starlette\routing.py", line 76, in app
    |     await wrap_app_handling_exceptions(app, request)(scope, receive, send)
    |   File "C:\Users\hp\Downloads\pfa-anwar\cmf-platform\backend\venv\Lib\site-packages\starlette\_exception_handler.py", line 62, in wrapped_app
    |     raise exc
    |   File "C:\Users\hp\Downloads\pfa-anwar\cmf-platform\backend\venv\Lib\site-packages\starlette\_exception_handler.py", line 51, in wrapped_app
    |     await app(scope, receive, sender)
    |   File "C:\Users\hp\Downloads\pfa-anwar\cmf-platform\backend\venv\Lib\site-packages\starlette\routing.py", line 73, in app
    |     response = await f(request)
    |                ^^^^^^^^^^^^^^^^
    |   File "C:\Users\hp\AppData\Local\Programs\Python\Python311\Lib\contextlib.py", line 222, in __aexit__
    |     await self.gen.athrow(typ, value, traceback)
    |   File "C:\Users\hp\Downloads\pfa-anwar\cmf-platform\backend\app\api\deps.py", line 42, in get_db
    |     yield session
    |   File "C:\Users\hp\Downloads\pfa-anwar\cmf-platform\backend\venv\Lib\site-packages\fastapi\routing.py", line 301, in app
    |     raw_response = await run_endpoint_function(
    |                    ^^^^^^^^^^^^^^^^^^^^^^^^^^^^
    |   File "C:\Users\hp\Downloads\pfa-anwar\cmf-platform\backend\venv\Lib\site-packages\fastapi\routing.py", line 212, in run_endpoint_function
    |     return await dependant.call(**values)
    |            ^^^^^^^^^^^^^^^^^^^^^^^^^^^^^^
    |   File "C:\Users\hp\Downloads\pfa-anwar\cmf-platform\backend\app\api\v1\endpoints\dashboard.py", line 24, in dashboard_stats
    |     return await dashboard_service.get_dashboard_stats()
    |            ^^^^^^^^^^^^^^^^^^^^^^^^^^^^^^^^^^^^^^^^^^^^^
    |   File "C:\Users\hp\Downloads\pfa-anwar\cmf-platform\backend\app\application\services\dashboard_service.py", line 26, in get_dashboard_stats
    |     stats = await self._compute_stats()
    |             ^^^^^^^^^^^^^^^^^^^^^^^^^^^
    |   File "C:\Users\hp\Downloads\pfa-anwar\cmf-platform\backend\app\application\services\dashboard_service.py", line 43, in _compute_stats
    |     delayed_projects = len([
    |                            ^
    |   File "C:\Users\hp\Downloads\pfa-anwar\cmf-platform\backend\app\application\services\dashboard_service.py", line 47, in <listcomp>
    |     and p.end_date < datetime.now(timezone.utc)
    |         ^^^^^^^^^^^^^^^^^^^^^^^^^^^^^^^^^^^^^^^
    | TypeError: can't compare offset-naive and offset-aware datetimes
    +------------------------------------

During handling of the above exception, another exception occurred:

Traceback (most recent call last):
  File "C:\Users\hp\Downloads\pfa-anwar\cmf-platform\backend\venv\Lib\site-packages\starlette\middleware\errors.py", line 165, in __call__
    await self.app(scope, receive, _send)
  File "C:\Users\hp\Downloads\pfa-anwar\cmf-platform\backend\venv\Lib\site-packages\starlette\middleware\base.py", line 185, in __call__
    with collapse_excgroups():
  File "C:\Users\hp\AppData\Local\Programs\Python\Python311\Lib\contextlib.py", line 155, in __exit__
    self.gen.throw(typ, value, traceback)
  File "C:\Users\hp\Downloads\pfa-anwar\cmf-platform\backend\venv\Lib\site-packages\starlette\_utils.py", line 83, in collapse_excgroups
    raise exc
  File "C:\Users\hp\Downloads\pfa-anwar\cmf-platform\backend\venv\Lib\site-packages\starlette\middleware\base.py", line 187, in __call__
    response = await self.dispatch_func(request, call_next)
               ^^^^^^^^^^^^^^^^^^^^^^^^^^^^^^^^^^^^^^^^^^^^
  File "C:\Users\hp\Downloads\pfa-anwar\cmf-platform\backend\app\main.py", line 134, in rate_limit_middleware
    response = await call_next(request)
               ^^^^^^^^^^^^^^^^^^^^^^^^
  File "C:\Users\hp\Downloads\pfa-anwar\cmf-platform\backend\venv\Lib\site-packages\starlette\middleware\base.py", line 163, in call_next
    raise app_exc
  File "C:\Users\hp\Downloads\pfa-anwar\cmf-platform\backend\venv\Lib\site-packages\starlette\middleware\base.py", line 149, in coro
    await self.app(scope, receive_or_disconnect, send_no_error)
  File "C:\Users\hp\Downloads\pfa-anwar\cmf-platform\backend\venv\Lib\site-packages\starlette\middleware\base.py", line 185, in __call__
    with collapse_excgroups():
  File "C:\Users\hp\AppData\Local\Programs\Python\Python311\Lib\contextlib.py", line 155, in __exit__
    self.gen.throw(typ, value, traceback)
  File "C:\Users\hp\Downloads\pfa-anwar\cmf-platform\backend\venv\Lib\site-packages\starlette\_utils.py", line 83, in collapse_excgroups
    raise exc
  File "C:\Users\hp\Downloads\pfa-anwar\cmf-platform\backend\venv\Lib\site-packages\starlette\middleware\base.py", line 187, in __call__
    response = await self.dispatch_func(request, call_next)
               ^^^^^^^^^^^^^^^^^^^^^^^^^^^^^^^^^^^^^^^^^^^^
  File "C:\Users\hp\Downloads\pfa-anwar\cmf-platform\backend\app\main.py", line 109, in logging_middleware
    response = await call_next(request)
               ^^^^^^^^^^^^^^^^^^^^^^^^
  File "C:\Users\hp\Downloads\pfa-anwar\cmf-platform\backend\venv\Lib\site-packages\starlette\middleware\base.py", line 163, in call_next
    raise app_exc
  File "C:\Users\hp\Downloads\pfa-anwar\cmf-platform\backend\venv\Lib\site-packages\starlette\middleware\base.py", line 149, in coro
    await self.app(scope, receive_or_disconnect, send_no_error)
  File "C:\Users\hp\Downloads\pfa-anwar\cmf-platform\backend\venv\Lib\site-packages\starlette\middleware\base.py", line 185, in __call__
    with collapse_excgroups():
  File "C:\Users\hp\AppData\Local\Programs\Python\Python311\Lib\contextlib.py", line 155, in __exit__
    self.gen.throw(typ, value, traceback)
  File "C:\Users\hp\Downloads\pfa-anwar\cmf-platform\backend\venv\Lib\site-packages\starlette\_utils.py", line 83, in collapse_excgroups
    raise exc
  File "C:\Users\hp\Downloads\pfa-anwar\cmf-platform\backend\venv\Lib\site-packages\starlette\middleware\base.py", line 187, in __call__
    response = await self.dispatch_func(request, call_next)
               ^^^^^^^^^^^^^^^^^^^^^^^^^^^^^^^^^^^^^^^^^^^^
  File "C:\Users\hp\Downloads\pfa-anwar\cmf-platform\backend\app\main.py", line 98, in request_id_middleware
    response = await call_next(request)
               ^^^^^^^^^^^^^^^^^^^^^^^^
  File "C:\Users\hp\Downloads\pfa-anwar\cmf-platform\backend\venv\Lib\site-packages\starlette\middleware\base.py", line 163, in call_next
    raise app_exc
  File "C:\Users\hp\Downloads\pfa-anwar\cmf-platform\backend\venv\Lib\site-packages\starlette\middleware\base.py", line 149, in coro
    await self.app(scope, receive_or_disconnect, send_no_error)
  File "C:\Users\hp\Downloads\pfa-anwar\cmf-platform\backend\venv\Lib\site-packages\starlette\middleware\cors.py", line 85, in __call__
    await self.app(scope, receive, send)
  File "C:\Users\hp\Downloads\pfa-anwar\cmf-platform\backend\venv\Lib\site-packages\starlette\middleware\base.py", line 185, in __call__
    with collapse_excgroups():
  File "C:\Users\hp\AppData\Local\Programs\Python\Python311\Lib\contextlib.py", line 155, in __exit__
    self.gen.throw(typ, value, traceback)
  File "C:\Users\hp\Downloads\pfa-anwar\cmf-platform\backend\venv\Lib\site-packages\starlette\_utils.py", line 83, in collapse_excgroups
    raise exc
  File "C:\Users\hp\Downloads\pfa-anwar\cmf-platform\backend\venv\Lib\site-packages\starlette\middleware\base.py", line 187, in __call__
    response = await self.dispatch_func(request, call_next)
               ^^^^^^^^^^^^^^^^^^^^^^^^^^^^^^^^^^^^^^^^^^^^
  File "C:\Users\hp\Downloads\pfa-anwar\cmf-platform\backend\app\main.py", line 71, in strip_trailing_slash_middleware
    return await call_next(request)
           ^^^^^^^^^^^^^^^^^^^^^^^^
  File "C:\Users\hp\Downloads\pfa-anwar\cmf-platform\backend\venv\Lib\site-packages\starlette\middleware\base.py", line 163, in call_next
    raise app_exc
  File "C:\Users\hp\Downloads\pfa-anwar\cmf-platform\backend\venv\Lib\site-packages\starlette\middleware\base.py", line 149, in coro
    await self.app(scope, receive_or_disconnect, send_no_error)
  File "C:\Users\hp\Downloads\pfa-anwar\cmf-platform\backend\venv\Lib\site-packages\starlette\middleware\exceptions.py", line 62, in __call__
    await wrap_app_handling_exceptions(self.app, conn)(scope, receive, send)
  File "C:\Users\hp\Downloads\pfa-anwar\cmf-platform\backend\venv\Lib\site-packages\starlette\_exception_handler.py", line 62, in wrapped_app
    raise exc
  File "C:\Users\hp\Downloads\pfa-anwar\cmf-platform\backend\venv\Lib\site-packages\starlette\_exception_handler.py", line 51, in wrapped_app
    await app(scope, receive, sender)
  File "C:\Users\hp\Downloads\pfa-anwar\cmf-platform\backend\venv\Lib\site-packages\starlette\routing.py", line 715, in __call__
    await self.middleware_stack(scope, receive, send)
  File "C:\Users\hp\Downloads\pfa-anwar\cmf-platform\backend\venv\Lib\site-packages\starlette\routing.py", line 735, in app
    await route.handle(scope, receive, send)
  File "C:\Users\hp\Downloads\pfa-anwar\cmf-platform\backend\venv\Lib\site-packages\starlette\routing.py", line 288, in handle
    await self.app(scope, receive, send)
  File "C:\Users\hp\Downloads\pfa-anwar\cmf-platform\backend\venv\Lib\site-packages\starlette\routing.py", line 76, in app
    await wrap_app_handling_exceptions(app, request)(scope, receive, send)
  File "C:\Users\hp\Downloads\pfa-anwar\cmf-platform\backend\venv\Lib\site-packages\starlette\_exception_handler.py", line 62, in wrapped_app
    raise exc
  File "C:\Users\hp\Downloads\pfa-anwar\cmf-platform\backend\venv\Lib\site-packages\starlette\_exception_handler.py", line 51, in wrapped_app
    await app(scope, receive, sender)
  File "C:\Users\hp\Downloads\pfa-anwar\cmf-platform\backend\venv\Lib\site-packages\starlette\routing.py", line 73, in app
    response = await f(request)
               ^^^^^^^^^^^^^^^^
  File "C:\Users\hp\AppData\Local\Programs\Python\Python311\Lib\contextlib.py", line 222, in __aexit__
    await self.gen.athrow(typ, value, traceback)
  File "C:\Users\hp\Downloads\pfa-anwar\cmf-platform\backend\app\api\deps.py", line 42, in get_db
    yield session
  File "C:\Users\hp\Downloads\pfa-anwar\cmf-platform\backend\venv\Lib\site-packages\fastapi\routing.py", line 301, in app
    raw_response = await run_endpoint_function(
                   ^^^^^^^^^^^^^^^^^^^^^^^^^^^^
  File "C:\Users\hp\Downloads\pfa-anwar\cmf-platform\backend\venv\Lib\site-packages\fastapi\routing.py", line 212, in run_endpoint_function
    return await dependant.call(**values)
           ^^^^^^^^^^^^^^^^^^^^^^^^^^^^^^
  File "C:\Users\hp\Downloads\pfa-anwar\cmf-platform\backend\app\api\v1\endpoints\dashboard.py", line 24, in dashboard_stats
    return await dashboard_service.get_dashboard_stats()
           ^^^^^^^^^^^^^^^^^^^^^^^^^^^^^^^^^^^^^^^^^^^^^
  File "C:\Users\hp\Downloads\pfa-anwar\cmf-platform\backend\app\application\services\dashboard_service.py", line 26, in get_dashboard_stats
    stats = await self._compute_stats()
            ^^^^^^^^^^^^^^^^^^^^^^^^^^^
  File "C:\Users\hp\Downloads\pfa-anwar\cmf-platform\backend\app\application\services\dashboard_service.py", line 43, in _compute_stats
    delayed_projects = len([
                           ^
  File "C:\Users\hp\Downloads\pfa-anwar\cmf-platform\backend\app\application\services\dashboard_service.py", line 47, in <listcomp>
    and p.end_date < datetime.now(timezone.utc)
        ^^^^^^^^^^^^^^^^^^^^^^^^^^^^^^^^^^^^^^^
TypeError: can't compare offset-naive and offset-aware datetimes
2026-07-22 10:43:56,691 - app.main - INFO - GET /api/v1/dashboard/stats
2026-07-22 10:43:56,828 - app.main - ERROR - Unhandled exception: can't compare offset-naive and offset-aware datetimes
  + Exception Group Traceback (most recent call last):
  |   File "C:\Users\hp\Downloads\pfa-anwar\cmf-platform\backend\venv\Lib\site-packages\starlette\_utils.py", line 77, in collapse_excgroups
  |     yield
  |   File "C:\Users\hp\Downloads\pfa-anwar\cmf-platform\backend\venv\Lib\site-packages\starlette\middleware\base.py", line 186, in __call__
  |     async with anyio.create_task_group() as task_group:
  |   File "C:\Users\hp\Downloads\pfa-anwar\cmf-platform\backend\venv\Lib\site-packages\anyio\_backends\_asyncio.py", line 815, in __aexit__
  |     raise BaseExceptionGroup(
  | ExceptionGroup: unhandled errors in a TaskGroup (1 sub-exception)
  +-+---------------- 1 ----------------
    | Traceback (most recent call last):
    |   File "C:\Users\hp\Downloads\pfa-anwar\cmf-platform\backend\venv\Lib\site-packages\starlette\middleware\errors.py", line 165, in __call__
    |     await self.app(scope, receive, _send)
    |   File "C:\Users\hp\Downloads\pfa-anwar\cmf-platform\backend\venv\Lib\site-packages\starlette\middleware\base.py", line 185, in __call__
    |     with collapse_excgroups():
    |   File "C:\Users\hp\AppData\Local\Programs\Python\Python311\Lib\contextlib.py", line 155, in __exit__
    |     self.gen.throw(typ, value, traceback)
    |   File "C:\Users\hp\Downloads\pfa-anwar\cmf-platform\backend\venv\Lib\site-packages\starlette\_utils.py", line 83, in collapse_excgroups
    |     raise exc
    |   File "C:\Users\hp\Downloads\pfa-anwar\cmf-platform\backend\venv\Lib\site-packages\starlette\middleware\base.py", line 187, in __call__
    |     response = await self.dispatch_func(request, call_next)
    |                ^^^^^^^^^^^^^^^^^^^^^^^^^^^^^^^^^^^^^^^^^^^^
    |   File "C:\Users\hp\Downloads\pfa-anwar\cmf-platform\backend\app\main.py", line 134, in rate_limit_middleware
    |     response = await call_next(request)
    |                ^^^^^^^^^^^^^^^^^^^^^^^^
    |   File "C:\Users\hp\Downloads\pfa-anwar\cmf-platform\backend\venv\Lib\site-packages\starlette\middleware\base.py", line 163, in call_next
    |     raise app_exc
    |   File "C:\Users\hp\Downloads\pfa-anwar\cmf-platform\backend\venv\Lib\site-packages\starlette\middleware\base.py", line 149, in coro
    |     await self.app(scope, receive_or_disconnect, send_no_error)
    |   File "C:\Users\hp\Downloads\pfa-anwar\cmf-platform\backend\venv\Lib\site-packages\starlette\middleware\base.py", line 185, in __call__
    |     with collapse_excgroups():
    |   File "C:\Users\hp\AppData\Local\Programs\Python\Python311\Lib\contextlib.py", line 155, in __exit__
    |     self.gen.throw(typ, value, traceback)
    |   File "C:\Users\hp\Downloads\pfa-anwar\cmf-platform\backend\venv\Lib\site-packages\starlette\_utils.py", line 83, in collapse_excgroups
    |     raise exc
    |   File "C:\Users\hp\Downloads\pfa-anwar\cmf-platform\backend\venv\Lib\site-packages\starlette\middleware\base.py", line 187, in __call__
    |     response = await self.dispatch_func(request, call_next)
    |                ^^^^^^^^^^^^^^^^^^^^^^^^^^^^^^^^^^^^^^^^^^^^
    |   File "C:\Users\hp\Downloads\pfa-anwar\cmf-platform\backend\app\main.py", line 109, in logging_middleware
    |     response = await call_next(request)
    |                ^^^^^^^^^^^^^^^^^^^^^^^^
    |   File "C:\Users\hp\Downloads\pfa-anwar\cmf-platform\backend\venv\Lib\site-packages\starlette\middleware\base.py", line 163, in call_next
    |     raise app_exc
    |   File "C:\Users\hp\Downloads\pfa-anwar\cmf-platform\backend\venv\Lib\site-packages\starlette\middleware\base.py", line 149, in coro
    |     await self.app(scope, receive_or_disconnect, send_no_error)
    |   File "C:\Users\hp\Downloads\pfa-anwar\cmf-platform\backend\venv\Lib\site-packages\starlette\middleware\base.py", line 185, in __call__
    |     with collapse_excgroups():
    |   File "C:\Users\hp\AppData\Local\Programs\Python\Python311\Lib\contextlib.py", line 155, in __exit__
    |     self.gen.throw(typ, value, traceback)
    |   File "C:\Users\hp\Downloads\pfa-anwar\cmf-platform\backend\venv\Lib\site-packages\starlette\_utils.py", line 83, in collapse_excgroups
    |     raise exc
    |   File "C:\Users\hp\Downloads\pfa-anwar\cmf-platform\backend\venv\Lib\site-packages\starlette\middleware\base.py", line 187, in __call__
    |     response = await self.dispatch_func(request, call_next)
    |                ^^^^^^^^^^^^^^^^^^^^^^^^^^^^^^^^^^^^^^^^^^^^
    |   File "C:\Users\hp\Downloads\pfa-anwar\cmf-platform\backend\app\main.py", line 98, in request_id_middleware
    |     response = await call_next(request)
    |                ^^^^^^^^^^^^^^^^^^^^^^^^
    |   File "C:\Users\hp\Downloads\pfa-anwar\cmf-platform\backend\venv\Lib\site-packages\starlette\middleware\base.py", line 163, in call_next
    |     raise app_exc
    |   File "C:\Users\hp\Downloads\pfa-anwar\cmf-platform\backend\venv\Lib\site-packages\starlette\middleware\base.py", line 149, in coro
    |     await self.app(scope, receive_or_disconnect, send_no_error)
    |   File "C:\Users\hp\Downloads\pfa-anwar\cmf-platform\backend\venv\Lib\site-packages\starlette\middleware\cors.py", line 85, in __call__
    |     await self.app(scope, receive, send)
    |   File "C:\Users\hp\Downloads\pfa-anwar\cmf-platform\backend\venv\Lib\site-packages\starlette\middleware\base.py", line 185, in __call__
    |     with collapse_excgroups():
    |   File "C:\Users\hp\AppData\Local\Programs\Python\Python311\Lib\contextlib.py", line 155, in __exit__
    |     self.gen.throw(typ, value, traceback)
    |   File "C:\Users\hp\Downloads\pfa-anwar\cmf-platform\backend\venv\Lib\site-packages\starlette\_utils.py", line 83, in collapse_excgroups
    |     raise exc
    |   File "C:\Users\hp\Downloads\pfa-anwar\cmf-platform\backend\venv\Lib\site-packages\starlette\middleware\base.py", line 187, in __call__
    |     response = await self.dispatch_func(request, call_next)
    |                ^^^^^^^^^^^^^^^^^^^^^^^^^^^^^^^^^^^^^^^^^^^^
    |   File "C:\Users\hp\Downloads\pfa-anwar\cmf-platform\backend\app\main.py", line 71, in strip_trailing_slash_middleware
    |     return await call_next(request)
    |            ^^^^^^^^^^^^^^^^^^^^^^^^
    |   File "C:\Users\hp\Downloads\pfa-anwar\cmf-platform\backend\venv\Lib\site-packages\starlette\middleware\base.py", line 163, in call_next
    |     raise app_exc
    |   File "C:\Users\hp\Downloads\pfa-anwar\cmf-platform\backend\venv\Lib\site-packages\starlette\middleware\base.py", line 149, in coro
    |     await self.app(scope, receive_or_disconnect, send_no_error)
    |   File "C:\Users\hp\Downloads\pfa-anwar\cmf-platform\backend\venv\Lib\site-packages\starlette\middleware\exceptions.py", line 62, in __call__
    |     await wrap_app_handling_exceptions(self.app, conn)(scope, receive, send)
    |   File "C:\Users\hp\Downloads\pfa-anwar\cmf-platform\backend\venv\Lib\site-packages\starlette\_exception_handler.py", line 62, in wrapped_app
    |     raise exc
    |   File "C:\Users\hp\Downloads\pfa-anwar\cmf-platform\backend\venv\Lib\site-packages\starlette\_exception_handler.py", line 51, in wrapped_app
    |     await app(scope, receive, sender)
    |   File "C:\Users\hp\Downloads\pfa-anwar\cmf-platform\backend\venv\Lib\site-packages\starlette\routing.py", line 715, in __call__
    |     await self.middleware_stack(scope, receive, send)
    |   File "C:\Users\hp\Downloads\pfa-anwar\cmf-platform\backend\venv\Lib\site-packages\starlette\routing.py", line 735, in app
    |     await route.handle(scope, receive, send)
    |   File "C:\Users\hp\Downloads\pfa-anwar\cmf-platform\backend\venv\Lib\site-packages\starlette\routing.py", line 288, in handle
    |     await self.app(scope, receive, send)
    |   File "C:\Users\hp\Downloads\pfa-anwar\cmf-platform\backend\venv\Lib\site-packages\starlette\routing.py", line 76, in app
    |     await wrap_app_handling_exceptions(app, request)(scope, receive, send)
    |   File "C:\Users\hp\Downloads\pfa-anwar\cmf-platform\backend\venv\Lib\site-packages\starlette\_exception_handler.py", line 62, in wrapped_app
    |     raise exc
    |   File "C:\Users\hp\Downloads\pfa-anwar\cmf-platform\backend\venv\Lib\site-packages\starlette\_exception_handler.py", line 51, in wrapped_app
    |     await app(scope, receive, sender)
    |   File "C:\Users\hp\Downloads\pfa-anwar\cmf-platform\backend\venv\Lib\site-packages\starlette\routing.py", line 73, in app
    |     response = await f(request)
    |                ^^^^^^^^^^^^^^^^
    |   File "C:\Users\hp\AppData\Local\Programs\Python\Python311\Lib\contextlib.py", line 222, in __aexit__
    |     await self.gen.athrow(typ, value, traceback)
    |   File "C:\Users\hp\Downloads\pfa-anwar\cmf-platform\backend\app\api\deps.py", line 42, in get_db
    |     yield session
    |   File "C:\Users\hp\Downloads\pfa-anwar\cmf-platform\backend\venv\Lib\site-packages\fastapi\routing.py", line 301, in app
    |     raw_response = await run_endpoint_function(
    |                    ^^^^^^^^^^^^^^^^^^^^^^^^^^^^
    |   File "C:\Users\hp\Downloads\pfa-anwar\cmf-platform\backend\venv\Lib\site-packages\fastapi\routing.py", line 212, in run_endpoint_function
    |     return await dependant.call(**values)
    |            ^^^^^^^^^^^^^^^^^^^^^^^^^^^^^^
    |   File "C:\Users\hp\Downloads\pfa-anwar\cmf-platform\backend\app\api\v1\endpoints\dashboard.py", line 24, in dashboard_stats
    |     return await dashboard_service.get_dashboard_stats()
    |            ^^^^^^^^^^^^^^^^^^^^^^^^^^^^^^^^^^^^^^^^^^^^^
    |   File "C:\Users\hp\Downloads\pfa-anwar\cmf-platform\backend\app\application\services\dashboard_service.py", line 26, in get_dashboard_stats
    |     stats = await self._compute_stats()
    |             ^^^^^^^^^^^^^^^^^^^^^^^^^^^
    |   File "C:\Users\hp\Downloads\pfa-anwar\cmf-platform\backend\app\application\services\dashboard_service.py", line 43, in _compute_stats
    |     delayed_projects = len([
    |                            ^
    |   File "C:\Users\hp\Downloads\pfa-anwar\cmf-platform\backend\app\application\services\dashboard_service.py", line 47, in <listcomp>
    |     and p.end_date < datetime.now(timezone.utc)
    |         ^^^^^^^^^^^^^^^^^^^^^^^^^^^^^^^^^^^^^^^
    | TypeError: can't compare offset-naive and offset-aware datetimes
    +------------------------------------

During handling of the above exception, another exception occurred:

Traceback (most recent call last):
  File "C:\Users\hp\Downloads\pfa-anwar\cmf-platform\backend\venv\Lib\site-packages\starlette\middleware\errors.py", line 165, in __call__
    await self.app(scope, receive, _send)
  File "C:\Users\hp\Downloads\pfa-anwar\cmf-platform\backend\venv\Lib\site-packages\starlette\middleware\base.py", line 185, in __call__
    with collapse_excgroups():
  File "C:\Users\hp\AppData\Local\Programs\Python\Python311\Lib\contextlib.py", line 155, in __exit__
    self.gen.throw(typ, value, traceback)
  File "C:\Users\hp\Downloads\pfa-anwar\cmf-platform\backend\venv\Lib\site-packages\starlette\_utils.py", line 83, in collapse_excgroups
    raise exc
  File "C:\Users\hp\Downloads\pfa-anwar\cmf-platform\backend\venv\Lib\site-packages\starlette\middleware\base.py", line 187, in __call__
    response = await self.dispatch_func(request, call_next)
               ^^^^^^^^^^^^^^^^^^^^^^^^^^^^^^^^^^^^^^^^^^^^
  File "C:\Users\hp\Downloads\pfa-anwar\cmf-platform\backend\app\main.py", line 134, in rate_limit_middleware
    response = await call_next(request)
               ^^^^^^^^^^^^^^^^^^^^^^^^
  File "C:\Users\hp\Downloads\pfa-anwar\cmf-platform\backend\venv\Lib\site-packages\starlette\middleware\base.py", line 163, in call_next
    raise app_exc
  File "C:\Users\hp\Downloads\pfa-anwar\cmf-platform\backend\venv\Lib\site-packages\starlette\middleware\base.py", line 149, in coro
    await self.app(scope, receive_or_disconnect, send_no_error)
  File "C:\Users\hp\Downloads\pfa-anwar\cmf-platform\backend\venv\Lib\site-packages\starlette\middleware\base.py", line 185, in __call__
    with collapse_excgroups():
  File "C:\Users\hp\AppData\Local\Programs\Python\Python311\Lib\contextlib.py", line 155, in __exit__
    self.gen.throw(typ, value, traceback)
  File "C:\Users\hp\Downloads\pfa-anwar\cmf-platform\backend\venv\Lib\site-packages\starlette\_utils.py", line 83, in collapse_excgroups
    raise exc
  File "C:\Users\hp\Downloads\pfa-anwar\cmf-platform\backend\venv\Lib\site-packages\starlette\middleware\base.py", line 187, in __call__
    response = await self.dispatch_func(request, call_next)
               ^^^^^^^^^^^^^^^^^^^^^^^^^^^^^^^^^^^^^^^^^^^^
  File "C:\Users\hp\Downloads\pfa-anwar\cmf-platform\backend\app\main.py", line 109, in logging_middleware
    response = await call_next(request)
               ^^^^^^^^^^^^^^^^^^^^^^^^
  File "C:\Users\hp\Downloads\pfa-anwar\cmf-platform\backend\venv\Lib\site-packages\starlette\middleware\base.py", line 163, in call_next
    raise app_exc
  File "C:\Users\hp\Downloads\pfa-anwar\cmf-platform\backend\venv\Lib\site-packages\starlette\middleware\base.py", line 149, in coro
    await self.app(scope, receive_or_disconnect, send_no_error)
  File "C:\Users\hp\Downloads\pfa-anwar\cmf-platform\backend\venv\Lib\site-packages\starlette\middleware\base.py", line 185, in __call__
    with collapse_excgroups():
  File "C:\Users\hp\AppData\Local\Programs\Python\Python311\Lib\contextlib.py", line 155, in __exit__
    self.gen.throw(typ, value, traceback)
  File "C:\Users\hp\Downloads\pfa-anwar\cmf-platform\backend\venv\Lib\site-packages\starlette\_utils.py", line 83, in collapse_excgroups
    raise exc
  File "C:\Users\hp\Downloads\pfa-anwar\cmf-platform\backend\venv\Lib\site-packages\starlette\middleware\base.py", line 187, in __call__
    response = await self.dispatch_func(request, call_next)
               ^^^^^^^^^^^^^^^^^^^^^^^^^^^^^^^^^^^^^^^^^^^^
  File "C:\Users\hp\Downloads\pfa-anwar\cmf-platform\backend\app\main.py", line 98, in request_id_middleware
    response = await call_next(request)
               ^^^^^^^^^^^^^^^^^^^^^^^^
  File "C:\Users\hp\Downloads\pfa-anwar\cmf-platform\backend\venv\Lib\site-packages\starlette\middleware\base.py", line 163, in call_next
    raise app_exc
  File "C:\Users\hp\Downloads\pfa-anwar\cmf-platform\backend\venv\Lib\site-packages\starlette\middleware\base.py", line 149, in coro
    await self.app(scope, receive_or_disconnect, send_no_error)
  File "C:\Users\hp\Downloads\pfa-anwar\cmf-platform\backend\venv\Lib\site-packages\starlette\middleware\cors.py", line 85, in __call__
    await self.app(scope, receive, send)
  File "C:\Users\hp\Downloads\pfa-anwar\cmf-platform\backend\venv\Lib\site-packages\starlette\middleware\base.py", line 185, in __call__
    with collapse_excgroups():
  File "C:\Users\hp\AppData\Local\Programs\Python\Python311\Lib\contextlib.py", line 155, in __exit__
    self.gen.throw(typ, value, traceback)
  File "C:\Users\hp\Downloads\pfa-anwar\cmf-platform\backend\venv\Lib\site-packages\starlette\_utils.py", line 83, in collapse_excgroups
    raise exc
  File "C:\Users\hp\Downloads\pfa-anwar\cmf-platform\backend\venv\Lib\site-packages\starlette\middleware\base.py", line 187, in __call__
    response = await self.dispatch_func(request, call_next)
               ^^^^^^^^^^^^^^^^^^^^^^^^^^^^^^^^^^^^^^^^^^^^
  File "C:\Users\hp\Downloads\pfa-anwar\cmf-platform\backend\app\main.py", line 71, in strip_trailing_slash_middleware
    return await call_next(request)
           ^^^^^^^^^^^^^^^^^^^^^^^^
  File "C:\Users\hp\Downloads\pfa-anwar\cmf-platform\backend\venv\Lib\site-packages\starlette\middleware\base.py", line 163, in call_next
    raise app_exc
  File "C:\Users\hp\Downloads\pfa-anwar\cmf-platform\backend\venv\Lib\site-packages\starlette\middleware\base.py", line 149, in coro
    await self.app(scope, receive_or_disconnect, send_no_error)
  File "C:\Users\hp\Downloads\pfa-anwar\cmf-platform\backend\venv\Lib\site-packages\starlette\middleware\exceptions.py", line 62, in __call__
    await wrap_app_handling_exceptions(self.app, conn)(scope, receive, send)
  File "C:\Users\hp\Downloads\pfa-anwar\cmf-platform\backend\venv\Lib\site-packages\starlette\_exception_handler.py", line 62, in wrapped_app
    raise exc
  File "C:\Users\hp\Downloads\pfa-anwar\cmf-platform\backend\venv\Lib\site-packages\starlette\_exception_handler.py", line 51, in wrapped_app
    await app(scope, receive, sender)
  File "C:\Users\hp\Downloads\pfa-anwar\cmf-platform\backend\venv\Lib\site-packages\starlette\routing.py", line 715, in __call__
    await self.middleware_stack(scope, receive, send)
  File "C:\Users\hp\Downloads\pfa-anwar\cmf-platform\backend\venv\Lib\site-packages\starlette\routing.py", line 735, in app
    await route.handle(scope, receive, send)
  File "C:\Users\hp\Downloads\pfa-anwar\cmf-platform\backend\venv\Lib\site-packages\starlette\routing.py", line 288, in handle
    await self.app(scope, receive, send)
  File "C:\Users\hp\Downloads\pfa-anwar\cmf-platform\backend\venv\Lib\site-packages\starlette\routing.py", line 76, in app
    await wrap_app_handling_exceptions(app, request)(scope, receive, send)
  File "C:\Users\hp\Downloads\pfa-anwar\cmf-platform\backend\venv\Lib\site-packages\starlette\_exception_handler.py", line 62, in wrapped_app
    raise exc
  File "C:\Users\hp\Downloads\pfa-anwar\cmf-platform\backend\venv\Lib\site-packages\starlette\_exception_handler.py", line 51, in wrapped_app
    await app(scope, receive, sender)
  File "C:\Users\hp\Downloads\pfa-anwar\cmf-platform\backend\venv\Lib\site-packages\starlette\routing.py", line 73, in app
    response = await f(request)
               ^^^^^^^^^^^^^^^^
  File "C:\Users\hp\AppData\Local\Programs\Python\Python311\Lib\contextlib.py", line 222, in __aexit__
    await self.gen.athrow(typ, value, traceback)
  File "C:\Users\hp\Downloads\pfa-anwar\cmf-platform\backend\app\api\deps.py", line 42, in get_db
    yield session
  File "C:\Users\hp\Downloads\pfa-anwar\cmf-platform\backend\venv\Lib\site-packages\fastapi\routing.py", line 301, in app
    raw_response = await run_endpoint_function(
                   ^^^^^^^^^^^^^^^^^^^^^^^^^^^^
  File "C:\Users\hp\Downloads\pfa-anwar\cmf-platform\backend\venv\Lib\site-packages\fastapi\routing.py", line 212, in run_endpoint_function
    return await dependant.call(**values)
           ^^^^^^^^^^^^^^^^^^^^^^^^^^^^^^
  File "C:\Users\hp\Downloads\pfa-anwar\cmf-platform\backend\app\api\v1\endpoints\dashboard.py", line 24, in dashboard_stats
    return await dashboard_service.get_dashboard_stats()
           ^^^^^^^^^^^^^^^^^^^^^^^^^^^^^^^^^^^^^^^^^^^^^
  File "C:\Users\hp\Downloads\pfa-anwar\cmf-platform\backend\app\application\services\dashboard_service.py", line 26, in get_dashboard_stats
    stats = await self._compute_stats()
            ^^^^^^^^^^^^^^^^^^^^^^^^^^^
  File "C:\Users\hp\Downloads\pfa-anwar\cmf-platform\backend\app\application\services\dashboard_service.py", line 43, in _compute_stats
    delayed_projects = len([
                           ^
  File "C:\Users\hp\Downloads\pfa-anwar\cmf-platform\backend\app\application\services\dashboard_service.py", line 47, in <listcomp>
    and p.end_date < datetime.now(timezone.utc)
        ^^^^^^^^^^^^^^^^^^^^^^^^^^^^^^^^^^^^^^^
TypeError: can't compare offset-naive and offset-aware datetimes
2026-07-22 10:44:09,647 - app.main - INFO - GET /api/v1/auth/me
2026-07-22 10:44:09,697 - app.main - INFO - GET /api/v1/auth/me -> 200
2026-07-22 10:44:09,711 - app.main - INFO - GET /api/v1/auth/me
2026-07-22 10:44:09,768 - app.main - INFO - GET /api/v1/auth/me -> 200
2026-07-22 10:44:16,726 - app.main - INFO - GET /api/v1/projects/1
2026-07-22 10:44:16,795 - app.main - WARNING - Validation error: [{'type': 'uuid_parsing', 'loc': ('path', 'id'), 'msg': 'Input should be a valid UUID, invalid length: expected length 32 for simple format, found 1', 'input': '1', 'ctx': {'error': 'invalid length: expected length 32 for simple format, found 1'}}]
2026-07-22 10:44:16,798 - app.main - INFO - GET /api/v1/projects/1 -> 422
2026-07-22 10:44:17,828 - app.main - INFO - GET /api/v1/projects/1
2026-07-22 10:44:17,886 - app.main - WARNING - Validation error: [{'type': 'uuid_parsing', 'loc': ('path', 'id'), 'msg': 'Input should be a valid UUID, invalid length: expected length 32 for simple format, found 1', 'input': '1', 'ctx': {'error': 'invalid length: expected length 32 for simple format, found 1'}}]
2026-07-22 10:44:17,891 - app.main - INFO - GET /api/v1/projects/1 -> 422
2026-07-22 10:44:19,587 - app.main - INFO - GET /api/v1/projects/1
2026-07-22 10:44:19,652 - app.main - WARNING - Validation error: [{'type': 'uuid_parsing', 'loc': ('path', 'id'), 'msg': 'Input should be a valid UUID, invalid length: expected length 32 for simple format, found 1', 'input': '1', 'ctx': {'error': 'invalid length: expected length 32 for simple format, found 1'}}]
2026-07-22 10:44:19,657 - app.main - INFO - GET /api/v1/projects/1 -> 422
2026-07-22 10:44:20,691 - app.main - INFO - GET /api/v1/projects/1
2026-07-22 10:44:20,758 - app.main - WARNING - Validation error: [{'type': 'uuid_parsing', 'loc': ('path', 'id'), 'msg': 'Input should be a valid UUID, invalid length: expected length 32 for simple format, found 1', 'input': '1', 'ctx': {'error': 'invalid length: expected length 32 for simple format, found 1'}}]
2026-07-22 10:44:20,763 - app.main - INFO - GET /api/v1/projects/1 -> 422
2026-07-22 10:46:42,856 - app.main - INFO - GET /api/v1/auth/me
2026-07-22 10:46:42,934 - app.main - INFO - GET /api/v1/auth/me -> 200
2026-07-22 10:46:42,950 - app.main - INFO - GET /api/v1/auth/me
2026-07-22 10:46:43,007 - app.main - INFO - GET /api/v1/projects/1
2026-07-22 10:46:43,023 - app.main - INFO - GET /api/v1/auth/me -> 200
2026-07-22 10:46:43,060 - app.main - WARNING - Validation error: [{'type': 'uuid_parsing', 'loc': ('path', 'id'), 'msg': 'Input should be a valid UUID, invalid length: expected length 32 for simple format, found 1', 'input': '1', 'ctx': {'error': 'invalid length: expected length 32 for simple format, found 1'}}]
2026-07-22 10:46:43,062 - app.main - INFO - GET /api/v1/projects/1 -> 422
2026-07-22 10:46:44,099 - app.main - INFO - GET /api/v1/projects/1
2026-07-22 10:46:44,164 - app.main - WARNING - Validation error: [{'type': 'uuid_parsing', 'loc': ('path', 'id'), 'msg': 'Input should be a valid UUID, invalid length: expected length 32 for simple format, found 1', 'input': '1', 'ctx': {'error': 'invalid length: expected length 32 for simple format, found 1'}}]
2026-07-22 10:46:44,170 - app.main - INFO - GET /api/v1/projects/1 -> 422
2026-07-22 10:50:27,659 - app.main - INFO - GET /api/v1/dashboard/stats
2026-07-22 10:50:27,772 - app.main - ERROR - Unhandled exception: can't compare offset-naive and offset-aware datetimes
  + Exception Group Traceback (most recent call last):
  |   File "C:\Users\hp\Downloads\pfa-anwar\cmf-platform\backend\venv\Lib\site-packages\starlette\_utils.py", line 77, in collapse_excgroups
  |     yield
  |   File "C:\Users\hp\Downloads\pfa-anwar\cmf-platform\backend\venv\Lib\site-packages\starlette\middleware\base.py", line 186, in __call__
  |     async with anyio.create_task_group() as task_group:
  |   File "C:\Users\hp\Downloads\pfa-anwar\cmf-platform\backend\venv\Lib\site-packages\anyio\_backends\_asyncio.py", line 815, in __aexit__
  |     raise BaseExceptionGroup(
  | ExceptionGroup: unhandled errors in a TaskGroup (1 sub-exception)
  +-+---------------- 1 ----------------
    | Traceback (most recent call last):
    |   File "C:\Users\hp\Downloads\pfa-anwar\cmf-platform\backend\venv\Lib\site-packages\starlette\middleware\errors.py", line 165, in __call__
    |     await self.app(scope, receive, _send)
    |   File "C:\Users\hp\Downloads\pfa-anwar\cmf-platform\backend\venv\Lib\site-packages\starlette\middleware\base.py", line 185, in __call__
    |     with collapse_excgroups():
    |   File "C:\Users\hp\AppData\Local\Programs\Python\Python311\Lib\contextlib.py", line 155, in __exit__
    |     self.gen.throw(typ, value, traceback)
    |   File "C:\Users\hp\Downloads\pfa-anwar\cmf-platform\backend\venv\Lib\site-packages\starlette\_utils.py", line 83, in collapse_excgroups
    |     raise exc
    |   File "C:\Users\hp\Downloads\pfa-anwar\cmf-platform\backend\venv\Lib\site-packages\starlette\middleware\base.py", line 187, in __call__
    |     response = await self.dispatch_func(request, call_next)
    |                ^^^^^^^^^^^^^^^^^^^^^^^^^^^^^^^^^^^^^^^^^^^^
    |   File "C:\Users\hp\Downloads\pfa-anwar\cmf-platform\backend\app\main.py", line 134, in rate_limit_middleware
    |     response = await call_next(request)
    |                ^^^^^^^^^^^^^^^^^^^^^^^^
    |   File "C:\Users\hp\Downloads\pfa-anwar\cmf-platform\backend\venv\Lib\site-packages\starlette\middleware\base.py", line 163, in call_next
    |     raise app_exc
    |   File "C:\Users\hp\Downloads\pfa-anwar\cmf-platform\backend\venv\Lib\site-packages\starlette\middleware\base.py", line 149, in coro
    |     await self.app(scope, receive_or_disconnect, send_no_error)
    |   File "C:\Users\hp\Downloads\pfa-anwar\cmf-platform\backend\venv\Lib\site-packages\starlette\middleware\base.py", line 185, in __call__
    |     with collapse_excgroups():
    |   File "C:\Users\hp\AppData\Local\Programs\Python\Python311\Lib\contextlib.py", line 155, in __exit__
    |     self.gen.throw(typ, value, traceback)
    |   File "C:\Users\hp\Downloads\pfa-anwar\cmf-platform\backend\venv\Lib\site-packages\starlette\_utils.py", line 83, in collapse_excgroups
    |     raise exc
    |   File "C:\Users\hp\Downloads\pfa-anwar\cmf-platform\backend\venv\Lib\site-packages\starlette\middleware\base.py", line 187, in __call__
    |     response = await self.dispatch_func(request, call_next)
    |                ^^^^^^^^^^^^^^^^^^^^^^^^^^^^^^^^^^^^^^^^^^^^
    |   File "C:\Users\hp\Downloads\pfa-anwar\cmf-platform\backend\app\main.py", line 109, in logging_middleware
    |     response = await call_next(request)
    |                ^^^^^^^^^^^^^^^^^^^^^^^^
    |   File "C:\Users\hp\Downloads\pfa-anwar\cmf-platform\backend\venv\Lib\site-packages\starlette\middleware\base.py", line 163, in call_next
    |     raise app_exc
    |   File "C:\Users\hp\Downloads\pfa-anwar\cmf-platform\backend\venv\Lib\site-packages\starlette\middleware\base.py", line 149, in coro
    |     await self.app(scope, receive_or_disconnect, send_no_error)
    |   File "C:\Users\hp\Downloads\pfa-anwar\cmf-platform\backend\venv\Lib\site-packages\starlette\middleware\base.py", line 185, in __call__
    |     with collapse_excgroups():
    |   File "C:\Users\hp\AppData\Local\Programs\Python\Python311\Lib\contextlib.py", line 155, in __exit__
    |     self.gen.throw(typ, value, traceback)
    |   File "C:\Users\hp\Downloads\pfa-anwar\cmf-platform\backend\venv\Lib\site-packages\starlette\_utils.py", line 83, in collapse_excgroups
    |     raise exc
    |   File "C:\Users\hp\Downloads\pfa-anwar\cmf-platform\backend\venv\Lib\site-packages\starlette\middleware\base.py", line 187, in __call__
    |     response = await self.dispatch_func(request, call_next)
    |                ^^^^^^^^^^^^^^^^^^^^^^^^^^^^^^^^^^^^^^^^^^^^
    |   File "C:\Users\hp\Downloads\pfa-anwar\cmf-platform\backend\app\main.py", line 98, in request_id_middleware
    |     response = await call_next(request)
    |                ^^^^^^^^^^^^^^^^^^^^^^^^
    |   File "C:\Users\hp\Downloads\pfa-anwar\cmf-platform\backend\venv\Lib\site-packages\starlette\middleware\base.py", line 163, in call_next
    |     raise app_exc
    |   File "C:\Users\hp\Downloads\pfa-anwar\cmf-platform\backend\venv\Lib\site-packages\starlette\middleware\base.py", line 149, in coro
    |     await self.app(scope, receive_or_disconnect, send_no_error)
    |   File "C:\Users\hp\Downloads\pfa-anwar\cmf-platform\backend\venv\Lib\site-packages\starlette\middleware\cors.py", line 85, in __call__
    |     await self.app(scope, receive, send)
    |   File "C:\Users\hp\Downloads\pfa-anwar\cmf-platform\backend\venv\Lib\site-packages\starlette\middleware\base.py", line 185, in __call__
    |     with collapse_excgroups():
    |   File "C:\Users\hp\AppData\Local\Programs\Python\Python311\Lib\contextlib.py", line 155, in __exit__
    |     self.gen.throw(typ, value, traceback)
    |   File "C:\Users\hp\Downloads\pfa-anwar\cmf-platform\backend\venv\Lib\site-packages\starlette\_utils.py", line 83, in collapse_excgroups
    |     raise exc
    |   File "C:\Users\hp\Downloads\pfa-anwar\cmf-platform\backend\venv\Lib\site-packages\starlette\middleware\base.py", line 187, in __call__
    |     response = await self.dispatch_func(request, call_next)
    |                ^^^^^^^^^^^^^^^^^^^^^^^^^^^^^^^^^^^^^^^^^^^^
    |   File "C:\Users\hp\Downloads\pfa-anwar\cmf-platform\backend\app\main.py", line 71, in strip_trailing_slash_middleware
    |     return await call_next(request)
    |            ^^^^^^^^^^^^^^^^^^^^^^^^
    |   File "C:\Users\hp\Downloads\pfa-anwar\cmf-platform\backend\venv\Lib\site-packages\starlette\middleware\base.py", line 163, in call_next
    |     raise app_exc
    |   File "C:\Users\hp\Downloads\pfa-anwar\cmf-platform\backend\venv\Lib\site-packages\starlette\middleware\base.py", line 149, in coro
    |     await self.app(scope, receive_or_disconnect, send_no_error)
    |   File "C:\Users\hp\Downloads\pfa-anwar\cmf-platform\backend\venv\Lib\site-packages\starlette\middleware\exceptions.py", line 62, in __call__
    |     await wrap_app_handling_exceptions(self.app, conn)(scope, receive, send)
    |   File "C:\Users\hp\Downloads\pfa-anwar\cmf-platform\backend\venv\Lib\site-packages\starlette\_exception_handler.py", line 62, in wrapped_app
    |     raise exc
    |   File "C:\Users\hp\Downloads\pfa-anwar\cmf-platform\backend\venv\Lib\site-packages\starlette\_exception_handler.py", line 51, in wrapped_app
    |     await app(scope, receive, sender)
    |   File "C:\Users\hp\Downloads\pfa-anwar\cmf-platform\backend\venv\Lib\site-packages\starlette\routing.py", line 715, in __call__
    |     await self.middleware_stack(scope, receive, send)
    |   File "C:\Users\hp\Downloads\pfa-anwar\cmf-platform\backend\venv\Lib\site-packages\starlette\routing.py", line 735, in app
    |     await route.handle(scope, receive, send)
    |   File "C:\Users\hp\Downloads\pfa-anwar\cmf-platform\backend\venv\Lib\site-packages\starlette\routing.py", line 288, in handle
    |     await self.app(scope, receive, send)
    |   File "C:\Users\hp\Downloads\pfa-anwar\cmf-platform\backend\venv\Lib\site-packages\starlette\routing.py", line 76, in app
    |     await wrap_app_handling_exceptions(app, request)(scope, receive, send)
    |   File "C:\Users\hp\Downloads\pfa-anwar\cmf-platform\backend\venv\Lib\site-packages\starlette\_exception_handler.py", line 62, in wrapped_app
    |     raise exc
    |   File "C:\Users\hp\Downloads\pfa-anwar\cmf-platform\backend\venv\Lib\site-packages\starlette\_exception_handler.py", line 51, in wrapped_app
    |     await app(scope, receive, sender)
    |   File "C:\Users\hp\Downloads\pfa-anwar\cmf-platform\backend\venv\Lib\site-packages\starlette\routing.py", line 73, in app
    |     response = await f(request)
    |                ^^^^^^^^^^^^^^^^
    |   File "C:\Users\hp\AppData\Local\Programs\Python\Python311\Lib\contextlib.py", line 222, in __aexit__
    |     await self.gen.athrow(typ, value, traceback)
    |   File "C:\Users\hp\Downloads\pfa-anwar\cmf-platform\backend\app\api\deps.py", line 42, in get_db
    |     yield session
    |   File "C:\Users\hp\Downloads\pfa-anwar\cmf-platform\backend\venv\Lib\site-packages\fastapi\routing.py", line 301, in app
    |     raw_response = await run_endpoint_function(
    |                    ^^^^^^^^^^^^^^^^^^^^^^^^^^^^
    |   File "C:\Users\hp\Downloads\pfa-anwar\cmf-platform\backend\venv\Lib\site-packages\fastapi\routing.py", line 212, in run_endpoint_function
    |     return await dependant.call(**values)
    |            ^^^^^^^^^^^^^^^^^^^^^^^^^^^^^^
    |   File "C:\Users\hp\Downloads\pfa-anwar\cmf-platform\backend\app\api\v1\endpoints\dashboard.py", line 24, in dashboard_stats
    |     return await dashboard_service.get_dashboard_stats()
    |            ^^^^^^^^^^^^^^^^^^^^^^^^^^^^^^^^^^^^^^^^^^^^^
    |   File "C:\Users\hp\Downloads\pfa-anwar\cmf-platform\backend\app\application\services\dashboard_service.py", line 26, in get_dashboard_stats
    |     stats = await self._compute_stats()
    |             ^^^^^^^^^^^^^^^^^^^^^^^^^^^
    |   File "C:\Users\hp\Downloads\pfa-anwar\cmf-platform\backend\app\application\services\dashboard_service.py", line 43, in _compute_stats
    |     delayed_projects = len([
    |                            ^
    |   File "C:\Users\hp\Downloads\pfa-anwar\cmf-platform\backend\app\application\services\dashboard_service.py", line 47, in <listcomp>
    |     and p.end_date < datetime.now(timezone.utc)
    |         ^^^^^^^^^^^^^^^^^^^^^^^^^^^^^^^^^^^^^^^
    | TypeError: can't compare offset-naive and offset-aware datetimes
    +------------------------------------

During handling of the above exception, another exception occurred:

Traceback (most recent call last):
  File "C:\Users\hp\Downloads\pfa-anwar\cmf-platform\backend\venv\Lib\site-packages\starlette\middleware\errors.py", line 165, in __call__
    await self.app(scope, receive, _send)
  File "C:\Users\hp\Downloads\pfa-anwar\cmf-platform\backend\venv\Lib\site-packages\starlette\middleware\base.py", line 185, in __call__
    with collapse_excgroups():
  File "C:\Users\hp\AppData\Local\Programs\Python\Python311\Lib\contextlib.py", line 155, in __exit__
    self.gen.throw(typ, value, traceback)
  File "C:\Users\hp\Downloads\pfa-anwar\cmf-platform\backend\venv\Lib\site-packages\starlette\_utils.py", line 83, in collapse_excgroups
    raise exc
  File "C:\Users\hp\Downloads\pfa-anwar\cmf-platform\backend\venv\Lib\site-packages\starlette\middleware\base.py", line 187, in __call__
    response = await self.dispatch_func(request, call_next)
               ^^^^^^^^^^^^^^^^^^^^^^^^^^^^^^^^^^^^^^^^^^^^
  File "C:\Users\hp\Downloads\pfa-anwar\cmf-platform\backend\app\main.py", line 134, in rate_limit_middleware
    response = await call_next(request)
               ^^^^^^^^^^^^^^^^^^^^^^^^
  File "C:\Users\hp\Downloads\pfa-anwar\cmf-platform\backend\venv\Lib\site-packages\starlette\middleware\base.py", line 163, in call_next
    raise app_exc
  File "C:\Users\hp\Downloads\pfa-anwar\cmf-platform\backend\venv\Lib\site-packages\starlette\middleware\base.py", line 149, in coro
    await self.app(scope, receive_or_disconnect, send_no_error)
  File "C:\Users\hp\Downloads\pfa-anwar\cmf-platform\backend\venv\Lib\site-packages\starlette\middleware\base.py", line 185, in __call__
    with collapse_excgroups():
  File "C:\Users\hp\AppData\Local\Programs\Python\Python311\Lib\contextlib.py", line 155, in __exit__
    self.gen.throw(typ, value, traceback)
  File "C:\Users\hp\Downloads\pfa-anwar\cmf-platform\backend\venv\Lib\site-packages\starlette\_utils.py", line 83, in collapse_excgroups
    raise exc
  File "C:\Users\hp\Downloads\pfa-anwar\cmf-platform\backend\venv\Lib\site-packages\starlette\middleware\base.py", line 187, in __call__
    response = await self.dispatch_func(request, call_next)
               ^^^^^^^^^^^^^^^^^^^^^^^^^^^^^^^^^^^^^^^^^^^^
  File "C:\Users\hp\Downloads\pfa-anwar\cmf-platform\backend\app\main.py", line 109, in logging_middleware
    response = await call_next(request)
               ^^^^^^^^^^^^^^^^^^^^^^^^
  File "C:\Users\hp\Downloads\pfa-anwar\cmf-platform\backend\venv\Lib\site-packages\starlette\middleware\base.py", line 163, in call_next
    raise app_exc
  File "C:\Users\hp\Downloads\pfa-anwar\cmf-platform\backend\venv\Lib\site-packages\starlette\middleware\base.py", line 149, in coro
    await self.app(scope, receive_or_disconnect, send_no_error)
  File "C:\Users\hp\Downloads\pfa-anwar\cmf-platform\backend\venv\Lib\site-packages\starlette\middleware\base.py", line 185, in __call__
    with collapse_excgroups():
  File "C:\Users\hp\AppData\Local\Programs\Python\Python311\Lib\contextlib.py", line 155, in __exit__
    self.gen.throw(typ, value, traceback)
  File "C:\Users\hp\Downloads\pfa-anwar\cmf-platform\backend\venv\Lib\site-packages\starlette\_utils.py", line 83, in collapse_excgroups
    raise exc
  File "C:\Users\hp\Downloads\pfa-anwar\cmf-platform\backend\venv\Lib\site-packages\starlette\middleware\base.py", line 187, in __call__
    response = await self.dispatch_func(request, call_next)
               ^^^^^^^^^^^^^^^^^^^^^^^^^^^^^^^^^^^^^^^^^^^^
  File "C:\Users\hp\Downloads\pfa-anwar\cmf-platform\backend\app\main.py", line 98, in request_id_middleware
    response = await call_next(request)
               ^^^^^^^^^^^^^^^^^^^^^^^^
  File "C:\Users\hp\Downloads\pfa-anwar\cmf-platform\backend\venv\Lib\site-packages\starlette\middleware\base.py", line 163, in call_next
    raise app_exc
  File "C:\Users\hp\Downloads\pfa-anwar\cmf-platform\backend\venv\Lib\site-packages\starlette\middleware\base.py", line 149, in coro
    await self.app(scope, receive_or_disconnect, send_no_error)
  File "C:\Users\hp\Downloads\pfa-anwar\cmf-platform\backend\venv\Lib\site-packages\starlette\middleware\cors.py", line 85, in __call__
    await self.app(scope, receive, send)
  File "C:\Users\hp\Downloads\pfa-anwar\cmf-platform\backend\venv\Lib\site-packages\starlette\middleware\base.py", line 185, in __call__
    with collapse_excgroups():
  File "C:\Users\hp\AppData\Local\Programs\Python\Python311\Lib\contextlib.py", line 155, in __exit__
    self.gen.throw(typ, value, traceback)
  File "C:\Users\hp\Downloads\pfa-anwar\cmf-platform\backend\venv\Lib\site-packages\starlette\_utils.py", line 83, in collapse_excgroups
    raise exc
  File "C:\Users\hp\Downloads\pfa-anwar\cmf-platform\backend\venv\Lib\site-packages\starlette\middleware\base.py", line 187, in __call__
    response = await self.dispatch_func(request, call_next)
               ^^^^^^^^^^^^^^^^^^^^^^^^^^^^^^^^^^^^^^^^^^^^
  File "C:\Users\hp\Downloads\pfa-anwar\cmf-platform\backend\app\main.py", line 71, in strip_trailing_slash_middleware
    return await call_next(request)
           ^^^^^^^^^^^^^^^^^^^^^^^^
  File "C:\Users\hp\Downloads\pfa-anwar\cmf-platform\backend\venv\Lib\site-packages\starlette\middleware\base.py", line 163, in call_next
    raise app_exc
  File "C:\Users\hp\Downloads\pfa-anwar\cmf-platform\backend\venv\Lib\site-packages\starlette\middleware\base.py", line 149, in coro
    await self.app(scope, receive_or_disconnect, send_no_error)
  File "C:\Users\hp\Downloads\pfa-anwar\cmf-platform\backend\venv\Lib\site-packages\starlette\middleware\exceptions.py", line 62, in __call__
    await wrap_app_handling_exceptions(self.app, conn)(scope, receive, send)
  File "C:\Users\hp\Downloads\pfa-anwar\cmf-platform\backend\venv\Lib\site-packages\starlette\_exception_handler.py", line 62, in wrapped_app
    raise exc
  File "C:\Users\hp\Downloads\pfa-anwar\cmf-platform\backend\venv\Lib\site-packages\starlette\_exception_handler.py", line 51, in wrapped_app
    await app(scope, receive, sender)
  File "C:\Users\hp\Downloads\pfa-anwar\cmf-platform\backend\venv\Lib\site-packages\starlette\routing.py", line 715, in __call__
    await self.middleware_stack(scope, receive, send)
  File "C:\Users\hp\Downloads\pfa-anwar\cmf-platform\backend\venv\Lib\site-packages\starlette\routing.py", line 735, in app
    await route.handle(scope, receive, send)
  File "C:\Users\hp\Downloads\pfa-anwar\cmf-platform\backend\venv\Lib\site-packages\starlette\routing.py", line 288, in handle
    await self.app(scope, receive, send)
  File "C:\Users\hp\Downloads\pfa-anwar\cmf-platform\backend\venv\Lib\site-packages\starlette\routing.py", line 76, in app
    await wrap_app_handling_exceptions(app, request)(scope, receive, send)
  File "C:\Users\hp\Downloads\pfa-anwar\cmf-platform\backend\venv\Lib\site-packages\starlette\_exception_handler.py", line 62, in wrapped_app
    raise exc
  File "C:\Users\hp\Downloads\pfa-anwar\cmf-platform\backend\venv\Lib\site-packages\starlette\_exception_handler.py", line 51, in wrapped_app
    await app(scope, receive, sender)
  File "C:\Users\hp\Downloads\pfa-anwar\cmf-platform\backend\venv\Lib\site-packages\starlette\routing.py", line 73, in app
    response = await f(request)
               ^^^^^^^^^^^^^^^^
  File "C:\Users\hp\AppData\Local\Programs\Python\Python311\Lib\contextlib.py", line 222, in __aexit__
    await self.gen.athrow(typ, value, traceback)
  File "C:\Users\hp\Downloads\pfa-anwar\cmf-platform\backend\app\api\deps.py", line 42, in get_db
    yield session
  File "C:\Users\hp\Downloads\pfa-anwar\cmf-platform\backend\venv\Lib\site-packages\fastapi\routing.py", line 301, in app
    raw_response = await run_endpoint_function(
                   ^^^^^^^^^^^^^^^^^^^^^^^^^^^^
  File "C:\Users\hp\Downloads\pfa-anwar\cmf-platform\backend\venv\Lib\site-packages\fastapi\routing.py", line 212, in run_endpoint_function
    return await dependant.call(**values)
           ^^^^^^^^^^^^^^^^^^^^^^^^^^^^^^
  File "C:\Users\hp\Downloads\pfa-anwar\cmf-platform\backend\app\api\v1\endpoints\dashboard.py", line 24, in dashboard_stats
    return await dashboard_service.get_dashboard_stats()
           ^^^^^^^^^^^^^^^^^^^^^^^^^^^^^^^^^^^^^^^^^^^^^
  File "C:\Users\hp\Downloads\pfa-anwar\cmf-platform\backend\app\application\services\dashboard_service.py", line 26, in get_dashboard_stats
    stats = await self._compute_stats()
            ^^^^^^^^^^^^^^^^^^^^^^^^^^^
  File "C:\Users\hp\Downloads\pfa-anwar\cmf-platform\backend\app\application\services\dashboard_service.py", line 43, in _compute_stats
    delayed_projects = len([
                           ^
  File "C:\Users\hp\Downloads\pfa-anwar\cmf-platform\backend\app\application\services\dashboard_service.py", line 47, in <listcomp>
    and p.end_date < datetime.now(timezone.utc)
        ^^^^^^^^^^^^^^^^^^^^^^^^^^^^^^^^^^^^^^^
TypeError: can't compare offset-naive and offset-aware datetimes
2026-07-22 10:50:28,827 - app.main - INFO - GET /api/v1/dashboard/stats
2026-07-22 10:50:29,030 - app.main - ERROR - Unhandled exception: can't compare offset-naive and offset-aware datetimes
  + Exception Group Traceback (most recent call last):
  |   File "C:\Users\hp\Downloads\pfa-anwar\cmf-platform\backend\venv\Lib\site-packages\starlette\_utils.py", line 77, in collapse_excgroups
  |     yield
  |   File "C:\Users\hp\Downloads\pfa-anwar\cmf-platform\backend\venv\Lib\site-packages\starlette\middleware\base.py", line 186, in __call__
  |     async with anyio.create_task_group() as task_group:
  |   File "C:\Users\hp\Downloads\pfa-anwar\cmf-platform\backend\venv\Lib\site-packages\anyio\_backends\_asyncio.py", line 815, in __aexit__
  |     raise BaseExceptionGroup(
  | ExceptionGroup: unhandled errors in a TaskGroup (1 sub-exception)
  +-+---------------- 1 ----------------
    | Traceback (most recent call last):
    |   File "C:\Users\hp\Downloads\pfa-anwar\cmf-platform\backend\venv\Lib\site-packages\starlette\middleware\errors.py", line 165, in __call__
    |     await self.app(scope, receive, _send)
    |   File "C:\Users\hp\Downloads\pfa-anwar\cmf-platform\backend\venv\Lib\site-packages\starlette\middleware\base.py", line 185, in __call__
    |     with collapse_excgroups():
    |   File "C:\Users\hp\AppData\Local\Programs\Python\Python311\Lib\contextlib.py", line 155, in __exit__
    |     self.gen.throw(typ, value, traceback)
    |   File "C:\Users\hp\Downloads\pfa-anwar\cmf-platform\backend\venv\Lib\site-packages\starlette\_utils.py", line 83, in collapse_excgroups
    |     raise exc
    |   File "C:\Users\hp\Downloads\pfa-anwar\cmf-platform\backend\venv\Lib\site-packages\starlette\middleware\base.py", line 187, in __call__
    |     response = await self.dispatch_func(request, call_next)
    |                ^^^^^^^^^^^^^^^^^^^^^^^^^^^^^^^^^^^^^^^^^^^^
    |   File "C:\Users\hp\Downloads\pfa-anwar\cmf-platform\backend\app\main.py", line 134, in rate_limit_middleware
    |     response = await call_next(request)
    |                ^^^^^^^^^^^^^^^^^^^^^^^^
    |   File "C:\Users\hp\Downloads\pfa-anwar\cmf-platform\backend\venv\Lib\site-packages\starlette\middleware\base.py", line 163, in call_next
    |     raise app_exc
    |   File "C:\Users\hp\Downloads\pfa-anwar\cmf-platform\backend\venv\Lib\site-packages\starlette\middleware\base.py", line 149, in coro
    |     await self.app(scope, receive_or_disconnect, send_no_error)
    |   File "C:\Users\hp\Downloads\pfa-anwar\cmf-platform\backend\venv\Lib\site-packages\starlette\middleware\base.py", line 185, in __call__
    |     with collapse_excgroups():
    |   File "C:\Users\hp\AppData\Local\Programs\Python\Python311\Lib\contextlib.py", line 155, in __exit__
    |     self.gen.throw(typ, value, traceback)
    |   File "C:\Users\hp\Downloads\pfa-anwar\cmf-platform\backend\venv\Lib\site-packages\starlette\_utils.py", line 83, in collapse_excgroups
    |     raise exc
    |   File "C:\Users\hp\Downloads\pfa-anwar\cmf-platform\backend\venv\Lib\site-packages\starlette\middleware\base.py", line 187, in __call__
    |     response = await self.dispatch_func(request, call_next)
    |                ^^^^^^^^^^^^^^^^^^^^^^^^^^^^^^^^^^^^^^^^^^^^
    |   File "C:\Users\hp\Downloads\pfa-anwar\cmf-platform\backend\app\main.py", line 109, in logging_middleware
    |     response = await call_next(request)
    |                ^^^^^^^^^^^^^^^^^^^^^^^^
    |   File "C:\Users\hp\Downloads\pfa-anwar\cmf-platform\backend\venv\Lib\site-packages\starlette\middleware\base.py", line 163, in call_next
    |     raise app_exc
    |   File "C:\Users\hp\Downloads\pfa-anwar\cmf-platform\backend\venv\Lib\site-packages\starlette\middleware\base.py", line 149, in coro
    |     await self.app(scope, receive_or_disconnect, send_no_error)
    |   File "C:\Users\hp\Downloads\pfa-anwar\cmf-platform\backend\venv\Lib\site-packages\starlette\middleware\base.py", line 185, in __call__
    |     with collapse_excgroups():
    |   File "C:\Users\hp\AppData\Local\Programs\Python\Python311\Lib\contextlib.py", line 155, in __exit__
    |     self.gen.throw(typ, value, traceback)
    |   File "C:\Users\hp\Downloads\pfa-anwar\cmf-platform\backend\venv\Lib\site-packages\starlette\_utils.py", line 83, in collapse_excgroups
    |     raise exc
    |   File "C:\Users\hp\Downloads\pfa-anwar\cmf-platform\backend\venv\Lib\site-packages\starlette\middleware\base.py", line 187, in __call__
    |     response = await self.dispatch_func(request, call_next)
    |                ^^^^^^^^^^^^^^^^^^^^^^^^^^^^^^^^^^^^^^^^^^^^
    |   File "C:\Users\hp\Downloads\pfa-anwar\cmf-platform\backend\app\main.py", line 98, in request_id_middleware
    |     response = await call_next(request)
    |                ^^^^^^^^^^^^^^^^^^^^^^^^
    |   File "C:\Users\hp\Downloads\pfa-anwar\cmf-platform\backend\venv\Lib\site-packages\starlette\middleware\base.py", line 163, in call_next
    |     raise app_exc
    |   File "C:\Users\hp\Downloads\pfa-anwar\cmf-platform\backend\venv\Lib\site-packages\starlette\middleware\base.py", line 149, in coro
    |     await self.app(scope, receive_or_disconnect, send_no_error)
    |   File "C:\Users\hp\Downloads\pfa-anwar\cmf-platform\backend\venv\Lib\site-packages\starlette\middleware\cors.py", line 85, in __call__
    |     await self.app(scope, receive, send)
    |   File "C:\Users\hp\Downloads\pfa-anwar\cmf-platform\backend\venv\Lib\site-packages\starlette\middleware\base.py", line 185, in __call__
    |     with collapse_excgroups():
    |   File "C:\Users\hp\AppData\Local\Programs\Python\Python311\Lib\contextlib.py", line 155, in __exit__
    |     self.gen.throw(typ, value, traceback)
    |   File "C:\Users\hp\Downloads\pfa-anwar\cmf-platform\backend\venv\Lib\site-packages\starlette\_utils.py", line 83, in collapse_excgroups
    |     raise exc
    |   File "C:\Users\hp\Downloads\pfa-anwar\cmf-platform\backend\venv\Lib\site-packages\starlette\middleware\base.py", line 187, in __call__
    |     response = await self.dispatch_func(request, call_next)
    |                ^^^^^^^^^^^^^^^^^^^^^^^^^^^^^^^^^^^^^^^^^^^^
    |   File "C:\Users\hp\Downloads\pfa-anwar\cmf-platform\backend\app\main.py", line 71, in strip_trailing_slash_middleware
    |     return await call_next(request)
    |            ^^^^^^^^^^^^^^^^^^^^^^^^
    |   File "C:\Users\hp\Downloads\pfa-anwar\cmf-platform\backend\venv\Lib\site-packages\starlette\middleware\base.py", line 163, in call_next
    |     raise app_exc
    |   File "C:\Users\hp\Downloads\pfa-anwar\cmf-platform\backend\venv\Lib\site-packages\starlette\middleware\base.py", line 149, in coro
    |     await self.app(scope, receive_or_disconnect, send_no_error)
    |   File "C:\Users\hp\Downloads\pfa-anwar\cmf-platform\backend\venv\Lib\site-packages\starlette\middleware\exceptions.py", line 62, in __call__
    |     await wrap_app_handling_exceptions(self.app, conn)(scope, receive, send)
    |   File "C:\Users\hp\Downloads\pfa-anwar\cmf-platform\backend\venv\Lib\site-packages\starlette\_exception_handler.py", line 62, in wrapped_app
    |     raise exc
    |   File "C:\Users\hp\Downloads\pfa-anwar\cmf-platform\backend\venv\Lib\site-packages\starlette\_exception_handler.py", line 51, in wrapped_app
    |     await app(scope, receive, sender)
    |   File "C:\Users\hp\Downloads\pfa-anwar\cmf-platform\backend\venv\Lib\site-packages\starlette\routing.py", line 715, in __call__
    |     await self.middleware_stack(scope, receive, send)
    |   File "C:\Users\hp\Downloads\pfa-anwar\cmf-platform\backend\venv\Lib\site-packages\starlette\routing.py", line 735, in app
    |     await route.handle(scope, receive, send)
    |   File "C:\Users\hp\Downloads\pfa-anwar\cmf-platform\backend\venv\Lib\site-packages\starlette\routing.py", line 288, in handle
    |     await self.app(scope, receive, send)
    |   File "C:\Users\hp\Downloads\pfa-anwar\cmf-platform\backend\venv\Lib\site-packages\starlette\routing.py", line 76, in app
    |     await wrap_app_handling_exceptions(app, request)(scope, receive, send)
    |   File "C:\Users\hp\Downloads\pfa-anwar\cmf-platform\backend\venv\Lib\site-packages\starlette\_exception_handler.py", line 62, in wrapped_app
    |     raise exc
    |   File "C:\Users\hp\Downloads\pfa-anwar\cmf-platform\backend\venv\Lib\site-packages\starlette\_exception_handler.py", line 51, in wrapped_app
    |     await app(scope, receive, sender)
    |   File "C:\Users\hp\Downloads\pfa-anwar\cmf-platform\backend\venv\Lib\site-packages\starlette\routing.py", line 73, in app
    |     response = await f(request)
    |                ^^^^^^^^^^^^^^^^
    |   File "C:\Users\hp\AppData\Local\Programs\Python\Python311\Lib\contextlib.py", line 222, in __aexit__
    |     await self.gen.athrow(typ, value, traceback)
    |   File "C:\Users\hp\Downloads\pfa-anwar\cmf-platform\backend\app\api\deps.py", line 42, in get_db
    |     yield session
    |   File "C:\Users\hp\Downloads\pfa-anwar\cmf-platform\backend\venv\Lib\site-packages\fastapi\routing.py", line 301, in app
    |     raw_response = await run_endpoint_function(
    |                    ^^^^^^^^^^^^^^^^^^^^^^^^^^^^
    |   File "C:\Users\hp\Downloads\pfa-anwar\cmf-platform\backend\venv\Lib\site-packages\fastapi\routing.py", line 212, in run_endpoint_function
    |     return await dependant.call(**values)
    |            ^^^^^^^^^^^^^^^^^^^^^^^^^^^^^^
    |   File "C:\Users\hp\Downloads\pfa-anwar\cmf-platform\backend\app\api\v1\endpoints\dashboard.py", line 24, in dashboard_stats
    |     return await dashboard_service.get_dashboard_stats()
    |            ^^^^^^^^^^^^^^^^^^^^^^^^^^^^^^^^^^^^^^^^^^^^^
    |   File "C:\Users\hp\Downloads\pfa-anwar\cmf-platform\backend\app\application\services\dashboard_service.py", line 26, in get_dashboard_stats
    |     stats = await self._compute_stats()
    |             ^^^^^^^^^^^^^^^^^^^^^^^^^^^
    |   File "C:\Users\hp\Downloads\pfa-anwar\cmf-platform\backend\app\application\services\dashboard_service.py", line 43, in _compute_stats
    |     delayed_projects = len([
    |                            ^
    |   File "C:\Users\hp\Downloads\pfa-anwar\cmf-platform\backend\app\application\services\dashboard_service.py", line 47, in <listcomp>
    |     and p.end_date < datetime.now(timezone.utc)
    |         ^^^^^^^^^^^^^^^^^^^^^^^^^^^^^^^^^^^^^^^
    | TypeError: can't compare offset-naive and offset-aware datetimes
    +------------------------------------

During handling of the above exception, another exception occurred:

Traceback (most recent call last):
  File "C:\Users\hp\Downloads\pfa-anwar\cmf-platform\backend\venv\Lib\site-packages\starlette\middleware\errors.py", line 165, in __call__
    await self.app(scope, receive, _send)
  File "C:\Users\hp\Downloads\pfa-anwar\cmf-platform\backend\venv\Lib\site-packages\starlette\middleware\base.py", line 185, in __call__
    with collapse_excgroups():
  File "C:\Users\hp\AppData\Local\Programs\Python\Python311\Lib\contextlib.py", line 155, in __exit__
    self.gen.throw(typ, value, traceback)
  File "C:\Users\hp\Downloads\pfa-anwar\cmf-platform\backend\venv\Lib\site-packages\starlette\_utils.py", line 83, in collapse_excgroups
    raise exc
  File "C:\Users\hp\Downloads\pfa-anwar\cmf-platform\backend\venv\Lib\site-packages\starlette\middleware\base.py", line 187, in __call__
    response = await self.dispatch_func(request, call_next)
               ^^^^^^^^^^^^^^^^^^^^^^^^^^^^^^^^^^^^^^^^^^^^
  File "C:\Users\hp\Downloads\pfa-anwar\cmf-platform\backend\app\main.py", line 134, in rate_limit_middleware
    response = await call_next(request)
               ^^^^^^^^^^^^^^^^^^^^^^^^
  File "C:\Users\hp\Downloads\pfa-anwar\cmf-platform\backend\venv\Lib\site-packages\starlette\middleware\base.py", line 163, in call_next
    raise app_exc
  File "C:\Users\hp\Downloads\pfa-anwar\cmf-platform\backend\venv\Lib\site-packages\starlette\middleware\base.py", line 149, in coro
    await self.app(scope, receive_or_disconnect, send_no_error)
  File "C:\Users\hp\Downloads\pfa-anwar\cmf-platform\backend\venv\Lib\site-packages\starlette\middleware\base.py", line 185, in __call__
    with collapse_excgroups():
  File "C:\Users\hp\AppData\Local\Programs\Python\Python311\Lib\contextlib.py", line 155, in __exit__
    self.gen.throw(typ, value, traceback)
  File "C:\Users\hp\Downloads\pfa-anwar\cmf-platform\backend\venv\Lib\site-packages\starlette\_utils.py", line 83, in collapse_excgroups
    raise exc
  File "C:\Users\hp\Downloads\pfa-anwar\cmf-platform\backend\venv\Lib\site-packages\starlette\middleware\base.py", line 187, in __call__
    response = await self.dispatch_func(request, call_next)
               ^^^^^^^^^^^^^^^^^^^^^^^^^^^^^^^^^^^^^^^^^^^^
  File "C:\Users\hp\Downloads\pfa-anwar\cmf-platform\backend\app\main.py", line 109, in logging_middleware
    response = await call_next(request)
               ^^^^^^^^^^^^^^^^^^^^^^^^
  File "C:\Users\hp\Downloads\pfa-anwar\cmf-platform\backend\venv\Lib\site-packages\starlette\middleware\base.py", line 163, in call_next
    raise app_exc
  File "C:\Users\hp\Downloads\pfa-anwar\cmf-platform\backend\venv\Lib\site-packages\starlette\middleware\base.py", line 149, in coro
    await self.app(scope, receive_or_disconnect, send_no_error)
  File "C:\Users\hp\Downloads\pfa-anwar\cmf-platform\backend\venv\Lib\site-packages\starlette\middleware\base.py", line 185, in __call__
    with collapse_excgroups():
  File "C:\Users\hp\AppData\Local\Programs\Python\Python311\Lib\contextlib.py", line 155, in __exit__
    self.gen.throw(typ, value, traceback)
  File "C:\Users\hp\Downloads\pfa-anwar\cmf-platform\backend\venv\Lib\site-packages\starlette\_utils.py", line 83, in collapse_excgroups
    raise exc
  File "C:\Users\hp\Downloads\pfa-anwar\cmf-platform\backend\venv\Lib\site-packages\starlette\middleware\base.py", line 187, in __call__
    response = await self.dispatch_func(request, call_next)
               ^^^^^^^^^^^^^^^^^^^^^^^^^^^^^^^^^^^^^^^^^^^^
  File "C:\Users\hp\Downloads\pfa-anwar\cmf-platform\backend\app\main.py", line 98, in request_id_middleware
    response = await call_next(request)
               ^^^^^^^^^^^^^^^^^^^^^^^^
  File "C:\Users\hp\Downloads\pfa-anwar\cmf-platform\backend\venv\Lib\site-packages\starlette\middleware\base.py", line 163, in call_next
    raise app_exc
  File "C:\Users\hp\Downloads\pfa-anwar\cmf-platform\backend\venv\Lib\site-packages\starlette\middleware\base.py", line 149, in coro
    await self.app(scope, receive_or_disconnect, send_no_error)
  File "C:\Users\hp\Downloads\pfa-anwar\cmf-platform\backend\venv\Lib\site-packages\starlette\middleware\cors.py", line 85, in __call__
    await self.app(scope, receive, send)
  File "C:\Users\hp\Downloads\pfa-anwar\cmf-platform\backend\venv\Lib\site-packages\starlette\middleware\base.py", line 185, in __call__
    with collapse_excgroups():
  File "C:\Users\hp\AppData\Local\Programs\Python\Python311\Lib\contextlib.py", line 155, in __exit__
    self.gen.throw(typ, value, traceback)
  File "C:\Users\hp\Downloads\pfa-anwar\cmf-platform\backend\venv\Lib\site-packages\starlette\_utils.py", line 83, in collapse_excgroups
    raise exc
  File "C:\Users\hp\Downloads\pfa-anwar\cmf-platform\backend\venv\Lib\site-packages\starlette\middleware\base.py", line 187, in __call__
    response = await self.dispatch_func(request, call_next)
               ^^^^^^^^^^^^^^^^^^^^^^^^^^^^^^^^^^^^^^^^^^^^
  File "C:\Users\hp\Downloads\pfa-anwar\cmf-platform\backend\app\main.py", line 71, in strip_trailing_slash_middleware
    return await call_next(request)
           ^^^^^^^^^^^^^^^^^^^^^^^^
  File "C:\Users\hp\Downloads\pfa-anwar\cmf-platform\backend\venv\Lib\site-packages\starlette\middleware\base.py", line 163, in call_next
    raise app_exc
  File "C:\Users\hp\Downloads\pfa-anwar\cmf-platform\backend\venv\Lib\site-packages\starlette\middleware\base.py", line 149, in coro
    await self.app(scope, receive_or_disconnect, send_no_error)
  File "C:\Users\hp\Downloads\pfa-anwar\cmf-platform\backend\venv\Lib\site-packages\starlette\middleware\exceptions.py", line 62, in __call__
    await wrap_app_handling_exceptions(self.app, conn)(scope, receive, send)
  File "C:\Users\hp\Downloads\pfa-anwar\cmf-platform\backend\venv\Lib\site-packages\starlette\_exception_handler.py", line 62, in wrapped_app
    raise exc
  File "C:\Users\hp\Downloads\pfa-anwar\cmf-platform\backend\venv\Lib\site-packages\starlette\_exception_handler.py", line 51, in wrapped_app
    await app(scope, receive, sender)
  File "C:\Users\hp\Downloads\pfa-anwar\cmf-platform\backend\venv\Lib\site-packages\starlette\routing.py", line 715, in __call__
    await self.middleware_stack(scope, receive, send)
  File "C:\Users\hp\Downloads\pfa-anwar\cmf-platform\backend\venv\Lib\site-packages\starlette\routing.py", line 735, in app
    await route.handle(scope, receive, send)
  File "C:\Users\hp\Downloads\pfa-anwar\cmf-platform\backend\venv\Lib\site-packages\starlette\routing.py", line 288, in handle
    await self.app(scope, receive, send)
  File "C:\Users\hp\Downloads\pfa-anwar\cmf-platform\backend\venv\Lib\site-packages\starlette\routing.py", line 76, in app
    await wrap_app_handling_exceptions(app, request)(scope, receive, send)
  File "C:\Users\hp\Downloads\pfa-anwar\cmf-platform\backend\venv\Lib\site-packages\starlette\_exception_handler.py", line 62, in wrapped_app
    raise exc
  File "C:\Users\hp\Downloads\pfa-anwar\cmf-platform\backend\venv\Lib\site-packages\starlette\_exception_handler.py", line 51, in wrapped_app
    await app(scope, receive, sender)
  File "C:\Users\hp\Downloads\pfa-anwar\cmf-platform\backend\venv\Lib\site-packages\starlette\routing.py", line 73, in app
    response = await f(request)
               ^^^^^^^^^^^^^^^^
  File "C:\Users\hp\AppData\Local\Programs\Python\Python311\Lib\contextlib.py", line 222, in __aexit__
    await self.gen.athrow(typ, value, traceback)
  File "C:\Users\hp\Downloads\pfa-anwar\cmf-platform\backend\app\api\deps.py", line 42, in get_db
    yield session
  File "C:\Users\hp\Downloads\pfa-anwar\cmf-platform\backend\venv\Lib\site-packages\fastapi\routing.py", line 301, in app
    raw_response = await run_endpoint_function(
                   ^^^^^^^^^^^^^^^^^^^^^^^^^^^^
  File "C:\Users\hp\Downloads\pfa-anwar\cmf-platform\backend\venv\Lib\site-packages\fastapi\routing.py", line 212, in run_endpoint_function
    return await dependant.call(**values)
           ^^^^^^^^^^^^^^^^^^^^^^^^^^^^^^
  File "C:\Users\hp\Downloads\pfa-anwar\cmf-platform\backend\app\api\v1\endpoints\dashboard.py", line 24, in dashboard_stats
    return await dashboard_service.get_dashboard_stats()
           ^^^^^^^^^^^^^^^^^^^^^^^^^^^^^^^^^^^^^^^^^^^^^
  File "C:\Users\hp\Downloads\pfa-anwar\cmf-platform\backend\app\application\services\dashboard_service.py", line 26, in get_dashboard_stats
    stats = await self._compute_stats()
            ^^^^^^^^^^^^^^^^^^^^^^^^^^^
  File "C:\Users\hp\Downloads\pfa-anwar\cmf-platform\backend\app\application\services\dashboard_service.py", line 43, in _compute_stats
    delayed_projects = len([
                           ^
  File "C:\Users\hp\Downloads\pfa-anwar\cmf-platform\backend\app\application\services\dashboard_service.py", line 47, in <listcomp>
    and p.end_date < datetime.now(timezone.utc)
        ^^^^^^^^^^^^^^^^^^^^^^^^^^^^^^^^^^^^^^^
TypeError: can't compare offset-naive and offset-aware datetimes
2026-07-22 10:50:34,637 - app.main - INFO - POST /api/v1/auth/logout
2026-07-22 10:50:34,868 - app.main - INFO - POST /api/v1/auth/logout -> 200
2026-07-22 10:50:46,238 - app.main - INFO - POST /api/v1/auth/login
2026-07-22 10:50:47,054 - app.main - INFO - POST /api/v1/auth/login -> 200
2026-07-22 10:50:47,069 - app.main - INFO - GET /api/v1/auth/me
2026-07-22 10:50:47,117 - app.main - INFO - GET /api/v1/auth/me -> 200
2026-07-22 10:50:47,196 - app.main - INFO - GET /api/v1/dashboard/stats
2026-07-22 10:50:47,267 - app.main - ERROR - Unhandled exception: can't compare offset-naive and offset-aware datetimes
  + Exception Group Traceback (most recent call last):
  |   File "C:\Users\hp\Downloads\pfa-anwar\cmf-platform\backend\venv\Lib\site-packages\starlette\_utils.py", line 77, in collapse_excgroups
  |     yield
  |   File "C:\Users\hp\Downloads\pfa-anwar\cmf-platform\backend\venv\Lib\site-packages\starlette\middleware\base.py", line 186, in __call__
  |     async with anyio.create_task_group() as task_group:
  |   File "C:\Users\hp\Downloads\pfa-anwar\cmf-platform\backend\venv\Lib\site-packages\anyio\_backends\_asyncio.py", line 815, in __aexit__
  |     raise BaseExceptionGroup(
  | ExceptionGroup: unhandled errors in a TaskGroup (1 sub-exception)
  +-+---------------- 1 ----------------
    | Traceback (most recent call last):
    |   File "C:\Users\hp\Downloads\pfa-anwar\cmf-platform\backend\venv\Lib\site-packages\starlette\middleware\errors.py", line 165, in __call__
    |     await self.app(scope, receive, _send)
    |   File "C:\Users\hp\Downloads\pfa-anwar\cmf-platform\backend\venv\Lib\site-packages\starlette\middleware\base.py", line 185, in __call__
    |     with collapse_excgroups():
    |   File "C:\Users\hp\AppData\Local\Programs\Python\Python311\Lib\contextlib.py", line 155, in __exit__
    |     self.gen.throw(typ, value, traceback)
    |   File "C:\Users\hp\Downloads\pfa-anwar\cmf-platform\backend\venv\Lib\site-packages\starlette\_utils.py", line 83, in collapse_excgroups
    |     raise exc
    |   File "C:\Users\hp\Downloads\pfa-anwar\cmf-platform\backend\venv\Lib\site-packages\starlette\middleware\base.py", line 187, in __call__
    |     response = await self.dispatch_func(request, call_next)
    |                ^^^^^^^^^^^^^^^^^^^^^^^^^^^^^^^^^^^^^^^^^^^^
    |   File "C:\Users\hp\Downloads\pfa-anwar\cmf-platform\backend\app\main.py", line 134, in rate_limit_middleware
    |     response = await call_next(request)
    |                ^^^^^^^^^^^^^^^^^^^^^^^^
    |   File "C:\Users\hp\Downloads\pfa-anwar\cmf-platform\backend\venv\Lib\site-packages\starlette\middleware\base.py", line 163, in call_next
    |     raise app_exc
    |   File "C:\Users\hp\Downloads\pfa-anwar\cmf-platform\backend\venv\Lib\site-packages\starlette\middleware\base.py", line 149, in coro
    |     await self.app(scope, receive_or_disconnect, send_no_error)
    |   File "C:\Users\hp\Downloads\pfa-anwar\cmf-platform\backend\venv\Lib\site-packages\starlette\middleware\base.py", line 185, in __call__
    |     with collapse_excgroups():
    |   File "C:\Users\hp\AppData\Local\Programs\Python\Python311\Lib\contextlib.py", line 155, in __exit__
    |     self.gen.throw(typ, value, traceback)
    |   File "C:\Users\hp\Downloads\pfa-anwar\cmf-platform\backend\venv\Lib\site-packages\starlette\_utils.py", line 83, in collapse_excgroups
    |     raise exc
    |   File "C:\Users\hp\Downloads\pfa-anwar\cmf-platform\backend\venv\Lib\site-packages\starlette\middleware\base.py", line 187, in __call__
    |     response = await self.dispatch_func(request, call_next)
    |                ^^^^^^^^^^^^^^^^^^^^^^^^^^^^^^^^^^^^^^^^^^^^
    |   File "C:\Users\hp\Downloads\pfa-anwar\cmf-platform\backend\app\main.py", line 109, in logging_middleware
    |     response = await call_next(request)
    |                ^^^^^^^^^^^^^^^^^^^^^^^^
    |   File "C:\Users\hp\Downloads\pfa-anwar\cmf-platform\backend\venv\Lib\site-packages\starlette\middleware\base.py", line 163, in call_next
    |     raise app_exc
    |   File "C:\Users\hp\Downloads\pfa-anwar\cmf-platform\backend\venv\Lib\site-packages\starlette\middleware\base.py", line 149, in coro
    |     await self.app(scope, receive_or_disconnect, send_no_error)
    |   File "C:\Users\hp\Downloads\pfa-anwar\cmf-platform\backend\venv\Lib\site-packages\starlette\middleware\base.py", line 185, in __call__
    |     with collapse_excgroups():
    |   File "C:\Users\hp\AppData\Local\Programs\Python\Python311\Lib\contextlib.py", line 155, in __exit__
    |     self.gen.throw(typ, value, traceback)
    |   File "C:\Users\hp\Downloads\pfa-anwar\cmf-platform\backend\venv\Lib\site-packages\starlette\_utils.py", line 83, in collapse_excgroups
    |     raise exc
    |   File "C:\Users\hp\Downloads\pfa-anwar\cmf-platform\backend\venv\Lib\site-packages\starlette\middleware\base.py", line 187, in __call__
    |     response = await self.dispatch_func(request, call_next)
    |                ^^^^^^^^^^^^^^^^^^^^^^^^^^^^^^^^^^^^^^^^^^^^
    |   File "C:\Users\hp\Downloads\pfa-anwar\cmf-platform\backend\app\main.py", line 98, in request_id_middleware
    |     response = await call_next(request)
    |                ^^^^^^^^^^^^^^^^^^^^^^^^
    |   File "C:\Users\hp\Downloads\pfa-anwar\cmf-platform\backend\venv\Lib\site-packages\starlette\middleware\base.py", line 163, in call_next
    |     raise app_exc
    |   File "C:\Users\hp\Downloads\pfa-anwar\cmf-platform\backend\venv\Lib\site-packages\starlette\middleware\base.py", line 149, in coro
    |     await self.app(scope, receive_or_disconnect, send_no_error)
    |   File "C:\Users\hp\Downloads\pfa-anwar\cmf-platform\backend\venv\Lib\site-packages\starlette\middleware\cors.py", line 85, in __call__
    |     await self.app(scope, receive, send)
    |   File "C:\Users\hp\Downloads\pfa-anwar\cmf-platform\backend\venv\Lib\site-packages\starlette\middleware\base.py", line 185, in __call__
    |     with collapse_excgroups():
    |   File "C:\Users\hp\AppData\Local\Programs\Python\Python311\Lib\contextlib.py", line 155, in __exit__
    |     self.gen.throw(typ, value, traceback)
    |   File "C:\Users\hp\Downloads\pfa-anwar\cmf-platform\backend\venv\Lib\site-packages\starlette\_utils.py", line 83, in collapse_excgroups
    |     raise exc
    |   File "C:\Users\hp\Downloads\pfa-anwar\cmf-platform\backend\venv\Lib\site-packages\starlette\middleware\base.py", line 187, in __call__
    |     response = await self.dispatch_func(request, call_next)
    |                ^^^^^^^^^^^^^^^^^^^^^^^^^^^^^^^^^^^^^^^^^^^^
    |   File "C:\Users\hp\Downloads\pfa-anwar\cmf-platform\backend\app\main.py", line 71, in strip_trailing_slash_middleware
    |     return await call_next(request)
    |            ^^^^^^^^^^^^^^^^^^^^^^^^
    |   File "C:\Users\hp\Downloads\pfa-anwar\cmf-platform\backend\venv\Lib\site-packages\starlette\middleware\base.py", line 163, in call_next
    |     raise app_exc
    |   File "C:\Users\hp\Downloads\pfa-anwar\cmf-platform\backend\venv\Lib\site-packages\starlette\middleware\base.py", line 149, in coro
    |     await self.app(scope, receive_or_disconnect, send_no_error)
    |   File "C:\Users\hp\Downloads\pfa-anwar\cmf-platform\backend\venv\Lib\site-packages\starlette\middleware\exceptions.py", line 62, in __call__
    |     await wrap_app_handling_exceptions(self.app, conn)(scope, receive, send)
    |   File "C:\Users\hp\Downloads\pfa-anwar\cmf-platform\backend\venv\Lib\site-packages\starlette\_exception_handler.py", line 62, in wrapped_app
    |     raise exc
    |   File "C:\Users\hp\Downloads\pfa-anwar\cmf-platform\backend\venv\Lib\site-packages\starlette\_exception_handler.py", line 51, in wrapped_app
    |     await app(scope, receive, sender)
    |   File "C:\Users\hp\Downloads\pfa-anwar\cmf-platform\backend\venv\Lib\site-packages\starlette\routing.py", line 715, in __call__
    |     await self.middleware_stack(scope, receive, send)
    |   File "C:\Users\hp\Downloads\pfa-anwar\cmf-platform\backend\venv\Lib\site-packages\starlette\routing.py", line 735, in app
    |     await route.handle(scope, receive, send)
    |   File "C:\Users\hp\Downloads\pfa-anwar\cmf-platform\backend\venv\Lib\site-packages\starlette\routing.py", line 288, in handle
    |     await self.app(scope, receive, send)
    |   File "C:\Users\hp\Downloads\pfa-anwar\cmf-platform\backend\venv\Lib\site-packages\starlette\routing.py", line 76, in app
    |     await wrap_app_handling_exceptions(app, request)(scope, receive, send)
    |   File "C:\Users\hp\Downloads\pfa-anwar\cmf-platform\backend\venv\Lib\site-packages\starlette\_exception_handler.py", line 62, in wrapped_app
    |     raise exc
    |   File "C:\Users\hp\Downloads\pfa-anwar\cmf-platform\backend\venv\Lib\site-packages\starlette\_exception_handler.py", line 51, in wrapped_app
    |     await app(scope, receive, sender)
    |   File "C:\Users\hp\Downloads\pfa-anwar\cmf-platform\backend\venv\Lib\site-packages\starlette\routing.py", line 73, in app
    |     response = await f(request)
    |                ^^^^^^^^^^^^^^^^
    |   File "C:\Users\hp\AppData\Local\Programs\Python\Python311\Lib\contextlib.py", line 222, in __aexit__
    |     await self.gen.athrow(typ, value, traceback)
    |   File "C:\Users\hp\Downloads\pfa-anwar\cmf-platform\backend\app\api\deps.py", line 42, in get_db
    |     yield session
    |   File "C:\Users\hp\Downloads\pfa-anwar\cmf-platform\backend\venv\Lib\site-packages\fastapi\routing.py", line 301, in app
    |     raw_response = await run_endpoint_function(
    |                    ^^^^^^^^^^^^^^^^^^^^^^^^^^^^
    |   File "C:\Users\hp\Downloads\pfa-anwar\cmf-platform\backend\venv\Lib\site-packages\fastapi\routing.py", line 212, in run_endpoint_function
    |     return await dependant.call(**values)
    |            ^^^^^^^^^^^^^^^^^^^^^^^^^^^^^^
    |   File "C:\Users\hp\Downloads\pfa-anwar\cmf-platform\backend\app\api\v1\endpoints\dashboard.py", line 24, in dashboard_stats
    |     return await dashboard_service.get_dashboard_stats()
    |            ^^^^^^^^^^^^^^^^^^^^^^^^^^^^^^^^^^^^^^^^^^^^^
    |   File "C:\Users\hp\Downloads\pfa-anwar\cmf-platform\backend\app\application\services\dashboard_service.py", line 26, in get_dashboard_stats
    |     stats = await self._compute_stats()
    |             ^^^^^^^^^^^^^^^^^^^^^^^^^^^
    |   File "C:\Users\hp\Downloads\pfa-anwar\cmf-platform\backend\app\application\services\dashboard_service.py", line 43, in _compute_stats
    |     delayed_projects = len([
    |                            ^
    |   File "C:\Users\hp\Downloads\pfa-anwar\cmf-platform\backend\app\application\services\dashboard_service.py", line 47, in <listcomp>
    |     and p.end_date < datetime.now(timezone.utc)
    |         ^^^^^^^^^^^^^^^^^^^^^^^^^^^^^^^^^^^^^^^
    | TypeError: can't compare offset-naive and offset-aware datetimes
    +------------------------------------

During handling of the above exception, another exception occurred:

Traceback (most recent call last):
  File "C:\Users\hp\Downloads\pfa-anwar\cmf-platform\backend\venv\Lib\site-packages\starlette\middleware\errors.py", line 165, in __call__
    await self.app(scope, receive, _send)
  File "C:\Users\hp\Downloads\pfa-anwar\cmf-platform\backend\venv\Lib\site-packages\starlette\middleware\base.py", line 185, in __call__
    with collapse_excgroups():
  File "C:\Users\hp\AppData\Local\Programs\Python\Python311\Lib\contextlib.py", line 155, in __exit__
    self.gen.throw(typ, value, traceback)
  File "C:\Users\hp\Downloads\pfa-anwar\cmf-platform\backend\venv\Lib\site-packages\starlette\_utils.py", line 83, in collapse_excgroups
    raise exc
  File "C:\Users\hp\Downloads\pfa-anwar\cmf-platform\backend\venv\Lib\site-packages\starlette\middleware\base.py", line 187, in __call__
    response = await self.dispatch_func(request, call_next)
               ^^^^^^^^^^^^^^^^^^^^^^^^^^^^^^^^^^^^^^^^^^^^
  File "C:\Users\hp\Downloads\pfa-anwar\cmf-platform\backend\app\main.py", line 134, in rate_limit_middleware
    response = await call_next(request)
               ^^^^^^^^^^^^^^^^^^^^^^^^
  File "C:\Users\hp\Downloads\pfa-anwar\cmf-platform\backend\venv\Lib\site-packages\starlette\middleware\base.py", line 163, in call_next
    raise app_exc
  File "C:\Users\hp\Downloads\pfa-anwar\cmf-platform\backend\venv\Lib\site-packages\starlette\middleware\base.py", line 149, in coro
    await self.app(scope, receive_or_disconnect, send_no_error)
  File "C:\Users\hp\Downloads\pfa-anwar\cmf-platform\backend\venv\Lib\site-packages\starlette\middleware\base.py", line 185, in __call__
    with collapse_excgroups():
  File "C:\Users\hp\AppData\Local\Programs\Python\Python311\Lib\contextlib.py", line 155, in __exit__
    self.gen.throw(typ, value, traceback)
  File "C:\Users\hp\Downloads\pfa-anwar\cmf-platform\backend\venv\Lib\site-packages\starlette\_utils.py", line 83, in collapse_excgroups
    raise exc
  File "C:\Users\hp\Downloads\pfa-anwar\cmf-platform\backend\venv\Lib\site-packages\starlette\middleware\base.py", line 187, in __call__
    response = await self.dispatch_func(request, call_next)
               ^^^^^^^^^^^^^^^^^^^^^^^^^^^^^^^^^^^^^^^^^^^^
  File "C:\Users\hp\Downloads\pfa-anwar\cmf-platform\backend\app\main.py", line 109, in logging_middleware
    response = await call_next(request)
               ^^^^^^^^^^^^^^^^^^^^^^^^
  File "C:\Users\hp\Downloads\pfa-anwar\cmf-platform\backend\venv\Lib\site-packages\starlette\middleware\base.py", line 163, in call_next
    raise app_exc
  File "C:\Users\hp\Downloads\pfa-anwar\cmf-platform\backend\venv\Lib\site-packages\starlette\middleware\base.py", line 149, in coro
    await self.app(scope, receive_or_disconnect, send_no_error)
  File "C:\Users\hp\Downloads\pfa-anwar\cmf-platform\backend\venv\Lib\site-packages\starlette\middleware\base.py", line 185, in __call__
    with collapse_excgroups():
  File "C:\Users\hp\AppData\Local\Programs\Python\Python311\Lib\contextlib.py", line 155, in __exit__
    self.gen.throw(typ, value, traceback)
  File "C:\Users\hp\Downloads\pfa-anwar\cmf-platform\backend\venv\Lib\site-packages\starlette\_utils.py", line 83, in collapse_excgroups
    raise exc
  File "C:\Users\hp\Downloads\pfa-anwar\cmf-platform\backend\venv\Lib\site-packages\starlette\middleware\base.py", line 187, in __call__
    response = await self.dispatch_func(request, call_next)
               ^^^^^^^^^^^^^^^^^^^^^^^^^^^^^^^^^^^^^^^^^^^^
  File "C:\Users\hp\Downloads\pfa-anwar\cmf-platform\backend\app\main.py", line 98, in request_id_middleware
    response = await call_next(request)
               ^^^^^^^^^^^^^^^^^^^^^^^^
  File "C:\Users\hp\Downloads\pfa-anwar\cmf-platform\backend\venv\Lib\site-packages\starlette\middleware\base.py", line 163, in call_next
    raise app_exc
  File "C:\Users\hp\Downloads\pfa-anwar\cmf-platform\backend\venv\Lib\site-packages\starlette\middleware\base.py", line 149, in coro
    await self.app(scope, receive_or_disconnect, send_no_error)
  File "C:\Users\hp\Downloads\pfa-anwar\cmf-platform\backend\venv\Lib\site-packages\starlette\middleware\cors.py", line 85, in __call__
    await self.app(scope, receive, send)
  File "C:\Users\hp\Downloads\pfa-anwar\cmf-platform\backend\venv\Lib\site-packages\starlette\middleware\base.py", line 185, in __call__
    with collapse_excgroups():
  File "C:\Users\hp\AppData\Local\Programs\Python\Python311\Lib\contextlib.py", line 155, in __exit__
    self.gen.throw(typ, value, traceback)
  File "C:\Users\hp\Downloads\pfa-anwar\cmf-platform\backend\venv\Lib\site-packages\starlette\_utils.py", line 83, in collapse_excgroups
    raise exc
  File "C:\Users\hp\Downloads\pfa-anwar\cmf-platform\backend\venv\Lib\site-packages\starlette\middleware\base.py", line 187, in __call__
    response = await self.dispatch_func(request, call_next)
               ^^^^^^^^^^^^^^^^^^^^^^^^^^^^^^^^^^^^^^^^^^^^
  File "C:\Users\hp\Downloads\pfa-anwar\cmf-platform\backend\app\main.py", line 71, in strip_trailing_slash_middleware
    return await call_next(request)
           ^^^^^^^^^^^^^^^^^^^^^^^^
  File "C:\Users\hp\Downloads\pfa-anwar\cmf-platform\backend\venv\Lib\site-packages\starlette\middleware\base.py", line 163, in call_next
    raise app_exc
  File "C:\Users\hp\Downloads\pfa-anwar\cmf-platform\backend\venv\Lib\site-packages\starlette\middleware\base.py", line 149, in coro
    await self.app(scope, receive_or_disconnect, send_no_error)
  File "C:\Users\hp\Downloads\pfa-anwar\cmf-platform\backend\venv\Lib\site-packages\starlette\middleware\exceptions.py", line 62, in __call__
    await wrap_app_handling_exceptions(self.app, conn)(scope, receive, send)
  File "C:\Users\hp\Downloads\pfa-anwar\cmf-platform\backend\venv\Lib\site-packages\starlette\_exception_handler.py", line 62, in wrapped_app
    raise exc
  File "C:\Users\hp\Downloads\pfa-anwar\cmf-platform\backend\venv\Lib\site-packages\starlette\_exception_handler.py", line 51, in wrapped_app
    await app(scope, receive, sender)
  File "C:\Users\hp\Downloads\pfa-anwar\cmf-platform\backend\venv\Lib\site-packages\starlette\routing.py", line 715, in __call__
    await self.middleware_stack(scope, receive, send)
  File "C:\Users\hp\Downloads\pfa-anwar\cmf-platform\backend\venv\Lib\site-packages\starlette\routing.py", line 735, in app
    await route.handle(scope, receive, send)
  File "C:\Users\hp\Downloads\pfa-anwar\cmf-platform\backend\venv\Lib\site-packages\starlette\routing.py", line 288, in handle
    await self.app(scope, receive, send)
  File "C:\Users\hp\Downloads\pfa-anwar\cmf-platform\backend\venv\Lib\site-packages\starlette\routing.py", line 76, in app
    await wrap_app_handling_exceptions(app, request)(scope, receive, send)
  File "C:\Users\hp\Downloads\pfa-anwar\cmf-platform\backend\venv\Lib\site-packages\starlette\_exception_handler.py", line 62, in wrapped_app
    raise exc
  File "C:\Users\hp\Downloads\pfa-anwar\cmf-platform\backend\venv\Lib\site-packages\starlette\_exception_handler.py", line 51, in wrapped_app
    await app(scope, receive, sender)
  File "C:\Users\hp\Downloads\pfa-anwar\cmf-platform\backend\venv\Lib\site-packages\starlette\routing.py", line 73, in app
    response = await f(request)
               ^^^^^^^^^^^^^^^^
  File "C:\Users\hp\AppData\Local\Programs\Python\Python311\Lib\contextlib.py", line 222, in __aexit__
    await self.gen.athrow(typ, value, traceback)
  File "C:\Users\hp\Downloads\pfa-anwar\cmf-platform\backend\app\api\deps.py", line 42, in get_db
    yield session
  File "C:\Users\hp\Downloads\pfa-anwar\cmf-platform\backend\venv\Lib\site-packages\fastapi\routing.py", line 301, in app
    raw_response = await run_endpoint_function(
                   ^^^^^^^^^^^^^^^^^^^^^^^^^^^^
  File "C:\Users\hp\Downloads\pfa-anwar\cmf-platform\backend\venv\Lib\site-packages\fastapi\routing.py", line 212, in run_endpoint_function
    return await dependant.call(**values)
           ^^^^^^^^^^^^^^^^^^^^^^^^^^^^^^
  File "C:\Users\hp\Downloads\pfa-anwar\cmf-platform\backend\app\api\v1\endpoints\dashboard.py", line 24, in dashboard_stats
    return await dashboard_service.get_dashboard_stats()
           ^^^^^^^^^^^^^^^^^^^^^^^^^^^^^^^^^^^^^^^^^^^^^
  File "C:\Users\hp\Downloads\pfa-anwar\cmf-platform\backend\app\application\services\dashboard_service.py", line 26, in get_dashboard_stats
    stats = await self._compute_stats()
            ^^^^^^^^^^^^^^^^^^^^^^^^^^^
  File "C:\Users\hp\Downloads\pfa-anwar\cmf-platform\backend\app\application\services\dashboard_service.py", line 43, in _compute_stats
    delayed_projects = len([
                           ^
  File "C:\Users\hp\Downloads\pfa-anwar\cmf-platform\backend\app\application\services\dashboard_service.py", line 47, in <listcomp>
    and p.end_date < datetime.now(timezone.utc)
        ^^^^^^^^^^^^^^^^^^^^^^^^^^^^^^^^^^^^^^^
TypeError: can't compare offset-naive and offset-aware datetimes
2026-07-22 10:50:48,312 - app.main - INFO - GET /api/v1/dashboard/stats
2026-07-22 10:50:48,495 - app.main - ERROR - Unhandled exception: can't compare offset-naive and offset-aware datetimes
  + Exception Group Traceback (most recent call last):
  |   File "C:\Users\hp\Downloads\pfa-anwar\cmf-platform\backend\venv\Lib\site-packages\starlette\_utils.py", line 77, in collapse_excgroups
  |     yield
  |   File "C:\Users\hp\Downloads\pfa-anwar\cmf-platform\backend\venv\Lib\site-packages\starlette\middleware\base.py", line 186, in __call__
  |     async with anyio.create_task_group() as task_group:
  |   File "C:\Users\hp\Downloads\pfa-anwar\cmf-platform\backend\venv\Lib\site-packages\anyio\_backends\_asyncio.py", line 815, in __aexit__
  |     raise BaseExceptionGroup(
  | ExceptionGroup: unhandled errors in a TaskGroup (1 sub-exception)
  +-+---------------- 1 ----------------
    | Traceback (most recent call last):
    |   File "C:\Users\hp\Downloads\pfa-anwar\cmf-platform\backend\venv\Lib\site-packages\starlette\middleware\errors.py", line 165, in __call__
    |     await self.app(scope, receive, _send)
    |   File "C:\Users\hp\Downloads\pfa-anwar\cmf-platform\backend\venv\Lib\site-packages\starlette\middleware\base.py", line 185, in __call__
    |     with collapse_excgroups():
    |   File "C:\Users\hp\AppData\Local\Programs\Python\Python311\Lib\contextlib.py", line 155, in __exit__
    |     self.gen.throw(typ, value, traceback)
    |   File "C:\Users\hp\Downloads\pfa-anwar\cmf-platform\backend\venv\Lib\site-packages\starlette\_utils.py", line 83, in collapse_excgroups
    |     raise exc
    |   File "C:\Users\hp\Downloads\pfa-anwar\cmf-platform\backend\venv\Lib\site-packages\starlette\middleware\base.py", line 187, in __call__
    |     response = await self.dispatch_func(request, call_next)
    |                ^^^^^^^^^^^^^^^^^^^^^^^^^^^^^^^^^^^^^^^^^^^^
    |   File "C:\Users\hp\Downloads\pfa-anwar\cmf-platform\backend\app\main.py", line 134, in rate_limit_middleware
    |     response = await call_next(request)
    |                ^^^^^^^^^^^^^^^^^^^^^^^^
    |   File "C:\Users\hp\Downloads\pfa-anwar\cmf-platform\backend\venv\Lib\site-packages\starlette\middleware\base.py", line 163, in call_next
    |     raise app_exc
    |   File "C:\Users\hp\Downloads\pfa-anwar\cmf-platform\backend\venv\Lib\site-packages\starlette\middleware\base.py", line 149, in coro
    |     await self.app(scope, receive_or_disconnect, send_no_error)
    |   File "C:\Users\hp\Downloads\pfa-anwar\cmf-platform\backend\venv\Lib\site-packages\starlette\middleware\base.py", line 185, in __call__
    |     with collapse_excgroups():
    |   File "C:\Users\hp\AppData\Local\Programs\Python\Python311\Lib\contextlib.py", line 155, in __exit__
    |     self.gen.throw(typ, value, traceback)
    |   File "C:\Users\hp\Downloads\pfa-anwar\cmf-platform\backend\venv\Lib\site-packages\starlette\_utils.py", line 83, in collapse_excgroups
    |     raise exc
    |   File "C:\Users\hp\Downloads\pfa-anwar\cmf-platform\backend\venv\Lib\site-packages\starlette\middleware\base.py", line 187, in __call__
    |     response = await self.dispatch_func(request, call_next)
    |                ^^^^^^^^^^^^^^^^^^^^^^^^^^^^^^^^^^^^^^^^^^^^
    |   File "C:\Users\hp\Downloads\pfa-anwar\cmf-platform\backend\app\main.py", line 109, in logging_middleware
    |     response = await call_next(request)
    |                ^^^^^^^^^^^^^^^^^^^^^^^^
    |   File "C:\Users\hp\Downloads\pfa-anwar\cmf-platform\backend\venv\Lib\site-packages\starlette\middleware\base.py", line 163, in call_next
    |     raise app_exc
    |   File "C:\Users\hp\Downloads\pfa-anwar\cmf-platform\backend\venv\Lib\site-packages\starlette\middleware\base.py", line 149, in coro
    |     await self.app(scope, receive_or_disconnect, send_no_error)
    |   File "C:\Users\hp\Downloads\pfa-anwar\cmf-platform\backend\venv\Lib\site-packages\starlette\middleware\base.py", line 185, in __call__
    |     with collapse_excgroups():
    |   File "C:\Users\hp\AppData\Local\Programs\Python\Python311\Lib\contextlib.py", line 155, in __exit__
    |     self.gen.throw(typ, value, traceback)
    |   File "C:\Users\hp\Downloads\pfa-anwar\cmf-platform\backend\venv\Lib\site-packages\starlette\_utils.py", line 83, in collapse_excgroups
    |     raise exc
    |   File "C:\Users\hp\Downloads\pfa-anwar\cmf-platform\backend\venv\Lib\site-packages\starlette\middleware\base.py", line 187, in __call__
    |     response = await self.dispatch_func(request, call_next)
    |                ^^^^^^^^^^^^^^^^^^^^^^^^^^^^^^^^^^^^^^^^^^^^
    |   File "C:\Users\hp\Downloads\pfa-anwar\cmf-platform\backend\app\main.py", line 98, in request_id_middleware
    |     response = await call_next(request)
    |                ^^^^^^^^^^^^^^^^^^^^^^^^
    |   File "C:\Users\hp\Downloads\pfa-anwar\cmf-platform\backend\venv\Lib\site-packages\starlette\middleware\base.py", line 163, in call_next
    |     raise app_exc
    |   File "C:\Users\hp\Downloads\pfa-anwar\cmf-platform\backend\venv\Lib\site-packages\starlette\middleware\base.py", line 149, in coro
    |     await self.app(scope, receive_or_disconnect, send_no_error)
    |   File "C:\Users\hp\Downloads\pfa-anwar\cmf-platform\backend\venv\Lib\site-packages\starlette\middleware\cors.py", line 85, in __call__
    |     await self.app(scope, receive, send)
    |   File "C:\Users\hp\Downloads\pfa-anwar\cmf-platform\backend\venv\Lib\site-packages\starlette\middleware\base.py", line 185, in __call__
    |     with collapse_excgroups():
    |   File "C:\Users\hp\AppData\Local\Programs\Python\Python311\Lib\contextlib.py", line 155, in __exit__
    |     self.gen.throw(typ, value, traceback)
    |   File "C:\Users\hp\Downloads\pfa-anwar\cmf-platform\backend\venv\Lib\site-packages\starlette\_utils.py", line 83, in collapse_excgroups
    |     raise exc
    |   File "C:\Users\hp\Downloads\pfa-anwar\cmf-platform\backend\venv\Lib\site-packages\starlette\middleware\base.py", line 187, in __call__
    |     response = await self.dispatch_func(request, call_next)
    |                ^^^^^^^^^^^^^^^^^^^^^^^^^^^^^^^^^^^^^^^^^^^^
    |   File "C:\Users\hp\Downloads\pfa-anwar\cmf-platform\backend\app\main.py", line 71, in strip_trailing_slash_middleware
    |     return await call_next(request)
    |            ^^^^^^^^^^^^^^^^^^^^^^^^
    |   File "C:\Users\hp\Downloads\pfa-anwar\cmf-platform\backend\venv\Lib\site-packages\starlette\middleware\base.py", line 163, in call_next
    |     raise app_exc
    |   File "C:\Users\hp\Downloads\pfa-anwar\cmf-platform\backend\venv\Lib\site-packages\starlette\middleware\base.py", line 149, in coro
    |     await self.app(scope, receive_or_disconnect, send_no_error)
    |   File "C:\Users\hp\Downloads\pfa-anwar\cmf-platform\backend\venv\Lib\site-packages\starlette\middleware\exceptions.py", line 62, in __call__
    |     await wrap_app_handling_exceptions(self.app, conn)(scope, receive, send)
    |   File "C:\Users\hp\Downloads\pfa-anwar\cmf-platform\backend\venv\Lib\site-packages\starlette\_exception_handler.py", line 62, in wrapped_app
    |     raise exc
    |   File "C:\Users\hp\Downloads\pfa-anwar\cmf-platform\backend\venv\Lib\site-packages\starlette\_exception_handler.py", line 51, in wrapped_app
    |     await app(scope, receive, sender)
    |   File "C:\Users\hp\Downloads\pfa-anwar\cmf-platform\backend\venv\Lib\site-packages\starlette\routing.py", line 715, in __call__
    |     await self.middleware_stack(scope, receive, send)
    |   File "C:\Users\hp\Downloads\pfa-anwar\cmf-platform\backend\venv\Lib\site-packages\starlette\routing.py", line 735, in app
    |     await route.handle(scope, receive, send)
    |   File "C:\Users\hp\Downloads\pfa-anwar\cmf-platform\backend\venv\Lib\site-packages\starlette\routing.py", line 288, in handle
    |     await self.app(scope, receive, send)
    |   File "C:\Users\hp\Downloads\pfa-anwar\cmf-platform\backend\venv\Lib\site-packages\starlette\routing.py", line 76, in app
    |     await wrap_app_handling_exceptions(app, request)(scope, receive, send)
    |   File "C:\Users\hp\Downloads\pfa-anwar\cmf-platform\backend\venv\Lib\site-packages\starlette\_exception_handler.py", line 62, in wrapped_app
    |     raise exc
    |   File "C:\Users\hp\Downloads\pfa-anwar\cmf-platform\backend\venv\Lib\site-packages\starlette\_exception_handler.py", line 51, in wrapped_app
    |     await app(scope, receive, sender)
    |   File "C:\Users\hp\Downloads\pfa-anwar\cmf-platform\backend\venv\Lib\site-packages\starlette\routing.py", line 73, in app
    |     response = await f(request)
    |                ^^^^^^^^^^^^^^^^
    |   File "C:\Users\hp\AppData\Local\Programs\Python\Python311\Lib\contextlib.py", line 222, in __aexit__
    |     await self.gen.athrow(typ, value, traceback)
    |   File "C:\Users\hp\Downloads\pfa-anwar\cmf-platform\backend\app\api\deps.py", line 42, in get_db
    |     yield session
    |   File "C:\Users\hp\Downloads\pfa-anwar\cmf-platform\backend\venv\Lib\site-packages\fastapi\routing.py", line 301, in app
    |     raw_response = await run_endpoint_function(
    |                    ^^^^^^^^^^^^^^^^^^^^^^^^^^^^
    |   File "C:\Users\hp\Downloads\pfa-anwar\cmf-platform\backend\venv\Lib\site-packages\fastapi\routing.py", line 212, in run_endpoint_function
    |     return await dependant.call(**values)
    |            ^^^^^^^^^^^^^^^^^^^^^^^^^^^^^^
    |   File "C:\Users\hp\Downloads\pfa-anwar\cmf-platform\backend\app\api\v1\endpoints\dashboard.py", line 24, in dashboard_stats
    |     return await dashboard_service.get_dashboard_stats()
    |            ^^^^^^^^^^^^^^^^^^^^^^^^^^^^^^^^^^^^^^^^^^^^^
    |   File "C:\Users\hp\Downloads\pfa-anwar\cmf-platform\backend\app\application\services\dashboard_service.py", line 26, in get_dashboard_stats
    |     stats = await self._compute_stats()
    |             ^^^^^^^^^^^^^^^^^^^^^^^^^^^
    |   File "C:\Users\hp\Downloads\pfa-anwar\cmf-platform\backend\app\application\services\dashboard_service.py", line 43, in _compute_stats
    |     delayed_projects = len([
    |                            ^
    |   File "C:\Users\hp\Downloads\pfa-anwar\cmf-platform\backend\app\application\services\dashboard_service.py", line 47, in <listcomp>
    |     and p.end_date < datetime.now(timezone.utc)
    |         ^^^^^^^^^^^^^^^^^^^^^^^^^^^^^^^^^^^^^^^
    | TypeError: can't compare offset-naive and offset-aware datetimes
    +------------------------------------

During handling of the above exception, another exception occurred:

Traceback (most recent call last):
  File "C:\Users\hp\Downloads\pfa-anwar\cmf-platform\backend\venv\Lib\site-packages\starlette\middleware\errors.py", line 165, in __call__
    await self.app(scope, receive, _send)
  File "C:\Users\hp\Downloads\pfa-anwar\cmf-platform\backend\venv\Lib\site-packages\starlette\middleware\base.py", line 185, in __call__
    with collapse_excgroups():
  File "C:\Users\hp\AppData\Local\Programs\Python\Python311\Lib\contextlib.py", line 155, in __exit__
    self.gen.throw(typ, value, traceback)
  File "C:\Users\hp\Downloads\pfa-anwar\cmf-platform\backend\venv\Lib\site-packages\starlette\_utils.py", line 83, in collapse_excgroups
    raise exc
  File "C:\Users\hp\Downloads\pfa-anwar\cmf-platform\backend\venv\Lib\site-packages\starlette\middleware\base.py", line 187, in __call__
    response = await self.dispatch_func(request, call_next)
               ^^^^^^^^^^^^^^^^^^^^^^^^^^^^^^^^^^^^^^^^^^^^
  File "C:\Users\hp\Downloads\pfa-anwar\cmf-platform\backend\app\main.py", line 134, in rate_limit_middleware
    response = await call_next(request)
               ^^^^^^^^^^^^^^^^^^^^^^^^
  File "C:\Users\hp\Downloads\pfa-anwar\cmf-platform\backend\venv\Lib\site-packages\starlette\middleware\base.py", line 163, in call_next
    raise app_exc
  File "C:\Users\hp\Downloads\pfa-anwar\cmf-platform\backend\venv\Lib\site-packages\starlette\middleware\base.py", line 149, in coro
    await self.app(scope, receive_or_disconnect, send_no_error)
  File "C:\Users\hp\Downloads\pfa-anwar\cmf-platform\backend\venv\Lib\site-packages\starlette\middleware\base.py", line 185, in __call__
    with collapse_excgroups():
  File "C:\Users\hp\AppData\Local\Programs\Python\Python311\Lib\contextlib.py", line 155, in __exit__
    self.gen.throw(typ, value, traceback)
  File "C:\Users\hp\Downloads\pfa-anwar\cmf-platform\backend\venv\Lib\site-packages\starlette\_utils.py", line 83, in collapse_excgroups
    raise exc
  File "C:\Users\hp\Downloads\pfa-anwar\cmf-platform\backend\venv\Lib\site-packages\starlette\middleware\base.py", line 187, in __call__
    response = await self.dispatch_func(request, call_next)
               ^^^^^^^^^^^^^^^^^^^^^^^^^^^^^^^^^^^^^^^^^^^^
  File "C:\Users\hp\Downloads\pfa-anwar\cmf-platform\backend\app\main.py", line 109, in logging_middleware
    response = await call_next(request)
               ^^^^^^^^^^^^^^^^^^^^^^^^
  File "C:\Users\hp\Downloads\pfa-anwar\cmf-platform\backend\venv\Lib\site-packages\starlette\middleware\base.py", line 163, in call_next
    raise app_exc
  File "C:\Users\hp\Downloads\pfa-anwar\cmf-platform\backend\venv\Lib\site-packages\starlette\middleware\base.py", line 149, in coro
    await self.app(scope, receive_or_disconnect, send_no_error)
  File "C:\Users\hp\Downloads\pfa-anwar\cmf-platform\backend\venv\Lib\site-packages\starlette\middleware\base.py", line 185, in __call__
    with collapse_excgroups():
  File "C:\Users\hp\AppData\Local\Programs\Python\Python311\Lib\contextlib.py", line 155, in __exit__
    self.gen.throw(typ, value, traceback)
  File "C:\Users\hp\Downloads\pfa-anwar\cmf-platform\backend\venv\Lib\site-packages\starlette\_utils.py", line 83, in collapse_excgroups
    raise exc
  File "C:\Users\hp\Downloads\pfa-anwar\cmf-platform\backend\venv\Lib\site-packages\starlette\middleware\base.py", line 187, in __call__
    response = await self.dispatch_func(request, call_next)
               ^^^^^^^^^^^^^^^^^^^^^^^^^^^^^^^^^^^^^^^^^^^^
  File "C:\Users\hp\Downloads\pfa-anwar\cmf-platform\backend\app\main.py", line 98, in request_id_middleware
    response = await call_next(request)
               ^^^^^^^^^^^^^^^^^^^^^^^^
  File "C:\Users\hp\Downloads\pfa-anwar\cmf-platform\backend\venv\Lib\site-packages\starlette\middleware\base.py", line 163, in call_next
    raise app_exc
  File "C:\Users\hp\Downloads\pfa-anwar\cmf-platform\backend\venv\Lib\site-packages\starlette\middleware\base.py", line 149, in coro
    await self.app(scope, receive_or_disconnect, send_no_error)
  File "C:\Users\hp\Downloads\pfa-anwar\cmf-platform\backend\venv\Lib\site-packages\starlette\middleware\cors.py", line 85, in __call__
    await self.app(scope, receive, send)
  File "C:\Users\hp\Downloads\pfa-anwar\cmf-platform\backend\venv\Lib\site-packages\starlette\middleware\base.py", line 185, in __call__
    with collapse_excgroups():
  File "C:\Users\hp\AppData\Local\Programs\Python\Python311\Lib\contextlib.py", line 155, in __exit__
    self.gen.throw(typ, value, traceback)
  File "C:\Users\hp\Downloads\pfa-anwar\cmf-platform\backend\venv\Lib\site-packages\starlette\_utils.py", line 83, in collapse_excgroups
    raise exc
  File "C:\Users\hp\Downloads\pfa-anwar\cmf-platform\backend\venv\Lib\site-packages\starlette\middleware\base.py", line 187, in __call__
    response = await self.dispatch_func(request, call_next)
               ^^^^^^^^^^^^^^^^^^^^^^^^^^^^^^^^^^^^^^^^^^^^
  File "C:\Users\hp\Downloads\pfa-anwar\cmf-platform\backend\app\main.py", line 71, in strip_trailing_slash_middleware
    return await call_next(request)
           ^^^^^^^^^^^^^^^^^^^^^^^^
  File "C:\Users\hp\Downloads\pfa-anwar\cmf-platform\backend\venv\Lib\site-packages\starlette\middleware\base.py", line 163, in call_next
    raise app_exc
  File "C:\Users\hp\Downloads\pfa-anwar\cmf-platform\backend\venv\Lib\site-packages\starlette\middleware\base.py", line 149, in coro
    await self.app(scope, receive_or_disconnect, send_no_error)
  File "C:\Users\hp\Downloads\pfa-anwar\cmf-platform\backend\venv\Lib\site-packages\starlette\middleware\exceptions.py", line 62, in __call__
    await wrap_app_handling_exceptions(self.app, conn)(scope, receive, send)
  File "C:\Users\hp\Downloads\pfa-anwar\cmf-platform\backend\venv\Lib\site-packages\starlette\_exception_handler.py", line 62, in wrapped_app
    raise exc
  File "C:\Users\hp\Downloads\pfa-anwar\cmf-platform\backend\venv\Lib\site-packages\starlette\_exception_handler.py", line 51, in wrapped_app
    await app(scope, receive, sender)
  File "C:\Users\hp\Downloads\pfa-anwar\cmf-platform\backend\venv\Lib\site-packages\starlette\routing.py", line 715, in __call__
    await self.middleware_stack(scope, receive, send)
  File "C:\Users\hp\Downloads\pfa-anwar\cmf-platform\backend\venv\Lib\site-packages\starlette\routing.py", line 735, in app
    await route.handle(scope, receive, send)
  File "C:\Users\hp\Downloads\pfa-anwar\cmf-platform\backend\venv\Lib\site-packages\starlette\routing.py", line 288, in handle
    await self.app(scope, receive, send)
  File "C:\Users\hp\Downloads\pfa-anwar\cmf-platform\backend\venv\Lib\site-packages\starlette\routing.py", line 76, in app
    await wrap_app_handling_exceptions(app, request)(scope, receive, send)
  File "C:\Users\hp\Downloads\pfa-anwar\cmf-platform\backend\venv\Lib\site-packages\starlette\_exception_handler.py", line 62, in wrapped_app
    raise exc
  File "C:\Users\hp\Downloads\pfa-anwar\cmf-platform\backend\venv\Lib\site-packages\starlette\_exception_handler.py", line 51, in wrapped_app
    await app(scope, receive, sender)
  File "C:\Users\hp\Downloads\pfa-anwar\cmf-platform\backend\venv\Lib\site-packages\starlette\routing.py", line 73, in app
    response = await f(request)
               ^^^^^^^^^^^^^^^^
  File "C:\Users\hp\AppData\Local\Programs\Python\Python311\Lib\contextlib.py", line 222, in __aexit__
    await self.gen.athrow(typ, value, traceback)
  File "C:\Users\hp\Downloads\pfa-anwar\cmf-platform\backend\app\api\deps.py", line 42, in get_db
    yield session
  File "C:\Users\hp\Downloads\pfa-anwar\cmf-platform\backend\venv\Lib\site-packages\fastapi\routing.py", line 301, in app
    raw_response = await run_endpoint_function(
                   ^^^^^^^^^^^^^^^^^^^^^^^^^^^^
  File "C:\Users\hp\Downloads\pfa-anwar\cmf-platform\backend\venv\Lib\site-packages\fastapi\routing.py", line 212, in run_endpoint_function
    return await dependant.call(**values)
           ^^^^^^^^^^^^^^^^^^^^^^^^^^^^^^
  File "C:\Users\hp\Downloads\pfa-anwar\cmf-platform\backend\app\api\v1\endpoints\dashboard.py", line 24, in dashboard_stats
    return await dashboard_service.get_dashboard_stats()
           ^^^^^^^^^^^^^^^^^^^^^^^^^^^^^^^^^^^^^^^^^^^^^
  File "C:\Users\hp\Downloads\pfa-anwar\cmf-platform\backend\app\application\services\dashboard_service.py", line 26, in get_dashboard_stats
    stats = await self._compute_stats()
            ^^^^^^^^^^^^^^^^^^^^^^^^^^^
  File "C:\Users\hp\Downloads\pfa-anwar\cmf-platform\backend\app\application\services\dashboard_service.py", line 43, in _compute_stats
    delayed_projects = len([
                           ^
  File "C:\Users\hp\Downloads\pfa-anwar\cmf-platform\backend\app\application\services\dashboard_service.py", line 47, in <listcomp>
    and p.end_date < datetime.now(timezone.utc)
        ^^^^^^^^^^^^^^^^^^^^^^^^^^^^^^^^^^^^^^^
TypeError: can't compare offset-naive and offset-aware datetimes
2026-07-22 10:53:14,433 - app.main - INFO - GET /api/v1/dashboard/stats
2026-07-22 10:53:14,556 - app.main - ERROR - Unhandled exception: can't compare offset-naive and offset-aware datetimes
  + Exception Group Traceback (most recent call last):
  |   File "C:\Users\hp\Downloads\pfa-anwar\cmf-platform\backend\venv\Lib\site-packages\starlette\_utils.py", line 77, in collapse_excgroups
  |     yield
  |   File "C:\Users\hp\Downloads\pfa-anwar\cmf-platform\backend\venv\Lib\site-packages\starlette\middleware\base.py", line 186, in __call__
  |     async with anyio.create_task_group() as task_group:
  |   File "C:\Users\hp\Downloads\pfa-anwar\cmf-platform\backend\venv\Lib\site-packages\anyio\_backends\_asyncio.py", line 815, in __aexit__
  |     raise BaseExceptionGroup(
  | ExceptionGroup: unhandled errors in a TaskGroup (1 sub-exception)
  +-+---------------- 1 ----------------
    | Traceback (most recent call last):
    |   File "C:\Users\hp\Downloads\pfa-anwar\cmf-platform\backend\venv\Lib\site-packages\starlette\middleware\errors.py", line 165, in __call__
    |     await self.app(scope, receive, _send)
    |   File "C:\Users\hp\Downloads\pfa-anwar\cmf-platform\backend\venv\Lib\site-packages\starlette\middleware\base.py", line 185, in __call__
    |     with collapse_excgroups():
    |   File "C:\Users\hp\AppData\Local\Programs\Python\Python311\Lib\contextlib.py", line 155, in __exit__
    |     self.gen.throw(typ, value, traceback)
    |   File "C:\Users\hp\Downloads\pfa-anwar\cmf-platform\backend\venv\Lib\site-packages\starlette\_utils.py", line 83, in collapse_excgroups
    |     raise exc
    |   File "C:\Users\hp\Downloads\pfa-anwar\cmf-platform\backend\venv\Lib\site-packages\starlette\middleware\base.py", line 187, in __call__
    |     response = await self.dispatch_func(request, call_next)
    |                ^^^^^^^^^^^^^^^^^^^^^^^^^^^^^^^^^^^^^^^^^^^^
    |   File "C:\Users\hp\Downloads\pfa-anwar\cmf-platform\backend\app\main.py", line 134, in rate_limit_middleware
    |     response = await call_next(request)
    |                ^^^^^^^^^^^^^^^^^^^^^^^^
    |   File "C:\Users\hp\Downloads\pfa-anwar\cmf-platform\backend\venv\Lib\site-packages\starlette\middleware\base.py", line 163, in call_next
    |     raise app_exc
    |   File "C:\Users\hp\Downloads\pfa-anwar\cmf-platform\backend\venv\Lib\site-packages\starlette\middleware\base.py", line 149, in coro
    |     await self.app(scope, receive_or_disconnect, send_no_error)
    |   File "C:\Users\hp\Downloads\pfa-anwar\cmf-platform\backend\venv\Lib\site-packages\starlette\middleware\base.py", line 185, in __call__
    |     with collapse_excgroups():
    |   File "C:\Users\hp\AppData\Local\Programs\Python\Python311\Lib\contextlib.py", line 155, in __exit__
    |     self.gen.throw(typ, value, traceback)
    |   File "C:\Users\hp\Downloads\pfa-anwar\cmf-platform\backend\venv\Lib\site-packages\starlette\_utils.py", line 83, in collapse_excgroups
    |     raise exc
    |   File "C:\Users\hp\Downloads\pfa-anwar\cmf-platform\backend\venv\Lib\site-packages\starlette\middleware\base.py", line 187, in __call__
    |     response = await self.dispatch_func(request, call_next)
    |                ^^^^^^^^^^^^^^^^^^^^^^^^^^^^^^^^^^^^^^^^^^^^
    |   File "C:\Users\hp\Downloads\pfa-anwar\cmf-platform\backend\app\main.py", line 109, in logging_middleware
    |     response = await call_next(request)
    |                ^^^^^^^^^^^^^^^^^^^^^^^^
    |   File "C:\Users\hp\Downloads\pfa-anwar\cmf-platform\backend\venv\Lib\site-packages\starlette\middleware\base.py", line 163, in call_next
    |     raise app_exc
    |   File "C:\Users\hp\Downloads\pfa-anwar\cmf-platform\backend\venv\Lib\site-packages\starlette\middleware\base.py", line 149, in coro
    |     await self.app(scope, receive_or_disconnect, send_no_error)
    |   File "C:\Users\hp\Downloads\pfa-anwar\cmf-platform\backend\venv\Lib\site-packages\starlette\middleware\base.py", line 185, in __call__
    |     with collapse_excgroups():
    |   File "C:\Users\hp\AppData\Local\Programs\Python\Python311\Lib\contextlib.py", line 155, in __exit__
    |     self.gen.throw(typ, value, traceback)
    |   File "C:\Users\hp\Downloads\pfa-anwar\cmf-platform\backend\venv\Lib\site-packages\starlette\_utils.py", line 83, in collapse_excgroups
    |     raise exc
    |   File "C:\Users\hp\Downloads\pfa-anwar\cmf-platform\backend\venv\Lib\site-packages\starlette\middleware\base.py", line 187, in __call__
    |     response = await self.dispatch_func(request, call_next)
    |                ^^^^^^^^^^^^^^^^^^^^^^^^^^^^^^^^^^^^^^^^^^^^
    |   File "C:\Users\hp\Downloads\pfa-anwar\cmf-platform\backend\app\main.py", line 98, in request_id_middleware
    |     response = await call_next(request)
    |                ^^^^^^^^^^^^^^^^^^^^^^^^
    |   File "C:\Users\hp\Downloads\pfa-anwar\cmf-platform\backend\venv\Lib\site-packages\starlette\middleware\base.py", line 163, in call_next
    |     raise app_exc
    |   File "C:\Users\hp\Downloads\pfa-anwar\cmf-platform\backend\venv\Lib\site-packages\starlette\middleware\base.py", line 149, in coro
    |     await self.app(scope, receive_or_disconnect, send_no_error)
    |   File "C:\Users\hp\Downloads\pfa-anwar\cmf-platform\backend\venv\Lib\site-packages\starlette\middleware\cors.py", line 85, in __call__
    |     await self.app(scope, receive, send)
    |   File "C:\Users\hp\Downloads\pfa-anwar\cmf-platform\backend\venv\Lib\site-packages\starlette\middleware\base.py", line 185, in __call__
    |     with collapse_excgroups():
    |   File "C:\Users\hp\AppData\Local\Programs\Python\Python311\Lib\contextlib.py", line 155, in __exit__
    |     self.gen.throw(typ, value, traceback)
    |   File "C:\Users\hp\Downloads\pfa-anwar\cmf-platform\backend\venv\Lib\site-packages\starlette\_utils.py", line 83, in collapse_excgroups
    |     raise exc
    |   File "C:\Users\hp\Downloads\pfa-anwar\cmf-platform\backend\venv\Lib\site-packages\starlette\middleware\base.py", line 187, in __call__
    |     response = await self.dispatch_func(request, call_next)
    |                ^^^^^^^^^^^^^^^^^^^^^^^^^^^^^^^^^^^^^^^^^^^^
    |   File "C:\Users\hp\Downloads\pfa-anwar\cmf-platform\backend\app\main.py", line 71, in strip_trailing_slash_middleware
    |     return await call_next(request)
    |            ^^^^^^^^^^^^^^^^^^^^^^^^
    |   File "C:\Users\hp\Downloads\pfa-anwar\cmf-platform\backend\venv\Lib\site-packages\starlette\middleware\base.py", line 163, in call_next
    |     raise app_exc
    |   File "C:\Users\hp\Downloads\pfa-anwar\cmf-platform\backend\venv\Lib\site-packages\starlette\middleware\base.py", line 149, in coro
    |     await self.app(scope, receive_or_disconnect, send_no_error)
    |   File "C:\Users\hp\Downloads\pfa-anwar\cmf-platform\backend\venv\Lib\site-packages\starlette\middleware\exceptions.py", line 62, in __call__
    |     await wrap_app_handling_exceptions(self.app, conn)(scope, receive, send)
    |   File "C:\Users\hp\Downloads\pfa-anwar\cmf-platform\backend\venv\Lib\site-packages\starlette\_exception_handler.py", line 62, in wrapped_app
    |     raise exc
    |   File "C:\Users\hp\Downloads\pfa-anwar\cmf-platform\backend\venv\Lib\site-packages\starlette\_exception_handler.py", line 51, in wrapped_app
    |     await app(scope, receive, sender)
    |   File "C:\Users\hp\Downloads\pfa-anwar\cmf-platform\backend\venv\Lib\site-packages\starlette\routing.py", line 715, in __call__
    |     await self.middleware_stack(scope, receive, send)
    |   File "C:\Users\hp\Downloads\pfa-anwar\cmf-platform\backend\venv\Lib\site-packages\starlette\routing.py", line 735, in app
    |     await route.handle(scope, receive, send)
    |   File "C:\Users\hp\Downloads\pfa-anwar\cmf-platform\backend\venv\Lib\site-packages\starlette\routing.py", line 288, in handle
    |     await self.app(scope, receive, send)
    |   File "C:\Users\hp\Downloads\pfa-anwar\cmf-platform\backend\venv\Lib\site-packages\starlette\routing.py", line 76, in app
    |     await wrap_app_handling_exceptions(app, request)(scope, receive, send)
    |   File "C:\Users\hp\Downloads\pfa-anwar\cmf-platform\backend\venv\Lib\site-packages\starlette\_exception_handler.py", line 62, in wrapped_app
    |     raise exc
    |   File "C:\Users\hp\Downloads\pfa-anwar\cmf-platform\backend\venv\Lib\site-packages\starlette\_exception_handler.py", line 51, in wrapped_app
    |     await app(scope, receive, sender)
    |   File "C:\Users\hp\Downloads\pfa-anwar\cmf-platform\backend\venv\Lib\site-packages\starlette\routing.py", line 73, in app
    |     response = await f(request)
    |                ^^^^^^^^^^^^^^^^
    |   File "C:\Users\hp\AppData\Local\Programs\Python\Python311\Lib\contextlib.py", line 222, in __aexit__
    |     await self.gen.athrow(typ, value, traceback)
    |   File "C:\Users\hp\Downloads\pfa-anwar\cmf-platform\backend\app\api\deps.py", line 42, in get_db
    |     yield session
    |   File "C:\Users\hp\Downloads\pfa-anwar\cmf-platform\backend\venv\Lib\site-packages\fastapi\routing.py", line 301, in app
    |     raw_response = await run_endpoint_function(
    |                    ^^^^^^^^^^^^^^^^^^^^^^^^^^^^
    |   File "C:\Users\hp\Downloads\pfa-anwar\cmf-platform\backend\venv\Lib\site-packages\fastapi\routing.py", line 212, in run_endpoint_function
    |     return await dependant.call(**values)
    |            ^^^^^^^^^^^^^^^^^^^^^^^^^^^^^^
    |   File "C:\Users\hp\Downloads\pfa-anwar\cmf-platform\backend\app\api\v1\endpoints\dashboard.py", line 24, in dashboard_stats
    |     return await dashboard_service.get_dashboard_stats()
    |            ^^^^^^^^^^^^^^^^^^^^^^^^^^^^^^^^^^^^^^^^^^^^^
    |   File "C:\Users\hp\Downloads\pfa-anwar\cmf-platform\backend\app\application\services\dashboard_service.py", line 26, in get_dashboard_stats
    |     stats = await self._compute_stats()
    |             ^^^^^^^^^^^^^^^^^^^^^^^^^^^
    |   File "C:\Users\hp\Downloads\pfa-anwar\cmf-platform\backend\app\application\services\dashboard_service.py", line 43, in _compute_stats
    |     delayed_projects = len([
    |                            ^
    |   File "C:\Users\hp\Downloads\pfa-anwar\cmf-platform\backend\app\application\services\dashboard_service.py", line 47, in <listcomp>
    |     and p.end_date < datetime.now(timezone.utc)
    |         ^^^^^^^^^^^^^^^^^^^^^^^^^^^^^^^^^^^^^^^
    | TypeError: can't compare offset-naive and offset-aware datetimes
    +------------------------------------

During handling of the above exception, another exception occurred:

Traceback (most recent call last):
  File "C:\Users\hp\Downloads\pfa-anwar\cmf-platform\backend\venv\Lib\site-packages\starlette\middleware\errors.py", line 165, in __call__
    await self.app(scope, receive, _send)
  File "C:\Users\hp\Downloads\pfa-anwar\cmf-platform\backend\venv\Lib\site-packages\starlette\middleware\base.py", line 185, in __call__
    with collapse_excgroups():
  File "C:\Users\hp\AppData\Local\Programs\Python\Python311\Lib\contextlib.py", line 155, in __exit__
    self.gen.throw(typ, value, traceback)
  File "C:\Users\hp\Downloads\pfa-anwar\cmf-platform\backend\venv\Lib\site-packages\starlette\_utils.py", line 83, in collapse_excgroups
    raise exc
  File "C:\Users\hp\Downloads\pfa-anwar\cmf-platform\backend\venv\Lib\site-packages\starlette\middleware\base.py", line 187, in __call__
    response = await self.dispatch_func(request, call_next)
               ^^^^^^^^^^^^^^^^^^^^^^^^^^^^^^^^^^^^^^^^^^^^
  File "C:\Users\hp\Downloads\pfa-anwar\cmf-platform\backend\app\main.py", line 134, in rate_limit_middleware
    response = await call_next(request)
               ^^^^^^^^^^^^^^^^^^^^^^^^
  File "C:\Users\hp\Downloads\pfa-anwar\cmf-platform\backend\venv\Lib\site-packages\starlette\middleware\base.py", line 163, in call_next
    raise app_exc
  File "C:\Users\hp\Downloads\pfa-anwar\cmf-platform\backend\venv\Lib\site-packages\starlette\middleware\base.py", line 149, in coro
    await self.app(scope, receive_or_disconnect, send_no_error)
  File "C:\Users\hp\Downloads\pfa-anwar\cmf-platform\backend\venv\Lib\site-packages\starlette\middleware\base.py", line 185, in __call__
    with collapse_excgroups():
  File "C:\Users\hp\AppData\Local\Programs\Python\Python311\Lib\contextlib.py", line 155, in __exit__
    self.gen.throw(typ, value, traceback)
  File "C:\Users\hp\Downloads\pfa-anwar\cmf-platform\backend\venv\Lib\site-packages\starlette\_utils.py", line 83, in collapse_excgroups
    raise exc
  File "C:\Users\hp\Downloads\pfa-anwar\cmf-platform\backend\venv\Lib\site-packages\starlette\middleware\base.py", line 187, in __call__
    response = await self.dispatch_func(request, call_next)
               ^^^^^^^^^^^^^^^^^^^^^^^^^^^^^^^^^^^^^^^^^^^^
  File "C:\Users\hp\Downloads\pfa-anwar\cmf-platform\backend\app\main.py", line 109, in logging_middleware
    response = await call_next(request)
               ^^^^^^^^^^^^^^^^^^^^^^^^
  File "C:\Users\hp\Downloads\pfa-anwar\cmf-platform\backend\venv\Lib\site-packages\starlette\middleware\base.py", line 163, in call_next
    raise app_exc
  File "C:\Users\hp\Downloads\pfa-anwar\cmf-platform\backend\venv\Lib\site-packages\starlette\middleware\base.py", line 149, in coro
    await self.app(scope, receive_or_disconnect, send_no_error)
  File "C:\Users\hp\Downloads\pfa-anwar\cmf-platform\backend\venv\Lib\site-packages\starlette\middleware\base.py", line 185, in __call__
    with collapse_excgroups():
  File "C:\Users\hp\AppData\Local\Programs\Python\Python311\Lib\contextlib.py", line 155, in __exit__
    self.gen.throw(typ, value, traceback)
  File "C:\Users\hp\Downloads\pfa-anwar\cmf-platform\backend\venv\Lib\site-packages\starlette\_utils.py", line 83, in collapse_excgroups
    raise exc
  File "C:\Users\hp\Downloads\pfa-anwar\cmf-platform\backend\venv\Lib\site-packages\starlette\middleware\base.py", line 187, in __call__
    response = await self.dispatch_func(request, call_next)
               ^^^^^^^^^^^^^^^^^^^^^^^^^^^^^^^^^^^^^^^^^^^^
  File "C:\Users\hp\Downloads\pfa-anwar\cmf-platform\backend\app\main.py", line 98, in request_id_middleware
    response = await call_next(request)
               ^^^^^^^^^^^^^^^^^^^^^^^^
  File "C:\Users\hp\Downloads\pfa-anwar\cmf-platform\backend\venv\Lib\site-packages\starlette\middleware\base.py", line 163, in call_next
    raise app_exc
  File "C:\Users\hp\Downloads\pfa-anwar\cmf-platform\backend\venv\Lib\site-packages\starlette\middleware\base.py", line 149, in coro
    await self.app(scope, receive_or_disconnect, send_no_error)
  File "C:\Users\hp\Downloads\pfa-anwar\cmf-platform\backend\venv\Lib\site-packages\starlette\middleware\cors.py", line 85, in __call__
    await self.app(scope, receive, send)
  File "C:\Users\hp\Downloads\pfa-anwar\cmf-platform\backend\venv\Lib\site-packages\starlette\middleware\base.py", line 185, in __call__
    with collapse_excgroups():
  File "C:\Users\hp\AppData\Local\Programs\Python\Python311\Lib\contextlib.py", line 155, in __exit__
    self.gen.throw(typ, value, traceback)
  File "C:\Users\hp\Downloads\pfa-anwar\cmf-platform\backend\venv\Lib\site-packages\starlette\_utils.py", line 83, in collapse_excgroups
    raise exc
  File "C:\Users\hp\Downloads\pfa-anwar\cmf-platform\backend\venv\Lib\site-packages\starlette\middleware\base.py", line 187, in __call__
    response = await self.dispatch_func(request, call_next)
               ^^^^^^^^^^^^^^^^^^^^^^^^^^^^^^^^^^^^^^^^^^^^
  File "C:\Users\hp\Downloads\pfa-anwar\cmf-platform\backend\app\main.py", line 71, in strip_trailing_slash_middleware
    return await call_next(request)
           ^^^^^^^^^^^^^^^^^^^^^^^^
  File "C:\Users\hp\Downloads\pfa-anwar\cmf-platform\backend\venv\Lib\site-packages\starlette\middleware\base.py", line 163, in call_next
    raise app_exc
  File "C:\Users\hp\Downloads\pfa-anwar\cmf-platform\backend\venv\Lib\site-packages\starlette\middleware\base.py", line 149, in coro
    await self.app(scope, receive_or_disconnect, send_no_error)
  File "C:\Users\hp\Downloads\pfa-anwar\cmf-platform\backend\venv\Lib\site-packages\starlette\middleware\exceptions.py", line 62, in __call__
    await wrap_app_handling_exceptions(self.app, conn)(scope, receive, send)
  File "C:\Users\hp\Downloads\pfa-anwar\cmf-platform\backend\venv\Lib\site-packages\starlette\_exception_handler.py", line 62, in wrapped_app
    raise exc
  File "C:\Users\hp\Downloads\pfa-anwar\cmf-platform\backend\venv\Lib\site-packages\starlette\_exception_handler.py", line 51, in wrapped_app
    await app(scope, receive, sender)
  File "C:\Users\hp\Downloads\pfa-anwar\cmf-platform\backend\venv\Lib\site-packages\starlette\routing.py", line 715, in __call__
    await self.middleware_stack(scope, receive, send)
  File "C:\Users\hp\Downloads\pfa-anwar\cmf-platform\backend\venv\Lib\site-packages\starlette\routing.py", line 735, in app
    await route.handle(scope, receive, send)
  File "C:\Users\hp\Downloads\pfa-anwar\cmf-platform\backend\venv\Lib\site-packages\starlette\routing.py", line 288, in handle
    await self.app(scope, receive, send)
  File "C:\Users\hp\Downloads\pfa-anwar\cmf-platform\backend\venv\Lib\site-packages\starlette\routing.py", line 76, in app
    await wrap_app_handling_exceptions(app, request)(scope, receive, send)
  File "C:\Users\hp\Downloads\pfa-anwar\cmf-platform\backend\venv\Lib\site-packages\starlette\_exception_handler.py", line 62, in wrapped_app
    raise exc
  File "C:\Users\hp\Downloads\pfa-anwar\cmf-platform\backend\venv\Lib\site-packages\starlette\_exception_handler.py", line 51, in wrapped_app
    await app(scope, receive, sender)
  File "C:\Users\hp\Downloads\pfa-anwar\cmf-platform\backend\venv\Lib\site-packages\starlette\routing.py", line 73, in app
    response = await f(request)
               ^^^^^^^^^^^^^^^^
  File "C:\Users\hp\AppData\Local\Programs\Python\Python311\Lib\contextlib.py", line 222, in __aexit__
    await self.gen.athrow(typ, value, traceback)
  File "C:\Users\hp\Downloads\pfa-anwar\cmf-platform\backend\app\api\deps.py", line 42, in get_db
    yield session
  File "C:\Users\hp\Downloads\pfa-anwar\cmf-platform\backend\venv\Lib\site-packages\fastapi\routing.py", line 301, in app
    raw_response = await run_endpoint_function(
                   ^^^^^^^^^^^^^^^^^^^^^^^^^^^^
  File "C:\Users\hp\Downloads\pfa-anwar\cmf-platform\backend\venv\Lib\site-packages\fastapi\routing.py", line 212, in run_endpoint_function
    return await dependant.call(**values)
           ^^^^^^^^^^^^^^^^^^^^^^^^^^^^^^
  File "C:\Users\hp\Downloads\pfa-anwar\cmf-platform\backend\app\api\v1\endpoints\dashboard.py", line 24, in dashboard_stats
    return await dashboard_service.get_dashboard_stats()
           ^^^^^^^^^^^^^^^^^^^^^^^^^^^^^^^^^^^^^^^^^^^^^
  File "C:\Users\hp\Downloads\pfa-anwar\cmf-platform\backend\app\application\services\dashboard_service.py", line 26, in get_dashboard_stats
    stats = await self._compute_stats()
            ^^^^^^^^^^^^^^^^^^^^^^^^^^^
  File "C:\Users\hp\Downloads\pfa-anwar\cmf-platform\backend\app\application\services\dashboard_service.py", line 43, in _compute_stats
    delayed_projects = len([
                           ^
  File "C:\Users\hp\Downloads\pfa-anwar\cmf-platform\backend\app\application\services\dashboard_service.py", line 47, in <listcomp>
    and p.end_date < datetime.now(timezone.utc)
        ^^^^^^^^^^^^^^^^^^^^^^^^^^^^^^^^^^^^^^^
TypeError: can't compare offset-naive and offset-aware datetimes
2026-07-22 10:53:15,603 - app.main - INFO - GET /api/v1/dashboard/stats
2026-07-22 10:53:15,688 - app.main - ERROR - Unhandled exception: can't compare offset-naive and offset-aware datetimes
  + Exception Group Traceback (most recent call last):
  |   File "C:\Users\hp\Downloads\pfa-anwar\cmf-platform\backend\venv\Lib\site-packages\starlette\_utils.py", line 77, in collapse_excgroups
  |     yield
  |   File "C:\Users\hp\Downloads\pfa-anwar\cmf-platform\backend\venv\Lib\site-packages\starlette\middleware\base.py", line 186, in __call__
  |     async with anyio.create_task_group() as task_group:
  |   File "C:\Users\hp\Downloads\pfa-anwar\cmf-platform\backend\venv\Lib\site-packages\anyio\_backends\_asyncio.py", line 815, in __aexit__
  |     raise BaseExceptionGroup(
  | ExceptionGroup: unhandled errors in a TaskGroup (1 sub-exception)
  +-+---------------- 1 ----------------
    | Traceback (most recent call last):
    |   File "C:\Users\hp\Downloads\pfa-anwar\cmf-platform\backend\venv\Lib\site-packages\starlette\middleware\errors.py", line 165, in __call__
    |     await self.app(scope, receive, _send)
    |   File "C:\Users\hp\Downloads\pfa-anwar\cmf-platform\backend\venv\Lib\site-packages\starlette\middleware\base.py", line 185, in __call__
    |     with collapse_excgroups():
    |   File "C:\Users\hp\AppData\Local\Programs\Python\Python311\Lib\contextlib.py", line 155, in __exit__
    |     self.gen.throw(typ, value, traceback)
    |   File "C:\Users\hp\Downloads\pfa-anwar\cmf-platform\backend\venv\Lib\site-packages\starlette\_utils.py", line 83, in collapse_excgroups
    |     raise exc
    |   File "C:\Users\hp\Downloads\pfa-anwar\cmf-platform\backend\venv\Lib\site-packages\starlette\middleware\base.py", line 187, in __call__
    |     response = await self.dispatch_func(request, call_next)
    |                ^^^^^^^^^^^^^^^^^^^^^^^^^^^^^^^^^^^^^^^^^^^^
    |   File "C:\Users\hp\Downloads\pfa-anwar\cmf-platform\backend\app\main.py", line 134, in rate_limit_middleware
    |     response = await call_next(request)
    |                ^^^^^^^^^^^^^^^^^^^^^^^^
    |   File "C:\Users\hp\Downloads\pfa-anwar\cmf-platform\backend\venv\Lib\site-packages\starlette\middleware\base.py", line 163, in call_next
    |     raise app_exc
    |   File "C:\Users\hp\Downloads\pfa-anwar\cmf-platform\backend\venv\Lib\site-packages\starlette\middleware\base.py", line 149, in coro
    |     await self.app(scope, receive_or_disconnect, send_no_error)
    |   File "C:\Users\hp\Downloads\pfa-anwar\cmf-platform\backend\venv\Lib\site-packages\starlette\middleware\base.py", line 185, in __call__
    |     with collapse_excgroups():
    |   File "C:\Users\hp\AppData\Local\Programs\Python\Python311\Lib\contextlib.py", line 155, in __exit__
    |     self.gen.throw(typ, value, traceback)
    |   File "C:\Users\hp\Downloads\pfa-anwar\cmf-platform\backend\venv\Lib\site-packages\starlette\_utils.py", line 83, in collapse_excgroups
    |     raise exc
    |   File "C:\Users\hp\Downloads\pfa-anwar\cmf-platform\backend\venv\Lib\site-packages\starlette\middleware\base.py", line 187, in __call__
    |     response = await self.dispatch_func(request, call_next)
    |                ^^^^^^^^^^^^^^^^^^^^^^^^^^^^^^^^^^^^^^^^^^^^
    |   File "C:\Users\hp\Downloads\pfa-anwar\cmf-platform\backend\app\main.py", line 109, in logging_middleware
    |     response = await call_next(request)
    |                ^^^^^^^^^^^^^^^^^^^^^^^^
    |   File "C:\Users\hp\Downloads\pfa-anwar\cmf-platform\backend\venv\Lib\site-packages\starlette\middleware\base.py", line 163, in call_next
    |     raise app_exc
    |   File "C:\Users\hp\Downloads\pfa-anwar\cmf-platform\backend\venv\Lib\site-packages\starlette\middleware\base.py", line 149, in coro
    |     await self.app(scope, receive_or_disconnect, send_no_error)
    |   File "C:\Users\hp\Downloads\pfa-anwar\cmf-platform\backend\venv\Lib\site-packages\starlette\middleware\base.py", line 185, in __call__
    |     with collapse_excgroups():
    |   File "C:\Users\hp\AppData\Local\Programs\Python\Python311\Lib\contextlib.py", line 155, in __exit__
    |     self.gen.throw(typ, value, traceback)
    |   File "C:\Users\hp\Downloads\pfa-anwar\cmf-platform\backend\venv\Lib\site-packages\starlette\_utils.py", line 83, in collapse_excgroups
    |     raise exc
    |   File "C:\Users\hp\Downloads\pfa-anwar\cmf-platform\backend\venv\Lib\site-packages\starlette\middleware\base.py", line 187, in __call__
    |     response = await self.dispatch_func(request, call_next)
    |                ^^^^^^^^^^^^^^^^^^^^^^^^^^^^^^^^^^^^^^^^^^^^
    |   File "C:\Users\hp\Downloads\pfa-anwar\cmf-platform\backend\app\main.py", line 98, in request_id_middleware
    |     response = await call_next(request)
    |                ^^^^^^^^^^^^^^^^^^^^^^^^
    |   File "C:\Users\hp\Downloads\pfa-anwar\cmf-platform\backend\venv\Lib\site-packages\starlette\middleware\base.py", line 163, in call_next
    |     raise app_exc
    |   File "C:\Users\hp\Downloads\pfa-anwar\cmf-platform\backend\venv\Lib\site-packages\starlette\middleware\base.py", line 149, in coro
    |     await self.app(scope, receive_or_disconnect, send_no_error)
    |   File "C:\Users\hp\Downloads\pfa-anwar\cmf-platform\backend\venv\Lib\site-packages\starlette\middleware\cors.py", line 85, in __call__
    |     await self.app(scope, receive, send)
    |   File "C:\Users\hp\Downloads\pfa-anwar\cmf-platform\backend\venv\Lib\site-packages\starlette\middleware\base.py", line 185, in __call__
    |     with collapse_excgroups():
    |   File "C:\Users\hp\AppData\Local\Programs\Python\Python311\Lib\contextlib.py", line 155, in __exit__
    |     self.gen.throw(typ, value, traceback)
    |   File "C:\Users\hp\Downloads\pfa-anwar\cmf-platform\backend\venv\Lib\site-packages\starlette\_utils.py", line 83, in collapse_excgroups
    |     raise exc
    |   File "C:\Users\hp\Downloads\pfa-anwar\cmf-platform\backend\venv\Lib\site-packages\starlette\middleware\base.py", line 187, in __call__
    |     response = await self.dispatch_func(request, call_next)
    |                ^^^^^^^^^^^^^^^^^^^^^^^^^^^^^^^^^^^^^^^^^^^^
    |   File "C:\Users\hp\Downloads\pfa-anwar\cmf-platform\backend\app\main.py", line 71, in strip_trailing_slash_middleware
    |     return await call_next(request)
    |            ^^^^^^^^^^^^^^^^^^^^^^^^
    |   File "C:\Users\hp\Downloads\pfa-anwar\cmf-platform\backend\venv\Lib\site-packages\starlette\middleware\base.py", line 163, in call_next
    |     raise app_exc
    |   File "C:\Users\hp\Downloads\pfa-anwar\cmf-platform\backend\venv\Lib\site-packages\starlette\middleware\base.py", line 149, in coro
    |     await self.app(scope, receive_or_disconnect, send_no_error)
    |   File "C:\Users\hp\Downloads\pfa-anwar\cmf-platform\backend\venv\Lib\site-packages\starlette\middleware\exceptions.py", line 62, in __call__
    |     await wrap_app_handling_exceptions(self.app, conn)(scope, receive, send)
    |   File "C:\Users\hp\Downloads\pfa-anwar\cmf-platform\backend\venv\Lib\site-packages\starlette\_exception_handler.py", line 62, in wrapped_app
    |     raise exc
    |   File "C:\Users\hp\Downloads\pfa-anwar\cmf-platform\backend\venv\Lib\site-packages\starlette\_exception_handler.py", line 51, in wrapped_app
    |     await app(scope, receive, sender)
    |   File "C:\Users\hp\Downloads\pfa-anwar\cmf-platform\backend\venv\Lib\site-packages\starlette\routing.py", line 715, in __call__
    |     await self.middleware_stack(scope, receive, send)
    |   File "C:\Users\hp\Downloads\pfa-anwar\cmf-platform\backend\venv\Lib\site-packages\starlette\routing.py", line 735, in app
    |     await route.handle(scope, receive, send)
    |   File "C:\Users\hp\Downloads\pfa-anwar\cmf-platform\backend\venv\Lib\site-packages\starlette\routing.py", line 288, in handle
    |     await self.app(scope, receive, send)
    |   File "C:\Users\hp\Downloads\pfa-anwar\cmf-platform\backend\venv\Lib\site-packages\starlette\routing.py", line 76, in app
    |     await wrap_app_handling_exceptions(app, request)(scope, receive, send)
    |   File "C:\Users\hp\Downloads\pfa-anwar\cmf-platform\backend\venv\Lib\site-packages\starlette\_exception_handler.py", line 62, in wrapped_app
    |     raise exc
    |   File "C:\Users\hp\Downloads\pfa-anwar\cmf-platform\backend\venv\Lib\site-packages\starlette\_exception_handler.py", line 51, in wrapped_app
    |     await app(scope, receive, sender)
    |   File "C:\Users\hp\Downloads\pfa-anwar\cmf-platform\backend\venv\Lib\site-packages\starlette\routing.py", line 73, in app
    |     response = await f(request)
    |                ^^^^^^^^^^^^^^^^
    |   File "C:\Users\hp\AppData\Local\Programs\Python\Python311\Lib\contextlib.py", line 222, in __aexit__
    |     await self.gen.athrow(typ, value, traceback)
    |   File "C:\Users\hp\Downloads\pfa-anwar\cmf-platform\backend\app\api\deps.py", line 42, in get_db
    |     yield session
    |   File "C:\Users\hp\Downloads\pfa-anwar\cmf-platform\backend\venv\Lib\site-packages\fastapi\routing.py", line 301, in app
    |     raw_response = await run_endpoint_function(
    |                    ^^^^^^^^^^^^^^^^^^^^^^^^^^^^
    |   File "C:\Users\hp\Downloads\pfa-anwar\cmf-platform\backend\venv\Lib\site-packages\fastapi\routing.py", line 212, in run_endpoint_function
    |     return await dependant.call(**values)
    |            ^^^^^^^^^^^^^^^^^^^^^^^^^^^^^^
    |   File "C:\Users\hp\Downloads\pfa-anwar\cmf-platform\backend\app\api\v1\endpoints\dashboard.py", line 24, in dashboard_stats
    |     return await dashboard_service.get_dashboard_stats()
    |            ^^^^^^^^^^^^^^^^^^^^^^^^^^^^^^^^^^^^^^^^^^^^^
    |   File "C:\Users\hp\Downloads\pfa-anwar\cmf-platform\backend\app\application\services\dashboard_service.py", line 26, in get_dashboard_stats
    |     stats = await self._compute_stats()
    |             ^^^^^^^^^^^^^^^^^^^^^^^^^^^
    |   File "C:\Users\hp\Downloads\pfa-anwar\cmf-platform\backend\app\application\services\dashboard_service.py", line 43, in _compute_stats
    |     delayed_projects = len([
    |                            ^
    |   File "C:\Users\hp\Downloads\pfa-anwar\cmf-platform\backend\app\application\services\dashboard_service.py", line 47, in <listcomp>
    |     and p.end_date < datetime.now(timezone.utc)
    |         ^^^^^^^^^^^^^^^^^^^^^^^^^^^^^^^^^^^^^^^
    | TypeError: can't compare offset-naive and offset-aware datetimes
    +------------------------------------

During handling of the above exception, another exception occurred:

Traceback (most recent call last):
  File "C:\Users\hp\Downloads\pfa-anwar\cmf-platform\backend\venv\Lib\site-packages\starlette\middleware\errors.py", line 165, in __call__
    await self.app(scope, receive, _send)
  File "C:\Users\hp\Downloads\pfa-anwar\cmf-platform\backend\venv\Lib\site-packages\starlette\middleware\base.py", line 185, in __call__
    with collapse_excgroups():
  File "C:\Users\hp\AppData\Local\Programs\Python\Python311\Lib\contextlib.py", line 155, in __exit__
    self.gen.throw(typ, value, traceback)
  File "C:\Users\hp\Downloads\pfa-anwar\cmf-platform\backend\venv\Lib\site-packages\starlette\_utils.py", line 83, in collapse_excgroups
    raise exc
  File "C:\Users\hp\Downloads\pfa-anwar\cmf-platform\backend\venv\Lib\site-packages\starlette\middleware\base.py", line 187, in __call__
    response = await self.dispatch_func(request, call_next)
               ^^^^^^^^^^^^^^^^^^^^^^^^^^^^^^^^^^^^^^^^^^^^
  File "C:\Users\hp\Downloads\pfa-anwar\cmf-platform\backend\app\main.py", line 134, in rate_limit_middleware
    response = await call_next(request)
               ^^^^^^^^^^^^^^^^^^^^^^^^
  File "C:\Users\hp\Downloads\pfa-anwar\cmf-platform\backend\venv\Lib\site-packages\starlette\middleware\base.py", line 163, in call_next
    raise app_exc
  File "C:\Users\hp\Downloads\pfa-anwar\cmf-platform\backend\venv\Lib\site-packages\starlette\middleware\base.py", line 149, in coro
    await self.app(scope, receive_or_disconnect, send_no_error)
  File "C:\Users\hp\Downloads\pfa-anwar\cmf-platform\backend\venv\Lib\site-packages\starlette\middleware\base.py", line 185, in __call__
    with collapse_excgroups():
  File "C:\Users\hp\AppData\Local\Programs\Python\Python311\Lib\contextlib.py", line 155, in __exit__
    self.gen.throw(typ, value, traceback)
  File "C:\Users\hp\Downloads\pfa-anwar\cmf-platform\backend\venv\Lib\site-packages\starlette\_utils.py", line 83, in collapse_excgroups
    raise exc
  File "C:\Users\hp\Downloads\pfa-anwar\cmf-platform\backend\venv\Lib\site-packages\starlette\middleware\base.py", line 187, in __call__
    response = await self.dispatch_func(request, call_next)
               ^^^^^^^^^^^^^^^^^^^^^^^^^^^^^^^^^^^^^^^^^^^^
  File "C:\Users\hp\Downloads\pfa-anwar\cmf-platform\backend\app\main.py", line 109, in logging_middleware
    response = await call_next(request)
               ^^^^^^^^^^^^^^^^^^^^^^^^
  File "C:\Users\hp\Downloads\pfa-anwar\cmf-platform\backend\venv\Lib\site-packages\starlette\middleware\base.py", line 163, in call_next
    raise app_exc
  File "C:\Users\hp\Downloads\pfa-anwar\cmf-platform\backend\venv\Lib\site-packages\starlette\middleware\base.py", line 149, in coro
    await self.app(scope, receive_or_disconnect, send_no_error)
  File "C:\Users\hp\Downloads\pfa-anwar\cmf-platform\backend\venv\Lib\site-packages\starlette\middleware\base.py", line 185, in __call__
    with collapse_excgroups():
  File "C:\Users\hp\AppData\Local\Programs\Python\Python311\Lib\contextlib.py", line 155, in __exit__
    self.gen.throw(typ, value, traceback)
  File "C:\Users\hp\Downloads\pfa-anwar\cmf-platform\backend\venv\Lib\site-packages\starlette\_utils.py", line 83, in collapse_excgroups
    raise exc
  File "C:\Users\hp\Downloads\pfa-anwar\cmf-platform\backend\venv\Lib\site-packages\starlette\middleware\base.py", line 187, in __call__
    response = await self.dispatch_func(request, call_next)
               ^^^^^^^^^^^^^^^^^^^^^^^^^^^^^^^^^^^^^^^^^^^^
  File "C:\Users\hp\Downloads\pfa-anwar\cmf-platform\backend\app\main.py", line 98, in request_id_middleware
    response = await call_next(request)
               ^^^^^^^^^^^^^^^^^^^^^^^^
  File "C:\Users\hp\Downloads\pfa-anwar\cmf-platform\backend\venv\Lib\site-packages\starlette\middleware\base.py", line 163, in call_next
    raise app_exc
  File "C:\Users\hp\Downloads\pfa-anwar\cmf-platform\backend\venv\Lib\site-packages\starlette\middleware\base.py", line 149, in coro
    await self.app(scope, receive_or_disconnect, send_no_error)
  File "C:\Users\hp\Downloads\pfa-anwar\cmf-platform\backend\venv\Lib\site-packages\starlette\middleware\cors.py", line 85, in __call__
    await self.app(scope, receive, send)
  File "C:\Users\hp\Downloads\pfa-anwar\cmf-platform\backend\venv\Lib\site-packages\starlette\middleware\base.py", line 185, in __call__
    with collapse_excgroups():
  File "C:\Users\hp\AppData\Local\Programs\Python\Python311\Lib\contextlib.py", line 155, in __exit__
    self.gen.throw(typ, value, traceback)
  File "C:\Users\hp\Downloads\pfa-anwar\cmf-platform\backend\venv\Lib\site-packages\starlette\_utils.py", line 83, in collapse_excgroups
    raise exc
  File "C:\Users\hp\Downloads\pfa-anwar\cmf-platform\backend\venv\Lib\site-packages\starlette\middleware\base.py", line 187, in __call__
    response = await self.dispatch_func(request, call_next)
               ^^^^^^^^^^^^^^^^^^^^^^^^^^^^^^^^^^^^^^^^^^^^
  File "C:\Users\hp\Downloads\pfa-anwar\cmf-platform\backend\app\main.py", line 71, in strip_trailing_slash_middleware
    return await call_next(request)
           ^^^^^^^^^^^^^^^^^^^^^^^^
  File "C:\Users\hp\Downloads\pfa-anwar\cmf-platform\backend\venv\Lib\site-packages\starlette\middleware\base.py", line 163, in call_next
    raise app_exc
  File "C:\Users\hp\Downloads\pfa-anwar\cmf-platform\backend\venv\Lib\site-packages\starlette\middleware\base.py", line 149, in coro
    await self.app(scope, receive_or_disconnect, send_no_error)
  File "C:\Users\hp\Downloads\pfa-anwar\cmf-platform\backend\venv\Lib\site-packages\starlette\middleware\exceptions.py", line 62, in __call__
    await wrap_app_handling_exceptions(self.app, conn)(scope, receive, send)
  File "C:\Users\hp\Downloads\pfa-anwar\cmf-platform\backend\venv\Lib\site-packages\starlette\_exception_handler.py", line 62, in wrapped_app
    raise exc
  File "C:\Users\hp\Downloads\pfa-anwar\cmf-platform\backend\venv\Lib\site-packages\starlette\_exception_handler.py", line 51, in wrapped_app
    await app(scope, receive, sender)
  File "C:\Users\hp\Downloads\pfa-anwar\cmf-platform\backend\venv\Lib\site-packages\starlette\routing.py", line 715, in __call__
    await self.middleware_stack(scope, receive, send)
  File "C:\Users\hp\Downloads\pfa-anwar\cmf-platform\backend\venv\Lib\site-packages\starlette\routing.py", line 735, in app
    await route.handle(scope, receive, send)
  File "C:\Users\hp\Downloads\pfa-anwar\cmf-platform\backend\venv\Lib\site-packages\starlette\routing.py", line 288, in handle
    await self.app(scope, receive, send)
  File "C:\Users\hp\Downloads\pfa-anwar\cmf-platform\backend\venv\Lib\site-packages\starlette\routing.py", line 76, in app
    await wrap_app_handling_exceptions(app, request)(scope, receive, send)
  File "C:\Users\hp\Downloads\pfa-anwar\cmf-platform\backend\venv\Lib\site-packages\starlette\_exception_handler.py", line 62, in wrapped_app
    raise exc
  File "C:\Users\hp\Downloads\pfa-anwar\cmf-platform\backend\venv\Lib\site-packages\starlette\_exception_handler.py", line 51, in wrapped_app
    await app(scope, receive, sender)
  File "C:\Users\hp\Downloads\pfa-anwar\cmf-platform\backend\venv\Lib\site-packages\starlette\routing.py", line 73, in app
    response = await f(request)
               ^^^^^^^^^^^^^^^^
  File "C:\Users\hp\AppData\Local\Programs\Python\Python311\Lib\contextlib.py", line 222, in __aexit__
    await self.gen.athrow(typ, value, traceback)
  File "C:\Users\hp\Downloads\pfa-anwar\cmf-platform\backend\app\api\deps.py", line 42, in get_db
    yield session
  File "C:\Users\hp\Downloads\pfa-anwar\cmf-platform\backend\venv\Lib\site-packages\fastapi\routing.py", line 301, in app
    raw_response = await run_endpoint_function(
                   ^^^^^^^^^^^^^^^^^^^^^^^^^^^^
  File "C:\Users\hp\Downloads\pfa-anwar\cmf-platform\backend\venv\Lib\site-packages\fastapi\routing.py", line 212, in run_endpoint_function
    return await dependant.call(**values)
           ^^^^^^^^^^^^^^^^^^^^^^^^^^^^^^
  File "C:\Users\hp\Downloads\pfa-anwar\cmf-platform\backend\app\api\v1\endpoints\dashboard.py", line 24, in dashboard_stats
    return await dashboard_service.get_dashboard_stats()
           ^^^^^^^^^^^^^^^^^^^^^^^^^^^^^^^^^^^^^^^^^^^^^
  File "C:\Users\hp\Downloads\pfa-anwar\cmf-platform\backend\app\application\services\dashboard_service.py", line 26, in get_dashboard_stats
    stats = await self._compute_stats()
            ^^^^^^^^^^^^^^^^^^^^^^^^^^^
  File "C:\Users\hp\Downloads\pfa-anwar\cmf-platform\backend\app\application\services\dashboard_service.py", line 43, in _compute_stats
    delayed_projects = len([
                           ^
  File "C:\Users\hp\Downloads\pfa-anwar\cmf-platform\backend\app\application\services\dashboard_service.py", line 47, in <listcomp>
    and p.end_date < datetime.now(timezone.utc)
        ^^^^^^^^^^^^^^^^^^^^^^^^^^^^^^^^^^^^^^^
TypeError: can't compare offset-naive and offset-aware datetimes
2026-07-22 10:54:48,445 - app.main - INFO - POST /api/v1/auth/login
2026-07-22 10:54:48,471 - app.main - WARNING - UnauthorizedException: Invalid email or password
2026-07-22 10:54:48,475 - app.main - INFO - POST /api/v1/auth/login -> 401
2026-07-22 10:55:07,308 - app.main - INFO - POST /api/v1/auth/register
2026-07-22 10:55:07,346 - app.main - WARNING - Validation error: [{'type': 'missing', 'loc': ('body', 'confirm_password'), 'msg': 'Field required', 'input': {'email': 'admin@test.com', 'password': 'Admin123!', 'firstName': 'Admin', 'lastName': 'User'}}, {'type': 'missing', 'loc': ('body', 'first_name'), 'msg': 'Field required', 'input': {'email': 'admin@test.com', 'password': 'Admin123!', 'firstName': 'Admin', 'lastName': 'User'}}, {'type': 'missing', 'loc': ('body', 'last_name'), 'msg': 'Field required', 'input': {'email': 'admin@test.com', 'password': 'Admin123!', 'firstName': 'Admin', 'lastName': 'User'}}]
2026-07-22 10:55:07,351 - app.main - INFO - POST /api/v1/auth/register -> 422
2026-07-22 10:55:22,685 - app.main - INFO - POST /api/v1/auth/register
2026-07-22 10:55:23,686 - app.main - INFO - POST /api/v1/auth/register -> 200
2026-07-22 10:55:38,256 - app.main - INFO - POST /api/v1/auth/login
2026-07-22 10:55:39,069 - app.main - INFO - POST /api/v1/auth/login -> 200
2026-07-22 10:55:39,095 - app.main - INFO - GET /api/v1/dashboard/stats
2026-07-22 10:55:39,259 - app.main - ERROR - Unhandled exception: can't compare offset-naive and offset-aware datetimes
  + Exception Group Traceback (most recent call last):
  |   File "C:\Users\hp\Downloads\pfa-anwar\cmf-platform\backend\venv\Lib\site-packages\starlette\_utils.py", line 77, in collapse_excgroups
  |     yield
  |   File "C:\Users\hp\Downloads\pfa-anwar\cmf-platform\backend\venv\Lib\site-packages\starlette\middleware\base.py", line 186, in __call__
  |     async with anyio.create_task_group() as task_group:
  |   File "C:\Users\hp\Downloads\pfa-anwar\cmf-platform\backend\venv\Lib\site-packages\anyio\_backends\_asyncio.py", line 815, in __aexit__
  |     raise BaseExceptionGroup(
  | ExceptionGroup: unhandled errors in a TaskGroup (1 sub-exception)
  +-+---------------- 1 ----------------
    | Traceback (most recent call last):
    |   File "C:\Users\hp\Downloads\pfa-anwar\cmf-platform\backend\venv\Lib\site-packages\starlette\middleware\errors.py", line 165, in __call__
    |     await self.app(scope, receive, _send)
    |   File "C:\Users\hp\Downloads\pfa-anwar\cmf-platform\backend\venv\Lib\site-packages\starlette\middleware\base.py", line 185, in __call__
    |     with collapse_excgroups():
    |   File "C:\Users\hp\AppData\Local\Programs\Python\Python311\Lib\contextlib.py", line 155, in __exit__
    |     self.gen.throw(typ, value, traceback)
    |   File "C:\Users\hp\Downloads\pfa-anwar\cmf-platform\backend\venv\Lib\site-packages\starlette\_utils.py", line 83, in collapse_excgroups
    |     raise exc
    |   File "C:\Users\hp\Downloads\pfa-anwar\cmf-platform\backend\venv\Lib\site-packages\starlette\middleware\base.py", line 187, in __call__
    |     response = await self.dispatch_func(request, call_next)
    |                ^^^^^^^^^^^^^^^^^^^^^^^^^^^^^^^^^^^^^^^^^^^^
    |   File "C:\Users\hp\Downloads\pfa-anwar\cmf-platform\backend\app\main.py", line 134, in rate_limit_middleware
    |     response = await call_next(request)
    |                ^^^^^^^^^^^^^^^^^^^^^^^^
    |   File "C:\Users\hp\Downloads\pfa-anwar\cmf-platform\backend\venv\Lib\site-packages\starlette\middleware\base.py", line 163, in call_next
    |     raise app_exc
    |   File "C:\Users\hp\Downloads\pfa-anwar\cmf-platform\backend\venv\Lib\site-packages\starlette\middleware\base.py", line 149, in coro
    |     await self.app(scope, receive_or_disconnect, send_no_error)
    |   File "C:\Users\hp\Downloads\pfa-anwar\cmf-platform\backend\venv\Lib\site-packages\starlette\middleware\base.py", line 185, in __call__
    |     with collapse_excgroups():
    |   File "C:\Users\hp\AppData\Local\Programs\Python\Python311\Lib\contextlib.py", line 155, in __exit__
    |     self.gen.throw(typ, value, traceback)
    |   File "C:\Users\hp\Downloads\pfa-anwar\cmf-platform\backend\venv\Lib\site-packages\starlette\_utils.py", line 83, in collapse_excgroups
    |     raise exc
    |   File "C:\Users\hp\Downloads\pfa-anwar\cmf-platform\backend\venv\Lib\site-packages\starlette\middleware\base.py", line 187, in __call__
    |     response = await self.dispatch_func(request, call_next)
    |                ^^^^^^^^^^^^^^^^^^^^^^^^^^^^^^^^^^^^^^^^^^^^
    |   File "C:\Users\hp\Downloads\pfa-anwar\cmf-platform\backend\app\main.py", line 109, in logging_middleware
    |     response = await call_next(request)
    |                ^^^^^^^^^^^^^^^^^^^^^^^^
    |   File "C:\Users\hp\Downloads\pfa-anwar\cmf-platform\backend\venv\Lib\site-packages\starlette\middleware\base.py", line 163, in call_next
    |     raise app_exc
    |   File "C:\Users\hp\Downloads\pfa-anwar\cmf-platform\backend\venv\Lib\site-packages\starlette\middleware\base.py", line 149, in coro
    |     await self.app(scope, receive_or_disconnect, send_no_error)
    |   File "C:\Users\hp\Downloads\pfa-anwar\cmf-platform\backend\venv\Lib\site-packages\starlette\middleware\base.py", line 185, in __call__
    |     with collapse_excgroups():
    |   File "C:\Users\hp\AppData\Local\Programs\Python\Python311\Lib\contextlib.py", line 155, in __exit__
    |     self.gen.throw(typ, value, traceback)
    |   File "C:\Users\hp\Downloads\pfa-anwar\cmf-platform\backend\venv\Lib\site-packages\starlette\_utils.py", line 83, in collapse_excgroups
    |     raise exc
    |   File "C:\Users\hp\Downloads\pfa-anwar\cmf-platform\backend\venv\Lib\site-packages\starlette\middleware\base.py", line 187, in __call__
    |     response = await self.dispatch_func(request, call_next)
    |                ^^^^^^^^^^^^^^^^^^^^^^^^^^^^^^^^^^^^^^^^^^^^
    |   File "C:\Users\hp\Downloads\pfa-anwar\cmf-platform\backend\app\main.py", line 98, in request_id_middleware
    |     response = await call_next(request)
    |                ^^^^^^^^^^^^^^^^^^^^^^^^
    |   File "C:\Users\hp\Downloads\pfa-anwar\cmf-platform\backend\venv\Lib\site-packages\starlette\middleware\base.py", line 163, in call_next
    |     raise app_exc
    |   File "C:\Users\hp\Downloads\pfa-anwar\cmf-platform\backend\venv\Lib\site-packages\starlette\middleware\base.py", line 149, in coro
    |     await self.app(scope, receive_or_disconnect, send_no_error)
    |   File "C:\Users\hp\Downloads\pfa-anwar\cmf-platform\backend\venv\Lib\site-packages\starlette\middleware\cors.py", line 85, in __call__
    |     await self.app(scope, receive, send)
    |   File "C:\Users\hp\Downloads\pfa-anwar\cmf-platform\backend\venv\Lib\site-packages\starlette\middleware\base.py", line 185, in __call__
    |     with collapse_excgroups():
    |   File "C:\Users\hp\AppData\Local\Programs\Python\Python311\Lib\contextlib.py", line 155, in __exit__
    |     self.gen.throw(typ, value, traceback)
    |   File "C:\Users\hp\Downloads\pfa-anwar\cmf-platform\backend\venv\Lib\site-packages\starlette\_utils.py", line 83, in collapse_excgroups
    |     raise exc
    |   File "C:\Users\hp\Downloads\pfa-anwar\cmf-platform\backend\venv\Lib\site-packages\starlette\middleware\base.py", line 187, in __call__
    |     response = await self.dispatch_func(request, call_next)
    |                ^^^^^^^^^^^^^^^^^^^^^^^^^^^^^^^^^^^^^^^^^^^^
    |   File "C:\Users\hp\Downloads\pfa-anwar\cmf-platform\backend\app\main.py", line 71, in strip_trailing_slash_middleware
    |     return await call_next(request)
    |            ^^^^^^^^^^^^^^^^^^^^^^^^
    |   File "C:\Users\hp\Downloads\pfa-anwar\cmf-platform\backend\venv\Lib\site-packages\starlette\middleware\base.py", line 163, in call_next
    |     raise app_exc
    |   File "C:\Users\hp\Downloads\pfa-anwar\cmf-platform\backend\venv\Lib\site-packages\starlette\middleware\base.py", line 149, in coro
    |     await self.app(scope, receive_or_disconnect, send_no_error)
    |   File "C:\Users\hp\Downloads\pfa-anwar\cmf-platform\backend\venv\Lib\site-packages\starlette\middleware\exceptions.py", line 62, in __call__
    |     await wrap_app_handling_exceptions(self.app, conn)(scope, receive, send)
    |   File "C:\Users\hp\Downloads\pfa-anwar\cmf-platform\backend\venv\Lib\site-packages\starlette\_exception_handler.py", line 62, in wrapped_app
    |     raise exc
    |   File "C:\Users\hp\Downloads\pfa-anwar\cmf-platform\backend\venv\Lib\site-packages\starlette\_exception_handler.py", line 51, in wrapped_app
    |     await app(scope, receive, sender)
    |   File "C:\Users\hp\Downloads\pfa-anwar\cmf-platform\backend\venv\Lib\site-packages\starlette\routing.py", line 715, in __call__
    |     await self.middleware_stack(scope, receive, send)
    |   File "C:\Users\hp\Downloads\pfa-anwar\cmf-platform\backend\venv\Lib\site-packages\starlette\routing.py", line 735, in app
    |     await route.handle(scope, receive, send)
    |   File "C:\Users\hp\Downloads\pfa-anwar\cmf-platform\backend\venv\Lib\site-packages\starlette\routing.py", line 288, in handle
    |     await self.app(scope, receive, send)
    |   File "C:\Users\hp\Downloads\pfa-anwar\cmf-platform\backend\venv\Lib\site-packages\starlette\routing.py", line 76, in app
    |     await wrap_app_handling_exceptions(app, request)(scope, receive, send)
    |   File "C:\Users\hp\Downloads\pfa-anwar\cmf-platform\backend\venv\Lib\site-packages\starlette\_exception_handler.py", line 62, in wrapped_app
    |     raise exc
    |   File "C:\Users\hp\Downloads\pfa-anwar\cmf-platform\backend\venv\Lib\site-packages\starlette\_exception_handler.py", line 51, in wrapped_app
    |     await app(scope, receive, sender)
    |   File "C:\Users\hp\Downloads\pfa-anwar\cmf-platform\backend\venv\Lib\site-packages\starlette\routing.py", line 73, in app
    |     response = await f(request)
    |                ^^^^^^^^^^^^^^^^
    |   File "C:\Users\hp\AppData\Local\Programs\Python\Python311\Lib\contextlib.py", line 222, in __aexit__
    |     await self.gen.athrow(typ, value, traceback)
    |   File "C:\Users\hp\Downloads\pfa-anwar\cmf-platform\backend\app\api\deps.py", line 42, in get_db
    |     yield session
    |   File "C:\Users\hp\Downloads\pfa-anwar\cmf-platform\backend\venv\Lib\site-packages\fastapi\routing.py", line 301, in app
    |     raw_response = await run_endpoint_function(
    |                    ^^^^^^^^^^^^^^^^^^^^^^^^^^^^
    |   File "C:\Users\hp\Downloads\pfa-anwar\cmf-platform\backend\venv\Lib\site-packages\fastapi\routing.py", line 212, in run_endpoint_function
    |     return await dependant.call(**values)
    |            ^^^^^^^^^^^^^^^^^^^^^^^^^^^^^^
    |   File "C:\Users\hp\Downloads\pfa-anwar\cmf-platform\backend\app\api\v1\endpoints\dashboard.py", line 24, in dashboard_stats
    |     return await dashboard_service.get_dashboard_stats()
    |            ^^^^^^^^^^^^^^^^^^^^^^^^^^^^^^^^^^^^^^^^^^^^^
    |   File "C:\Users\hp\Downloads\pfa-anwar\cmf-platform\backend\app\application\services\dashboard_service.py", line 26, in get_dashboard_stats
    |     stats = await self._compute_stats()
    |             ^^^^^^^^^^^^^^^^^^^^^^^^^^^
    |   File "C:\Users\hp\Downloads\pfa-anwar\cmf-platform\backend\app\application\services\dashboard_service.py", line 43, in _compute_stats
    |     delayed_projects = len([
    |                            ^
    |   File "C:\Users\hp\Downloads\pfa-anwar\cmf-platform\backend\app\application\services\dashboard_service.py", line 47, in <listcomp>
    |     and p.end_date < datetime.now(timezone.utc)
    |         ^^^^^^^^^^^^^^^^^^^^^^^^^^^^^^^^^^^^^^^
    | TypeError: can't compare offset-naive and offset-aware datetimes
    +------------------------------------

During handling of the above exception, another exception occurred:

Traceback (most recent call last):
  File "C:\Users\hp\Downloads\pfa-anwar\cmf-platform\backend\venv\Lib\site-packages\starlette\middleware\errors.py", line 165, in __call__
    await self.app(scope, receive, _send)
  File "C:\Users\hp\Downloads\pfa-anwar\cmf-platform\backend\venv\Lib\site-packages\starlette\middleware\base.py", line 185, in __call__
    with collapse_excgroups():
  File "C:\Users\hp\AppData\Local\Programs\Python\Python311\Lib\contextlib.py", line 155, in __exit__
    self.gen.throw(typ, value, traceback)
  File "C:\Users\hp\Downloads\pfa-anwar\cmf-platform\backend\venv\Lib\site-packages\starlette\_utils.py", line 83, in collapse_excgroups
    raise exc
  File "C:\Users\hp\Downloads\pfa-anwar\cmf-platform\backend\venv\Lib\site-packages\starlette\middleware\base.py", line 187, in __call__
    response = await self.dispatch_func(request, call_next)
               ^^^^^^^^^^^^^^^^^^^^^^^^^^^^^^^^^^^^^^^^^^^^
  File "C:\Users\hp\Downloads\pfa-anwar\cmf-platform\backend\app\main.py", line 134, in rate_limit_middleware
    response = await call_next(request)
               ^^^^^^^^^^^^^^^^^^^^^^^^
  File "C:\Users\hp\Downloads\pfa-anwar\cmf-platform\backend\venv\Lib\site-packages\starlette\middleware\base.py", line 163, in call_next
    raise app_exc
  File "C:\Users\hp\Downloads\pfa-anwar\cmf-platform\backend\venv\Lib\site-packages\starlette\middleware\base.py", line 149, in coro
    await self.app(scope, receive_or_disconnect, send_no_error)
  File "C:\Users\hp\Downloads\pfa-anwar\cmf-platform\backend\venv\Lib\site-packages\starlette\middleware\base.py", line 185, in __call__
    with collapse_excgroups():
  File "C:\Users\hp\AppData\Local\Programs\Python\Python311\Lib\contextlib.py", line 155, in __exit__
    self.gen.throw(typ, value, traceback)
  File "C:\Users\hp\Downloads\pfa-anwar\cmf-platform\backend\venv\Lib\site-packages\starlette\_utils.py", line 83, in collapse_excgroups
    raise exc
  File "C:\Users\hp\Downloads\pfa-anwar\cmf-platform\backend\venv\Lib\site-packages\starlette\middleware\base.py", line 187, in __call__
    response = await self.dispatch_func(request, call_next)
               ^^^^^^^^^^^^^^^^^^^^^^^^^^^^^^^^^^^^^^^^^^^^
  File "C:\Users\hp\Downloads\pfa-anwar\cmf-platform\backend\app\main.py", line 109, in logging_middleware
    response = await call_next(request)
               ^^^^^^^^^^^^^^^^^^^^^^^^
  File "C:\Users\hp\Downloads\pfa-anwar\cmf-platform\backend\venv\Lib\site-packages\starlette\middleware\base.py", line 163, in call_next
    raise app_exc
  File "C:\Users\hp\Downloads\pfa-anwar\cmf-platform\backend\venv\Lib\site-packages\starlette\middleware\base.py", line 149, in coro
    await self.app(scope, receive_or_disconnect, send_no_error)
  File "C:\Users\hp\Downloads\pfa-anwar\cmf-platform\backend\venv\Lib\site-packages\starlette\middleware\base.py", line 185, in __call__
    with collapse_excgroups():
  File "C:\Users\hp\AppData\Local\Programs\Python\Python311\Lib\contextlib.py", line 155, in __exit__
    self.gen.throw(typ, value, traceback)
  File "C:\Users\hp\Downloads\pfa-anwar\cmf-platform\backend\venv\Lib\site-packages\starlette\_utils.py", line 83, in collapse_excgroups
    raise exc
  File "C:\Users\hp\Downloads\pfa-anwar\cmf-platform\backend\venv\Lib\site-packages\starlette\middleware\base.py", line 187, in __call__
    response = await self.dispatch_func(request, call_next)
               ^^^^^^^^^^^^^^^^^^^^^^^^^^^^^^^^^^^^^^^^^^^^
  File "C:\Users\hp\Downloads\pfa-anwar\cmf-platform\backend\app\main.py", line 98, in request_id_middleware
    response = await call_next(request)
               ^^^^^^^^^^^^^^^^^^^^^^^^
  File "C:\Users\hp\Downloads\pfa-anwar\cmf-platform\backend\venv\Lib\site-packages\starlette\middleware\base.py", line 163, in call_next
    raise app_exc
  File "C:\Users\hp\Downloads\pfa-anwar\cmf-platform\backend\venv\Lib\site-packages\starlette\middleware\base.py", line 149, in coro
    await self.app(scope, receive_or_disconnect, send_no_error)
  File "C:\Users\hp\Downloads\pfa-anwar\cmf-platform\backend\venv\Lib\site-packages\starlette\middleware\cors.py", line 85, in __call__
    await self.app(scope, receive, send)
  File "C:\Users\hp\Downloads\pfa-anwar\cmf-platform\backend\venv\Lib\site-packages\starlette\middleware\base.py", line 185, in __call__
    with collapse_excgroups():
  File "C:\Users\hp\AppData\Local\Programs\Python\Python311\Lib\contextlib.py", line 155, in __exit__
    self.gen.throw(typ, value, traceback)
  File "C:\Users\hp\Downloads\pfa-anwar\cmf-platform\backend\venv\Lib\site-packages\starlette\_utils.py", line 83, in collapse_excgroups
    raise exc
  File "C:\Users\hp\Downloads\pfa-anwar\cmf-platform\backend\venv\Lib\site-packages\starlette\middleware\base.py", line 187, in __call__
    response = await self.dispatch_func(request, call_next)
               ^^^^^^^^^^^^^^^^^^^^^^^^^^^^^^^^^^^^^^^^^^^^
  File "C:\Users\hp\Downloads\pfa-anwar\cmf-platform\backend\app\main.py", line 71, in strip_trailing_slash_middleware
    return await call_next(request)
           ^^^^^^^^^^^^^^^^^^^^^^^^
  File "C:\Users\hp\Downloads\pfa-anwar\cmf-platform\backend\venv\Lib\site-packages\starlette\middleware\base.py", line 163, in call_next
    raise app_exc
  File "C:\Users\hp\Downloads\pfa-anwar\cmf-platform\backend\venv\Lib\site-packages\starlette\middleware\base.py", line 149, in coro
    await self.app(scope, receive_or_disconnect, send_no_error)
  File "C:\Users\hp\Downloads\pfa-anwar\cmf-platform\backend\venv\Lib\site-packages\starlette\middleware\exceptions.py", line 62, in __call__
    await wrap_app_handling_exceptions(self.app, conn)(scope, receive, send)
  File "C:\Users\hp\Downloads\pfa-anwar\cmf-platform\backend\venv\Lib\site-packages\starlette\_exception_handler.py", line 62, in wrapped_app
    raise exc
  File "C:\Users\hp\Downloads\pfa-anwar\cmf-platform\backend\venv\Lib\site-packages\starlette\_exception_handler.py", line 51, in wrapped_app
    await app(scope, receive, sender)
  File "C:\Users\hp\Downloads\pfa-anwar\cmf-platform\backend\venv\Lib\site-packages\starlette\routing.py", line 715, in __call__
    await self.middleware_stack(scope, receive, send)
  File "C:\Users\hp\Downloads\pfa-anwar\cmf-platform\backend\venv\Lib\site-packages\starlette\routing.py", line 735, in app
    await route.handle(scope, receive, send)
  File "C:\Users\hp\Downloads\pfa-anwar\cmf-platform\backend\venv\Lib\site-packages\starlette\routing.py", line 288, in handle
    await self.app(scope, receive, send)
  File "C:\Users\hp\Downloads\pfa-anwar\cmf-platform\backend\venv\Lib\site-packages\starlette\routing.py", line 76, in app
    await wrap_app_handling_exceptions(app, request)(scope, receive, send)
  File "C:\Users\hp\Downloads\pfa-anwar\cmf-platform\backend\venv\Lib\site-packages\starlette\_exception_handler.py", line 62, in wrapped_app
    raise exc
  File "C:\Users\hp\Downloads\pfa-anwar\cmf-platform\backend\venv\Lib\site-packages\starlette\_exception_handler.py", line 51, in wrapped_app
    await app(scope, receive, sender)
  File "C:\Users\hp\Downloads\pfa-anwar\cmf-platform\backend\venv\Lib\site-packages\starlette\routing.py", line 73, in app
    response = await f(request)
               ^^^^^^^^^^^^^^^^
  File "C:\Users\hp\AppData\Local\Programs\Python\Python311\Lib\contextlib.py", line 222, in __aexit__
    await self.gen.athrow(typ, value, traceback)
  File "C:\Users\hp\Downloads\pfa-anwar\cmf-platform\backend\app\api\deps.py", line 42, in get_db
    yield session
  File "C:\Users\hp\Downloads\pfa-anwar\cmf-platform\backend\venv\Lib\site-packages\fastapi\routing.py", line 301, in app
    raw_response = await run_endpoint_function(
                   ^^^^^^^^^^^^^^^^^^^^^^^^^^^^
  File "C:\Users\hp\Downloads\pfa-anwar\cmf-platform\backend\venv\Lib\site-packages\fastapi\routing.py", line 212, in run_endpoint_function
    return await dependant.call(**values)
           ^^^^^^^^^^^^^^^^^^^^^^^^^^^^^^
  File "C:\Users\hp\Downloads\pfa-anwar\cmf-platform\backend\app\api\v1\endpoints\dashboard.py", line 24, in dashboard_stats
    return await dashboard_service.get_dashboard_stats()
           ^^^^^^^^^^^^^^^^^^^^^^^^^^^^^^^^^^^^^^^^^^^^^
  File "C:\Users\hp\Downloads\pfa-anwar\cmf-platform\backend\app\application\services\dashboard_service.py", line 26, in get_dashboard_stats
    stats = await self._compute_stats()
            ^^^^^^^^^^^^^^^^^^^^^^^^^^^
  File "C:\Users\hp\Downloads\pfa-anwar\cmf-platform\backend\app\application\services\dashboard_service.py", line 43, in _compute_stats
    delayed_projects = len([
                           ^
  File "C:\Users\hp\Downloads\pfa-anwar\cmf-platform\backend\app\application\services\dashboard_service.py", line 47, in <listcomp>
    and p.end_date < datetime.now(timezone.utc)
        ^^^^^^^^^^^^^^^^^^^^^^^^^^^^^^^^^^^^^^^
TypeError: can't compare offset-naive and offset-aware datetimes
2026-07-22 10:56:33,823 - app.main - INFO - Shutting down CMF Platform API
2026-07-22 10:56:39,583 - app.main - INFO - Starting CMF Platform API
2026-07-22 10:56:39,598 - app.main - INFO - Database tables created (SQLite)
2026-07-22 10:56:45,694 - app.main - INFO - Shutting down CMF Platform API
2026-07-22 10:56:50,478 - app.main - INFO - Starting CMF Platform API
2026-07-22 10:56:50,493 - app.main - INFO - Database tables created (SQLite)
2026-07-22 10:56:57,140 - app.main - INFO - Shutting down CMF Platform API
2026-07-22 10:57:02,316 - app.main - INFO - Starting CMF Platform API
2026-07-22 10:57:02,336 - app.main - INFO - Database tables created (SQLite)
2026-07-22 10:57:09,641 - app.main - INFO - Shutting down CMF Platform API
2026-07-22 10:57:14,326 - app.main - INFO - Starting CMF Platform API
2026-07-22 10:57:14,338 - app.main - INFO - Database tables created (SQLite)
2026-07-22 10:57:35,787 - app.main - INFO - POST /api/v1/auth/login
2026-07-22 10:57:37,010 - app.main - INFO - POST /api/v1/auth/login -> 200
2026-07-22 10:57:37,121 - app.main - INFO - GET /api/v1/dashboard/stats
2026-07-22 10:57:37,318 - app.main - INFO - GET /api/v1/dashboard/stats -> 200
2026-07-22 11:03:43,980 - app.main - INFO - GET /api/v1/dashboard/stats
2026-07-22 11:03:44,061 - app.main - INFO - GET /api/v1/dashboard/stats -> 200
2026-07-22 11:03:52,725 - app.main - INFO - GET /api/v1/projects
2026-07-22 11:03:52,798 - app.main - INFO - GET /api/v1/projects -> 200
2026-07-22 11:03:58,298 - app.main - INFO - GET /api/v1/parts
2026-07-22 11:03:58,378 - app.main - INFO - GET /api/v1/parts -> 200
2026-07-22 11:04:03,234 - app.main - INFO - GET /api/v1/suppliers
2026-07-22 11:04:03,273 - app.main - INFO - GET /api/v1/suppliers -> 200
2026-07-22 11:04:35,524 - app.main - INFO - POST /api/v1/suppliers
2026-07-22 11:04:35,611 - app.main - INFO - POST /api/v1/suppliers -> 200
2026-07-22 11:04:35,735 - app.main - INFO - GET /api/v1/suppliers
2026-07-22 11:04:35,791 - app.main - INFO - GET /api/v1/suppliers -> 200
2026-07-22 11:04:38,241 - app.main - INFO - GET /api/v1/capacity
2026-07-22 11:04:38,319 - app.main - INFO - GET /api/v1/capacity -> 200
2026-07-22 11:04:41,714 - app.main - INFO - GET /api/v1/capacity/new
2026-07-22 11:04:41,780 - app.main - WARNING - Validation error: [{'type': 'uuid_parsing', 'loc': ('path', 'id'), 'msg': 'Input should be a valid UUID, invalid character: found `n` at 1', 'input': 'new', 'ctx': {'error': 'invalid character: found `n` at 1'}}]
2026-07-22 11:04:41,788 - app.main - INFO - GET /api/v1/capacity/new -> 422
2026-07-22 11:04:42,830 - app.main - INFO - GET /api/v1/capacity/new
2026-07-22 11:04:42,890 - app.main - WARNING - Validation error: [{'type': 'uuid_parsing', 'loc': ('path', 'id'), 'msg': 'Input should be a valid UUID, invalid character: found `n` at 1', 'input': 'new', 'ctx': {'error': 'invalid character: found `n` at 1'}}]
2026-07-22 11:04:42,894 - app.main - INFO - GET /api/v1/capacity/new -> 422
2026-07-22 11:04:46,285 - app.main - INFO - GET /api/v1/capacity/new
2026-07-22 11:04:46,353 - app.main - WARNING - Validation error: [{'type': 'uuid_parsing', 'loc': ('path', 'id'), 'msg': 'Input should be a valid UUID, invalid character: found `n` at 1', 'input': 'new', 'ctx': {'error': 'invalid character: found `n` at 1'}}]
2026-07-22 11:04:46,356 - app.main - INFO - GET /api/v1/capacity/new -> 422
2026-07-22 11:04:47,394 - app.main - INFO - GET /api/v1/capacity/new
2026-07-22 11:04:47,460 - app.main - WARNING - Validation error: [{'type': 'uuid_parsing', 'loc': ('path', 'id'), 'msg': 'Input should be a valid UUID, invalid character: found `n` at 1', 'input': 'new', 'ctx': {'error': 'invalid character: found `n` at 1'}}]
2026-07-22 11:04:47,466 - app.main - INFO - GET /api/v1/capacity/new -> 422
2026-07-22 11:04:48,368 - app.main - INFO - GET /api/v1/risks
2026-07-22 11:04:48,421 - app.main - INFO - GET /api/v1/risks -> 200
2026-07-22 11:04:50,221 - app.main - INFO - GET /api/v1/risks/new
2026-07-22 11:04:50,288 - app.main - WARNING - Validation error: [{'type': 'uuid_parsing', 'loc': ('path', 'id'), 'msg': 'Input should be a valid UUID, invalid character: found `n` at 1', 'input': 'new', 'ctx': {'error': 'invalid character: found `n` at 1'}}]
2026-07-22 11:04:50,293 - app.main - INFO - GET /api/v1/risks/new -> 422
2026-07-22 11:04:51,337 - app.main - INFO - GET /api/v1/risks/new
2026-07-22 11:04:51,421 - app.main - WARNING - Validation error: [{'type': 'uuid_parsing', 'loc': ('path', 'id'), 'msg': 'Input should be a valid UUID, invalid character: found `n` at 1', 'input': 'new', 'ctx': {'error': 'invalid character: found `n` at 1'}}]
2026-07-22 11:04:51,426 - app.main - INFO - GET /api/v1/risks/new -> 422
2026-07-22 11:04:53,701 - app.main - INFO - GET /api/v1/documents
2026-07-22 11:04:53,789 - app.main - INFO - GET /api/v1/documents -> 200
2026-07-22 11:07:26,216 - app.main - INFO - GET /api/v1/auth/me
2026-07-22 11:07:26,317 - app.main - INFO - GET /api/v1/auth/me -> 200
2026-07-22 11:07:26,370 - app.main - INFO - GET /api/v1/auth/me
2026-07-22 11:07:26,465 - app.main - INFO - GET /api/v1/auth/me -> 200
2026-07-22 11:07:26,572 - app.main - INFO - GET /api/v1/documents
2026-07-22 11:07:26,673 - app.main - INFO - GET /api/v1/documents -> 200
2026-07-22 11:13:45,105 - app.main - INFO - Shutting down CMF Platform API
2026-07-22 11:19:37,085 - app.main - INFO - Starting CMF Platform API
2026-07-22 11:19:37,098 - app.main - INFO - Database tables created (SQLite)
2026-07-22 11:20:23,010 - app.main - INFO - GET /api/v1/auth/me
2026-07-22 11:20:23,341 - app.main - INFO - GET /api/v1/auth/me -> 200
2026-07-22 11:20:23,362 - app.main - INFO - GET /api/v1/auth/me
2026-07-22 11:20:23,410 - app.main - INFO - GET /api/v1/auth/me -> 200
2026-07-22 11:20:23,467 - app.main - INFO - GET /api/v1/risks
2026-07-22 11:20:23,529 - app.main - INFO - GET /api/v1/risks -> 200
2026-07-22 11:20:28,358 - app.main - INFO - GET /api/v1/capacity
2026-07-22 11:20:28,414 - app.main - INFO - GET /api/v1/capacity -> 200
2026-07-22 11:20:31,482 - app.main - INFO - GET /api/v1/capacity/new
2026-07-22 11:20:31,534 - app.main - WARNING - Validation error: [{'type': 'uuid_parsing', 'loc': ('path', 'id'), 'msg': 'Input should be a valid UUID, invalid character: found `n` at 1', 'input': 'new', 'ctx': {'error': 'invalid character: found `n` at 1'}}]
2026-07-22 11:20:31,539 - app.main - INFO - GET /api/v1/capacity/new -> 422
2026-07-22 11:20:32,580 - app.main - INFO - GET /api/v1/capacity/new
2026-07-22 11:20:32,637 - app.main - WARNING - Validation error: [{'type': 'uuid_parsing', 'loc': ('path', 'id'), 'msg': 'Input should be a valid UUID, invalid character: found `n` at 1', 'input': 'new', 'ctx': {'error': 'invalid character: found `n` at 1'}}]
2026-07-22 11:20:32,641 - app.main - INFO - GET /api/v1/capacity/new -> 422
2026-07-22 11:20:37,348 - app.main - INFO - GET /api/v1/risks/new
2026-07-22 11:20:37,398 - app.main - WARNING - Validation error: [{'type': 'uuid_parsing', 'loc': ('path', 'id'), 'msg': 'Input should be a valid UUID, invalid character: found `n` at 1', 'input': 'new', 'ctx': {'error': 'invalid character: found `n` at 1'}}]
2026-07-22 11:20:37,402 - app.main - INFO - GET /api/v1/risks/new -> 422
2026-07-22 11:20:38,440 - app.main - INFO - GET /api/v1/risks/new
2026-07-22 11:20:38,498 - app.main - WARNING - Validation error: [{'type': 'uuid_parsing', 'loc': ('path', 'id'), 'msg': 'Input should be a valid UUID, invalid character: found `n` at 1', 'input': 'new', 'ctx': {'error': 'invalid character: found `n` at 1'}}]
2026-07-22 11:20:38,501 - app.main - INFO - GET /api/v1/risks/new -> 422
2026-07-22 11:23:43,410 - app.main - INFO - GET /api/v1/risks
2026-07-22 11:23:43,416 - app.main - WARNING - UnauthorizedException: Invalid or expired token
2026-07-22 11:23:43,420 - app.main - INFO - GET /api/v1/risks -> 401
2026-07-22 11:23:43,442 - app.main - INFO - POST /api/v1/auth/refresh
2026-07-22 11:23:43,533 - app.main - INFO - POST /api/v1/auth/refresh -> 200
2026-07-22 11:23:43,558 - app.main - INFO - GET /api/v1/risks
2026-07-22 11:23:43,597 - app.main - INFO - GET /api/v1/risks -> 200
2026-07-22 11:24:45,376 - app.main - INFO - GET /api/v1/auth/me
2026-07-22 11:24:45,446 - app.main - INFO - GET /api/v1/auth/me -> 200
2026-07-22 11:24:45,461 - app.main - INFO - GET /api/v1/auth/me
2026-07-22 11:24:45,521 - app.main - INFO - GET /api/v1/auth/me -> 200
2026-07-22 11:24:45,918 - app.main - INFO - GET /api/v1/risks
2026-07-22 11:24:45,960 - app.main - INFO - GET /api/v1/risks -> 200
2026-07-22 11:24:59,740 - app.main - INFO - GET /api/v1/auth/me
2026-07-22 11:24:59,814 - app.main - INFO - GET /api/v1/auth/me -> 200
2026-07-22 11:24:59,833 - app.main - INFO - GET /api/v1/auth/me
2026-07-22 11:24:59,901 - app.main - INFO - GET /api/v1/auth/me -> 200
2026-07-22 11:25:00,189 - app.main - INFO - GET /api/v1/risks
2026-07-22 11:25:00,236 - app.main - INFO - GET /api/v1/risks -> 200
2026-07-22 11:32:44,648 - app.main - INFO - GET /api/v1/risks
2026-07-22 11:32:44,746 - app.main - INFO - GET /api/v1/risks -> 200
2026-07-22 11:32:47,866 - app.main - INFO - GET /api/v1/capacity
2026-07-22 11:32:47,956 - app.main - INFO - GET /api/v1/capacity -> 200
2026-07-22 11:32:57,373 - app.main - INFO - Shutting down CMF Platform API
2026-07-22 11:33:02,639 - app.main - INFO - Starting CMF Platform API
2026-07-22 11:33:02,656 - app.main - INFO - Database tables created (SQLite)
2026-07-22 11:33:06,864 - app.main - INFO - GET /api/v1/auth/me
2026-07-22 11:33:07,295 - app.main - INFO - GET /api/v1/auth/me -> 200
2026-07-22 11:33:07,321 - app.main - INFO - GET /api/v1/auth/me
2026-07-22 11:33:07,423 - app.main - INFO - GET /api/v1/auth/me -> 200
2026-07-22 11:33:07,515 - app.main - INFO - GET /api/v1/capacity
2026-07-22 11:33:07,555 - app.main - INFO - GET /api/v1/capacity -> 200
2026-07-22 11:33:10,584 - app.main - INFO - GET /api/v1/risks
2026-07-22 11:33:10,654 - app.main - INFO - GET /api/v1/risks -> 200
2026-07-22 11:33:11,606 - app.main - INFO - GET /api/v1/projects
2026-07-22 11:33:11,801 - app.main - INFO - GET /api/v1/projects -> 200
2026-07-22 11:33:15,938 - app.main - INFO - GET /api/v1/notifications
2026-07-22 11:33:16,066 - app.main - INFO - GET /api/v1/notifications -> 200
2026-07-22 11:33:24,443 - app.main - INFO - GET /api/v1/dashboard/stats
2026-07-22 11:33:24,648 - app.main - INFO - GET /api/v1/dashboard/stats -> 200
2026-07-22 11:33:53,098 - app.main - INFO - GET /api/v1/documents
2026-07-22 11:33:53,181 - app.main - INFO - GET /api/v1/documents -> 200
2026-07-22 11:33:58,637 - app.main - INFO - GET /api/v1/notifications
2026-07-22 11:33:58,740 - app.main - INFO - GET /api/v1/notifications -> 200
2026-07-22 12:20:10,539 - app.main - INFO - GET /api/v1/auth/me
2026-07-22 12:20:10,544 - app.main - WARNING - UnauthorizedException: Invalid or expired token
2026-07-22 12:20:10,547 - app.main - INFO - GET /api/v1/auth/me -> 401
2026-07-22 12:20:10,559 - app.main - INFO - GET /api/v1/auth/me
2026-07-22 12:20:10,564 - app.main - WARNING - UnauthorizedException: Invalid or expired token
2026-07-22 12:20:10,567 - app.main - INFO - GET /api/v1/auth/me -> 401
2026-07-22 12:20:10,582 - app.main - INFO - POST /api/v1/auth/refresh
2026-07-22 12:20:10,690 - app.main - INFO - POST /api/v1/auth/refresh -> 200
2026-07-22 12:20:10,759 - app.main - INFO - GET /api/v1/auth/me
2026-07-22 12:20:10,816 - app.main - INFO - GET /api/v1/auth/me -> 200
2026-07-22 12:20:10,828 - app.main - INFO - GET /api/v1/auth/me
2026-07-22 12:20:10,882 - app.main - INFO - GET /api/v1/auth/me -> 200
2026-07-22 12:20:11,485 - app.main - INFO - GET /api/v1/notifications
2026-07-22 12:20:11,536 - app.main - INFO - GET /api/v1/notifications -> 200
2026-07-22 13:03:08,241 - app.main - INFO - GET /api/v1/auth/me
2026-07-22 13:03:08,248 - app.main - WARNING - UnauthorizedException: Invalid or expired token
2026-07-22 13:03:08,253 - app.main - INFO - GET /api/v1/auth/me -> 401
2026-07-22 13:03:08,295 - app.main - INFO - GET /api/v1/auth/me
2026-07-22 13:03:08,302 - app.main - WARNING - UnauthorizedException: Invalid or expired token
2026-07-22 13:03:08,306 - app.main - INFO - GET /api/v1/auth/me -> 401
2026-07-22 13:03:08,336 - app.main - INFO - POST /api/v1/auth/refresh
2026-07-22 13:03:08,438 - app.main - INFO - POST /api/v1/auth/refresh -> 200
2026-07-22 13:03:08,637 - app.main - INFO - GET /api/v1/auth/me
2026-07-22 13:03:08,706 - app.main - INFO - GET /api/v1/auth/me -> 200
2026-07-22 13:03:08,731 - app.main - INFO - GET /api/v1/auth/me
2026-07-22 13:03:08,803 - app.main - INFO - GET /api/v1/auth/me -> 200
2026-07-22 13:03:09,350 - app.main - INFO - GET /api/v1/notifications
2026-07-22 13:03:09,398 - app.main - INFO - GET /api/v1/notifications -> 200
2026-07-22 13:03:22,481 - app.main - INFO - GET /api/v1/projects
2026-07-22 13:03:22,541 - app.main - INFO - GET /api/v1/projects -> 200
2026-07-22 13:03:47,938 - app.main - INFO - POST /api/v1/projects
2026-07-22 13:03:48,186 - app.main - INFO - POST /api/v1/projects -> 200
2026-07-22 13:03:48,448 - app.main - INFO - GET /api/v1/projects/e7a1ff11-dd82-4dbb-a773-85652258dffe
2026-07-22 13:03:48,541 - app.main - INFO - GET /api/v1/projects/e7a1ff11-dd82-4dbb-a773-85652258dffe -> 200
2026-07-22 13:03:52,479 - app.main - INFO - GET /api/v1/parts
2026-07-22 13:03:52,572 - app.main - INFO - GET /api/v1/parts -> 200
2026-07-22 13:04:02,071 - app.main - INFO - GET /api/v1/risks
2026-07-22 13:04:02,170 - app.main - INFO - GET /api/v1/risks -> 200
2026-07-22 13:04:04,365 - app.main - INFO - GET /api/v1/capacity
2026-07-22 13:04:04,410 - app.main - INFO - GET /api/v1/capacity -> 200
2026-07-22 13:04:14,104 - app.main - INFO - GET /api/v1/suppliers
2026-07-22 13:04:14,212 - app.main - INFO - GET /api/v1/suppliers -> 200
2026-07-22 13:04:15,378 - app.main - INFO - GET /api/v1/documents
2026-07-22 13:04:15,481 - app.main - INFO - GET /api/v1/documents -> 200
2026-07-22 13:06:03,640 - app.main - INFO - POST /api/v1/auth/login
2026-07-22 13:06:04,342 - app.main - INFO - POST /api/v1/auth/login -> 200
2026-07-22 13:06:04,448 - app.main - INFO - GET /api/v1/documents
2026-07-22 13:06:04,482 - app.main - INFO - GET /api/v1/documents -> 200
2026-07-22 13:07:43,017 - app.main - INFO - GET /api/v1/documents
2026-07-22 13:07:43,090 - app.main - INFO - GET /api/v1/documents -> 200
2026-07-22 13:09:18,537 - app.main - INFO - GET /api/v1/risks
2026-07-22 13:09:18,848 - app.main - INFO - GET /api/v1/risks -> 200
2026-07-22 13:10:10,638 - app.main - INFO - GET /api/v1/capacity
2026-07-22 13:10:10,682 - app.main - INFO - GET /api/v1/capacity -> 200
2026-07-22 13:10:44,654 - app.main - INFO - GET /api/v1/documents
2026-07-22 13:10:44,748 - app.main - INFO - GET /api/v1/documents -> 200
2026-07-22 13:10:51,894 - app.main - INFO - POST /api/v1/documents/upload
2026-07-22 13:10:52,066 - app.main - INFO - POST /api/v1/documents/upload -> 200
2026-07-22 13:10:52,122 - app.main - INFO - GET /api/v1/documents
2026-07-22 13:10:52,324 - app.main - INFO - GET /api/v1/documents -> 200
2026-07-22 13:11:09,042 - app.main - INFO - GET /api/v1/projects
2026-07-22 13:11:09,114 - app.main - INFO - GET /api/v1/projects -> 200
2026-07-22 13:11:10,880 - app.main - INFO - GET /api/v1/parts
2026-07-22 13:11:10,929 - app.main - INFO - GET /api/v1/parts -> 200
2026-07-22 13:11:11,861 - app.main - INFO - GET /api/v1/suppliers
2026-07-22 13:11:12,105 - app.main - INFO - GET /api/v1/suppliers -> 200
2026-07-22 13:11:13,688 - app.main - INFO - GET /api/v1/capacity
2026-07-22 13:11:13,776 - app.main - INFO - GET /api/v1/capacity -> 200
2026-07-22 13:11:14,702 - app.main - INFO - GET /api/v1/risks
2026-07-22 13:11:14,821 - app.main - INFO - GET /api/v1/risks -> 200
2026-07-22 13:11:23,882 - app.main - INFO - GET /api/v1/documents
2026-07-22 13:11:24,051 - app.main - INFO - GET /api/v1/documents -> 200
2026-07-22 13:13:10,100 - app.main - INFO - GET /api/v1/auth/me
2026-07-22 13:13:10,212 - app.main - INFO - GET /api/v1/auth/me -> 200
2026-07-22 13:13:10,231 - app.main - INFO - GET /api/v1/auth/me
2026-07-22 13:13:10,301 - app.main - INFO - GET /api/v1/auth/me -> 200
2026-07-22 13:13:10,351 - app.main - INFO - GET /api/v1/dashboard/stats
2026-07-22 13:13:10,487 - app.main - INFO - GET /api/v1/dashboard/stats -> 200
2026-07-22 13:13:18,558 - app.main - INFO - GET /api/v1/documents
2026-07-22 13:13:18,648 - app.main - INFO - GET /api/v1/documents -> 200
2026-07-22 13:13:21,390 - app.main - INFO - GET /api/v1/auth/me
2026-07-22 13:13:21,457 - app.main - INFO - GET /api/v1/auth/me -> 200
2026-07-22 13:13:21,473 - app.main - INFO - GET /api/v1/auth/me
2026-07-22 13:13:21,546 - app.main - INFO - GET /api/v1/auth/me -> 200
2026-07-22 13:13:21,563 - app.main - INFO - GET /api/v1/dashboard/stats
2026-07-22 13:13:21,718 - app.main - INFO - GET /api/v1/dashboard/stats -> 200
2026-07-22 13:15:25,877 - app.main - INFO - Shutting down CMF Platform API
2026-07-22 13:15:31,377 - app.main - INFO - Starting CMF Platform API
2026-07-22 13:15:31,391 - app.main - INFO - Database tables created (SQLite)
2026-07-22 13:15:42,262 - app.main - INFO - GET /api/v1/auth/me
2026-07-22 13:15:42,514 - app.main - INFO - GET /api/v1/auth/me -> 200
2026-07-22 13:15:42,541 - app.main - INFO - GET /api/v1/auth/me
2026-07-22 13:15:42,598 - app.main - INFO - GET /api/v1/auth/me -> 200
2026-07-22 13:15:42,712 - app.main - INFO - GET /api/v1/documents
2026-07-22 13:15:42,797 - app.main - INFO - GET /api/v1/documents -> 200
2026-07-22 13:16:00,452 - app.main - INFO - GET /api/v1/auth/me
2026-07-22 13:16:00,513 - app.main - INFO - GET /api/v1/auth/me -> 200
2026-07-22 13:16:00,528 - app.main - INFO - GET /api/v1/auth/me
2026-07-22 13:16:00,589 - app.main - INFO - GET /api/v1/auth/me -> 200
2026-07-22 13:16:00,657 - app.main - INFO - GET /api/v1/documents
2026-07-22 13:16:00,755 - app.main - INFO - GET /api/v1/documents -> 200
2026-07-22 13:16:17,599 - app.main - INFO - GET /api/v1/auth/me
2026-07-22 13:16:17,663 - app.main - INFO - GET /api/v1/auth/me -> 200
2026-07-22 13:16:17,682 - app.main - INFO - GET /api/v1/auth/me
2026-07-22 13:16:17,754 - app.main - INFO - GET /api/v1/auth/me -> 200
2026-07-22 13:16:17,846 - app.main - INFO - GET /api/v1/documents
2026-07-22 13:16:17,967 - app.main - INFO - GET /api/v1/documents -> 200
2026-07-22 13:16:18,583 - app.main - INFO - GET /api/v1/auth/me
2026-07-22 13:16:18,631 - app.main - INFO - GET /api/v1/auth/me -> 200
2026-07-22 13:16:18,645 - app.main - INFO - GET /api/v1/auth/me
2026-07-22 13:16:18,699 - app.main - INFO - GET /api/v1/auth/me -> 200
2026-07-22 13:16:18,876 - app.main - INFO - GET /api/v1/dashboard/stats
2026-07-22 13:16:19,069 - app.main - INFO - GET /api/v1/dashboard/stats -> 200
2026-07-22 13:16:21,845 - app.main - INFO - GET /api/v1/capacity
2026-07-22 13:16:21,928 - app.main - INFO - GET /api/v1/capacity -> 200
2026-07-22 13:16:23,657 - app.main - INFO - GET /api/v1/projects
2026-07-22 13:16:23,661 - app.main - INFO - GET /api/v1/suppliers
2026-07-22 13:16:23,837 - app.main - INFO - GET /api/v1/suppliers -> 200
2026-07-22 13:16:23,863 - app.main - INFO - GET /api/v1/projects -> 200
2026-07-22 13:16:49,103 - app.main - INFO - POST /api/v1/capacity
2026-07-22 13:16:49,186 - app.main - WARNING - Validation error: [{'type': 'missing', 'loc': ('body', 'month'), 'msg': 'Field required', 'input': {'project_id': 'bdaf88f1-c49a-4d89-8f5f-8a4b9066b17f', 'supplier_id': 'ae1a2fb7-17d9-427e-b0ed-9ded5599a402', 'assessment_date': '2026-07-22', 'score': 100, 'max_score': 100, 'findings': 'test', 'recommendation': 'test', 'next_assessment_date': '2026-02-12'}}, {'type': 'missing', 'loc': ('body', 'year'), 'msg': 'Field required', 'input': {'project_id': 'bdaf88f1-c49a-4d89-8f5f-8a4b9066b17f', 'supplier_id': 'ae1a2fb7-17d9-427e-b0ed-9ded5599a402', 'assessment_date': '2026-07-22', 'score': 100, 'max_score': 100, 'findings': 'test', 'recommendation': 'test', 'next_assessment_date': '2026-02-12'}}, {'type': 'missing', 'loc': ('body', 'current_capacity'), 'msg': 'Field required', 'input': {'project_id': 'bdaf88f1-c49a-4d89-8f5f-8a4b9066b17f', 'supplier_id': 'ae1a2fb7-17d9-427e-b0ed-9ded5599a402', 'assessment_date': '2026-07-22', 'score': 100, 'max_score': 100, 'findings': 'test', 'recommendation': 'test', 'next_assessment_date': '2026-02-12'}}, {'type': 'missing', 'loc': ('body', 'maximum_capacity'), 'msg': 'Field required', 'input': {'project_id': 'bdaf88f1-c49a-4d89-8f5f-8a4b9066b17f', 'supplier_id': 'ae1a2fb7-17d9-427e-b0ed-9ded5599a402', 'assessment_date': '2026-07-22', 'score': 100, 'max_score': 100, 'findings': 'test', 'recommendation': 'test', 'next_assessment_date': '2026-02-12'}}, {'type': 'missing', 'loc': ('body', 'project_part_id'), 'msg': 'Field required', 'input': {'project_id': 'bdaf88f1-c49a-4d89-8f5f-8a4b9066b17f', 'supplier_id': 'ae1a2fb7-17d9-427e-b0ed-9ded5599a402', 'assessment_date': '2026-07-22', 'score': 100, 'max_score': 100, 'findings': 'test', 'recommendation': 'test', 'next_assessment_date': '2026-02-12'}}]
2026-07-22 13:16:49,192 - app.main - INFO - POST /api/v1/capacity -> 422
2026-07-22 13:18:15,891 - app.main - INFO - GET /api/v1/auth/me
2026-07-22 13:18:16,161 - app.main - INFO - GET /api/v1/auth/me -> 200
2026-07-22 13:18:16,201 - app.main - INFO - GET /api/v1/auth/me
2026-07-22 13:18:16,298 - app.main - INFO - GET /api/v1/auth/me -> 200
2026-07-22 13:18:16,481 - app.main - INFO - GET /api/v1/projects
2026-07-22 13:18:16,493 - app.main - INFO - GET /api/v1/suppliers
2026-07-22 13:18:16,595 - app.main - INFO - GET /api/v1/suppliers -> 200
2026-07-22 13:18:16,620 - app.main - INFO - GET /api/v1/projects -> 200
2026-07-22 13:18:38,609 - app.main - INFO - GET /api/v1/parts
2026-07-22 13:18:38,650 - app.main - INFO - GET /api/v1/parts -> 200
2026-07-22 13:19:35,692 - app.main - INFO - GET /api/v1/parts
2026-07-22 13:19:35,744 - app.main - INFO - GET /api/v1/parts -> 200
2026-07-22 13:19:48,737 - app.main - INFO - GET /api/v1/capacity
2026-07-22 13:19:48,817 - app.main - INFO - GET /api/v1/capacity -> 200
2026-07-22 13:21:25,633 - app.main - INFO - GET /api/v1/parts
2026-07-22 13:21:25,670 - app.main - INFO - GET /api/v1/parts -> 200
2026-07-22 13:27:26,567 - app.main - INFO - GET /api/v1/projects
2026-07-22 13:27:26,575 - app.main - INFO - GET /api/v1/suppliers
2026-07-22 13:27:26,743 - app.main - INFO - GET /api/v1/suppliers -> 200
2026-07-22 13:27:26,763 - app.main - INFO - GET /api/v1/projects -> 200
2026-07-22 13:27:48,962 - app.main - INFO - POST /api/v1/parts
2026-07-22 13:27:49,063 - app.main - ERROR - Unhandled exception: (builtins.AttributeError) 'str' object has no attribute 'hex'
[SQL: SELECT projects.id, projects.code, projects.name, projects.description, projects.status, projects.priority, projects.start_date, projects.end_date, projects.client_name, projects.budget, projects.currency, projects.notes, projects.buyer_id, projects.sqd_id, projects.capacity_manager_id, projects.created_at, projects.updated_at, projects.deleted_at 
FROM projects 
WHERE projects.id = ? AND projects.deleted_at IS NULL]
[parameters: [{}]]
Traceback (most recent call last):
  File "C:\Users\hp\Downloads\pfa-anwar\cmf-platform\backend\venv\Lib\site-packages\sqlalchemy\engine\base.py", line 1817, in _execute_context
    context = constructor(
              ^^^^^^^^^^^^
  File "C:\Users\hp\Downloads\pfa-anwar\cmf-platform\backend\venv\Lib\site-packages\sqlalchemy\engine\default.py", line 1494, in _init_compiled
    l_param: List[Any] = [
                         ^
  File "C:\Users\hp\Downloads\pfa-anwar\cmf-platform\backend\venv\Lib\site-packages\sqlalchemy\engine\default.py", line 1496, in <listcomp>
    flattened_processors[key](compiled_params[key])
  File "C:\Users\hp\Downloads\pfa-anwar\cmf-platform\backend\venv\Lib\site-packages\sqlalchemy\sql\sqltypes.py", line 3734, in process
    value = value.hex
            ^^^^^^^^^
AttributeError: 'str' object has no attribute 'hex'

The above exception was the direct cause of the following exception:

Traceback (most recent call last):
  File "C:\Users\hp\Downloads\pfa-anwar\cmf-platform\backend\venv\Lib\site-packages\starlette\middleware\errors.py", line 165, in __call__
    await self.app(scope, receive, _send)
  File "C:\Users\hp\Downloads\pfa-anwar\cmf-platform\backend\venv\Lib\site-packages\starlette\middleware\base.py", line 185, in __call__
    with collapse_excgroups():
  File "C:\Users\hp\AppData\Local\Programs\Python\Python311\Lib\contextlib.py", line 155, in __exit__
    self.gen.throw(typ, value, traceback)
  File "C:\Users\hp\Downloads\pfa-anwar\cmf-platform\backend\venv\Lib\site-packages\starlette\_utils.py", line 83, in collapse_excgroups
    raise exc
  File "C:\Users\hp\Downloads\pfa-anwar\cmf-platform\backend\venv\Lib\site-packages\starlette\middleware\base.py", line 187, in __call__
    response = await self.dispatch_func(request, call_next)
               ^^^^^^^^^^^^^^^^^^^^^^^^^^^^^^^^^^^^^^^^^^^^
  File "C:\Users\hp\Downloads\pfa-anwar\cmf-platform\backend\app\main.py", line 134, in rate_limit_middleware
    response = await call_next(request)
               ^^^^^^^^^^^^^^^^^^^^^^^^
  File "C:\Users\hp\Downloads\pfa-anwar\cmf-platform\backend\venv\Lib\site-packages\starlette\middleware\base.py", line 163, in call_next
    raise app_exc
  File "C:\Users\hp\Downloads\pfa-anwar\cmf-platform\backend\venv\Lib\site-packages\starlette\middleware\base.py", line 149, in coro
    await self.app(scope, receive_or_disconnect, send_no_error)
  File "C:\Users\hp\Downloads\pfa-anwar\cmf-platform\backend\venv\Lib\site-packages\starlette\middleware\base.py", line 185, in __call__
    with collapse_excgroups():
  File "C:\Users\hp\AppData\Local\Programs\Python\Python311\Lib\contextlib.py", line 155, in __exit__
    self.gen.throw(typ, value, traceback)
  File "C:\Users\hp\Downloads\pfa-anwar\cmf-platform\backend\venv\Lib\site-packages\starlette\_utils.py", line 83, in collapse_excgroups
    raise exc
  File "C:\Users\hp\Downloads\pfa-anwar\cmf-platform\backend\venv\Lib\site-packages\starlette\middleware\base.py", line 187, in __call__
    response = await self.dispatch_func(request, call_next)
               ^^^^^^^^^^^^^^^^^^^^^^^^^^^^^^^^^^^^^^^^^^^^
  File "C:\Users\hp\Downloads\pfa-anwar\cmf-platform\backend\app\main.py", line 109, in logging_middleware
    response = await call_next(request)
               ^^^^^^^^^^^^^^^^^^^^^^^^
  File "C:\Users\hp\Downloads\pfa-anwar\cmf-platform\backend\venv\Lib\site-packages\starlette\middleware\base.py", line 163, in call_next
    raise app_exc
  File "C:\Users\hp\Downloads\pfa-anwar\cmf-platform\backend\venv\Lib\site-packages\starlette\middleware\base.py", line 149, in coro
    await self.app(scope, receive_or_disconnect, send_no_error)
  File "C:\Users\hp\Downloads\pfa-anwar\cmf-platform\backend\venv\Lib\site-packages\starlette\middleware\base.py", line 185, in __call__
    with collapse_excgroups():
  File "C:\Users\hp\AppData\Local\Programs\Python\Python311\Lib\contextlib.py", line 155, in __exit__
    self.gen.throw(typ, value, traceback)
  File "C:\Users\hp\Downloads\pfa-anwar\cmf-platform\backend\venv\Lib\site-packages\starlette\_utils.py", line 83, in collapse_excgroups
    raise exc
  File "C:\Users\hp\Downloads\pfa-anwar\cmf-platform\backend\venv\Lib\site-packages\starlette\middleware\base.py", line 187, in __call__
    response = await self.dispatch_func(request, call_next)
               ^^^^^^^^^^^^^^^^^^^^^^^^^^^^^^^^^^^^^^^^^^^^
  File "C:\Users\hp\Downloads\pfa-anwar\cmf-platform\backend\app\main.py", line 98, in request_id_middleware
    response = await call_next(request)
               ^^^^^^^^^^^^^^^^^^^^^^^^
  File "C:\Users\hp\Downloads\pfa-anwar\cmf-platform\backend\venv\Lib\site-packages\starlette\middleware\base.py", line 163, in call_next
    raise app_exc
  File "C:\Users\hp\Downloads\pfa-anwar\cmf-platform\backend\venv\Lib\site-packages\starlette\middleware\base.py", line 149, in coro
    await self.app(scope, receive_or_disconnect, send_no_error)
  File "C:\Users\hp\Downloads\pfa-anwar\cmf-platform\backend\venv\Lib\site-packages\starlette\middleware\cors.py", line 93, in __call__
    await self.simple_response(scope, receive, send, request_headers=headers)
  File "C:\Users\hp\Downloads\pfa-anwar\cmf-platform\backend\venv\Lib\site-packages\starlette\middleware\cors.py", line 144, in simple_response
    await self.app(scope, receive, send)
  File "C:\Users\hp\Downloads\pfa-anwar\cmf-platform\backend\venv\Lib\site-packages\starlette\middleware\base.py", line 185, in __call__
    with collapse_excgroups():
  File "C:\Users\hp\AppData\Local\Programs\Python\Python311\Lib\contextlib.py", line 155, in __exit__
    self.gen.throw(typ, value, traceback)
  File "C:\Users\hp\Downloads\pfa-anwar\cmf-platform\backend\venv\Lib\site-packages\starlette\_utils.py", line 83, in collapse_excgroups
    raise exc
  File "C:\Users\hp\Downloads\pfa-anwar\cmf-platform\backend\venv\Lib\site-packages\starlette\middleware\base.py", line 187, in __call__
    response = await self.dispatch_func(request, call_next)
               ^^^^^^^^^^^^^^^^^^^^^^^^^^^^^^^^^^^^^^^^^^^^
  File "C:\Users\hp\Downloads\pfa-anwar\cmf-platform\backend\app\main.py", line 71, in strip_trailing_slash_middleware
    return await call_next(request)
           ^^^^^^^^^^^^^^^^^^^^^^^^
  File "C:\Users\hp\Downloads\pfa-anwar\cmf-platform\backend\venv\Lib\site-packages\starlette\middleware\base.py", line 163, in call_next
    raise app_exc
  File "C:\Users\hp\Downloads\pfa-anwar\cmf-platform\backend\venv\Lib\site-packages\starlette\middleware\base.py", line 149, in coro
    await self.app(scope, receive_or_disconnect, send_no_error)
  File "C:\Users\hp\Downloads\pfa-anwar\cmf-platform\backend\venv\Lib\site-packages\starlette\middleware\exceptions.py", line 62, in __call__
    await wrap_app_handling_exceptions(self.app, conn)(scope, receive, send)
  File "C:\Users\hp\Downloads\pfa-anwar\cmf-platform\backend\venv\Lib\site-packages\starlette\_exception_handler.py", line 62, in wrapped_app
    raise exc
  File "C:\Users\hp\Downloads\pfa-anwar\cmf-platform\backend\venv\Lib\site-packages\starlette\_exception_handler.py", line 51, in wrapped_app
    await app(scope, receive, sender)
  File "C:\Users\hp\Downloads\pfa-anwar\cmf-platform\backend\venv\Lib\site-packages\starlette\routing.py", line 715, in __call__
    await self.middleware_stack(scope, receive, send)
  File "C:\Users\hp\Downloads\pfa-anwar\cmf-platform\backend\venv\Lib\site-packages\starlette\routing.py", line 735, in app
    await route.handle(scope, receive, send)
  File "C:\Users\hp\Downloads\pfa-anwar\cmf-platform\backend\venv\Lib\site-packages\starlette\routing.py", line 288, in handle
    await self.app(scope, receive, send)
  File "C:\Users\hp\Downloads\pfa-anwar\cmf-platform\backend\venv\Lib\site-packages\starlette\routing.py", line 76, in app
    await wrap_app_handling_exceptions(app, request)(scope, receive, send)
  File "C:\Users\hp\Downloads\pfa-anwar\cmf-platform\backend\venv\Lib\site-packages\starlette\_exception_handler.py", line 62, in wrapped_app
    raise exc
  File "C:\Users\hp\Downloads\pfa-anwar\cmf-platform\backend\venv\Lib\site-packages\starlette\_exception_handler.py", line 51, in wrapped_app
    await app(scope, receive, sender)
  File "C:\Users\hp\Downloads\pfa-anwar\cmf-platform\backend\venv\Lib\site-packages\starlette\routing.py", line 73, in app
    response = await f(request)
               ^^^^^^^^^^^^^^^^
  File "C:\Users\hp\AppData\Local\Programs\Python\Python311\Lib\contextlib.py", line 222, in __aexit__
    await self.gen.athrow(typ, value, traceback)
  File "C:\Users\hp\Downloads\pfa-anwar\cmf-platform\backend\app\api\deps.py", line 42, in get_db
    yield session
  File "C:\Users\hp\Downloads\pfa-anwar\cmf-platform\backend\venv\Lib\site-packages\fastapi\routing.py", line 301, in app
    raw_response = await run_endpoint_function(
                   ^^^^^^^^^^^^^^^^^^^^^^^^^^^^
  File "C:\Users\hp\Downloads\pfa-anwar\cmf-platform\backend\venv\Lib\site-packages\fastapi\routing.py", line 212, in run_endpoint_function
    return await dependant.call(**values)
           ^^^^^^^^^^^^^^^^^^^^^^^^^^^^^^
  File "C:\Users\hp\Downloads\pfa-anwar\cmf-platform\backend\app\api\v1\endpoints\parts.py", line 40, in create_part
    return await part_service.create_part(
           ^^^^^^^^^^^^^^^^^^^^^^^^^^^^^^^
  File "C:\Users\hp\Downloads\pfa-anwar\cmf-platform\backend\app\application\services\project_part_service.py", line 25, in create_part
    project = await self._uow.projects.get(project_id)
              ^^^^^^^^^^^^^^^^^^^^^^^^^^^^^^^^^^^^^^^^
  File "C:\Users\hp\Downloads\pfa-anwar\cmf-platform\backend\app\infrastructure\persistence\repositories\base.py", line 27, in get
    result = await self._session.execute(stmt)
             ^^^^^^^^^^^^^^^^^^^^^^^^^^^^^^^^^
  File "C:\Users\hp\Downloads\pfa-anwar\cmf-platform\backend\venv\Lib\site-packages\sqlalchemy\ext\asyncio\session.py", line 448, in execute
    result = await greenlet_spawn(
             ^^^^^^^^^^^^^^^^^^^^^
  File "C:\Users\hp\Downloads\pfa-anwar\cmf-platform\backend\venv\Lib\site-packages\sqlalchemy\util\_concurrency_py3k.py", line 190, in greenlet_spawn
    result = context.switch(*args, **kwargs)
             ^^^^^^^^^^^^^^^^^^^^^^^^^^^^^^^
  File "C:\Users\hp\Downloads\pfa-anwar\cmf-platform\backend\venv\Lib\site-packages\sqlalchemy\orm\session.py", line 2373, in execute
    return self._execute_internal(
           ^^^^^^^^^^^^^^^^^^^^^^^
  File "C:\Users\hp\Downloads\pfa-anwar\cmf-platform\backend\venv\Lib\site-packages\sqlalchemy\orm\session.py", line 2271, in _execute_internal
    result: Result[Any] = compile_state_cls.orm_execute_statement(
                          ^^^^^^^^^^^^^^^^^^^^^^^^^^^^^^^^^^^^^^^^
  File "C:\Users\hp\Downloads\pfa-anwar\cmf-platform\backend\venv\Lib\site-packages\sqlalchemy\orm\context.py", line 306, in orm_execute_statement
    result = conn.execute(
             ^^^^^^^^^^^^^
  File "C:\Users\hp\Downloads\pfa-anwar\cmf-platform\backend\venv\Lib\site-packages\sqlalchemy\engine\base.py", line 1421, in execute
    return meth(
           ^^^^^
  File "C:\Users\hp\Downloads\pfa-anwar\cmf-platform\backend\venv\Lib\site-packages\sqlalchemy\sql\elements.py", line 526, in _execute_on_connection
    return connection._execute_clauseelement(
           ^^^^^^^^^^^^^^^^^^^^^^^^^^^^^^^^^^
  File "C:\Users\hp\Downloads\pfa-anwar\cmf-platform\backend\venv\Lib\site-packages\sqlalchemy\engine\base.py", line 1643, in _execute_clauseelement
    ret = self._execute_context(
          ^^^^^^^^^^^^^^^^^^^^^^
  File "C:\Users\hp\Downloads\pfa-anwar\cmf-platform\backend\venv\Lib\site-packages\sqlalchemy\engine\base.py", line 1823, in _execute_context
    self._handle_dbapi_exception(
  File "C:\Users\hp\Downloads\pfa-anwar\cmf-platform\backend\venv\Lib\site-packages\sqlalchemy\engine\base.py", line 2365, in _handle_dbapi_exception
    raise sqlalchemy_exception.with_traceback(exc_info[2]) from e
  File "C:\Users\hp\Downloads\pfa-anwar\cmf-platform\backend\venv\Lib\site-packages\sqlalchemy\engine\base.py", line 1817, in _execute_context
    context = constructor(
              ^^^^^^^^^^^^
  File "C:\Users\hp\Downloads\pfa-anwar\cmf-platform\backend\venv\Lib\site-packages\sqlalchemy\engine\default.py", line 1494, in _init_compiled
    l_param: List[Any] = [
                         ^
  File "C:\Users\hp\Downloads\pfa-anwar\cmf-platform\backend\venv\Lib\site-packages\sqlalchemy\engine\default.py", line 1496, in <listcomp>
    flattened_processors[key](compiled_params[key])
  File "C:\Users\hp\Downloads\pfa-anwar\cmf-platform\backend\venv\Lib\site-packages\sqlalchemy\sql\sqltypes.py", line 3734, in process
    value = value.hex
            ^^^^^^^^^
sqlalchemy.exc.StatementError: (builtins.AttributeError) 'str' object has no attribute 'hex'
[SQL: SELECT projects.id, projects.code, projects.name, projects.description, projects.status, projects.priority, projects.start_date, projects.end_date, projects.client_name, projects.budget, projects.currency, projects.notes, projects.buyer_id, projects.sqd_id, projects.capacity_manager_id, projects.created_at, projects.updated_at, projects.deleted_at 
FROM projects 
WHERE projects.id = ? AND projects.deleted_at IS NULL]
[parameters: [{}]]
2026-07-22 13:29:25,751 - app.main - INFO - GET /api/v1/projects
2026-07-22 13:29:25,757 - app.main - INFO - GET /api/v1/suppliers
2026-07-22 13:29:25,877 - app.main - INFO - GET /api/v1/suppliers -> 200
2026-07-22 13:29:25,894 - app.main - INFO - GET /api/v1/projects -> 200
2026-07-22 13:41:46,296 - app.main - INFO - GET /api/v1/auth/me
2026-07-22 13:41:46,308 - app.main - WARNING - UnauthorizedException: Invalid or expired token
2026-07-22 13:41:46,320 - app.main - INFO - GET /api/v1/auth/me -> 401
2026-07-22 13:41:46,400 - app.main - INFO - GET /api/v1/auth/me
2026-07-22 13:41:46,412 - app.main - INFO - POST /api/v1/auth/refresh
2026-07-22 13:41:46,415 - app.main - WARNING - UnauthorizedException: Invalid or expired token
2026-07-22 13:41:46,421 - app.main - INFO - GET /api/v1/auth/me -> 401
2026-07-22 13:41:46,534 - app.main - INFO - POST /api/v1/auth/refresh -> 200
2026-07-22 13:41:46,575 - app.main - INFO - GET /api/v1/auth/me
2026-07-22 13:41:46,691 - app.main - INFO - GET /api/v1/auth/me -> 200
2026-07-22 13:41:46,721 - app.main - INFO - GET /api/v1/auth/me
2026-07-22 13:41:46,871 - app.main - INFO - GET /api/v1/auth/me -> 200
2026-07-22 13:41:47,013 - app.main - INFO - GET /api/v1/projects
2026-07-22 13:41:47,016 - app.main - INFO - GET /api/v1/suppliers
2026-07-22 13:41:47,159 - app.main - INFO - GET /api/v1/suppliers -> 200
2026-07-22 13:41:47,200 - app.main - INFO - GET /api/v1/projects -> 200
2026-07-22 13:41:59,053 - app.main - INFO - POST /api/v1/parts
2026-07-22 13:41:59,090 - app.main - ERROR - Unhandled exception: (builtins.AttributeError) 'str' object has no attribute 'hex'
[SQL: SELECT projects.id, projects.code, projects.name, projects.description, projects.status, projects.priority, projects.start_date, projects.end_date, projects.client_name, projects.budget, projects.currency, projects.notes, projects.buyer_id, projects.sqd_id, projects.capacity_manager_id, projects.created_at, projects.updated_at, projects.deleted_at 
FROM projects 
WHERE projects.id = ? AND projects.deleted_at IS NULL]
[parameters: [{}]]
Traceback (most recent call last):
  File "C:\Users\hp\Downloads\pfa-anwar\cmf-platform\backend\venv\Lib\site-packages\sqlalchemy\engine\base.py", line 1817, in _execute_context
    context = constructor(
              ^^^^^^^^^^^^
  File "C:\Users\hp\Downloads\pfa-anwar\cmf-platform\backend\venv\Lib\site-packages\sqlalchemy\engine\default.py", line 1494, in _init_compiled
    l_param: List[Any] = [
                         ^
  File "C:\Users\hp\Downloads\pfa-anwar\cmf-platform\backend\venv\Lib\site-packages\sqlalchemy\engine\default.py", line 1496, in <listcomp>
    flattened_processors[key](compiled_params[key])
  File "C:\Users\hp\Downloads\pfa-anwar\cmf-platform\backend\venv\Lib\site-packages\sqlalchemy\sql\sqltypes.py", line 3734, in process
    value = value.hex
            ^^^^^^^^^
AttributeError: 'str' object has no attribute 'hex'

The above exception was the direct cause of the following exception:

Traceback (most recent call last):
  File "C:\Users\hp\Downloads\pfa-anwar\cmf-platform\backend\venv\Lib\site-packages\starlette\middleware\errors.py", line 165, in __call__
    await self.app(scope, receive, _send)
  File "C:\Users\hp\Downloads\pfa-anwar\cmf-platform\backend\venv\Lib\site-packages\starlette\middleware\base.py", line 185, in __call__
    with collapse_excgroups():
  File "C:\Users\hp\AppData\Local\Programs\Python\Python311\Lib\contextlib.py", line 155, in __exit__
    self.gen.throw(typ, value, traceback)
  File "C:\Users\hp\Downloads\pfa-anwar\cmf-platform\backend\venv\Lib\site-packages\starlette\_utils.py", line 83, in collapse_excgroups
    raise exc
  File "C:\Users\hp\Downloads\pfa-anwar\cmf-platform\backend\venv\Lib\site-packages\starlette\middleware\base.py", line 187, in __call__
    response = await self.dispatch_func(request, call_next)
               ^^^^^^^^^^^^^^^^^^^^^^^^^^^^^^^^^^^^^^^^^^^^
  File "C:\Users\hp\Downloads\pfa-anwar\cmf-platform\backend\app\main.py", line 134, in rate_limit_middleware
    response = await call_next(request)
               ^^^^^^^^^^^^^^^^^^^^^^^^
  File "C:\Users\hp\Downloads\pfa-anwar\cmf-platform\backend\venv\Lib\site-packages\starlette\middleware\base.py", line 163, in call_next
    raise app_exc
  File "C:\Users\hp\Downloads\pfa-anwar\cmf-platform\backend\venv\Lib\site-packages\starlette\middleware\base.py", line 149, in coro
    await self.app(scope, receive_or_disconnect, send_no_error)
  File "C:\Users\hp\Downloads\pfa-anwar\cmf-platform\backend\venv\Lib\site-packages\starlette\middleware\base.py", line 185, in __call__
    with collapse_excgroups():
  File "C:\Users\hp\AppData\Local\Programs\Python\Python311\Lib\contextlib.py", line 155, in __exit__
    self.gen.throw(typ, value, traceback)
  File "C:\Users\hp\Downloads\pfa-anwar\cmf-platform\backend\venv\Lib\site-packages\starlette\_utils.py", line 83, in collapse_excgroups
    raise exc
  File "C:\Users\hp\Downloads\pfa-anwar\cmf-platform\backend\venv\Lib\site-packages\starlette\middleware\base.py", line 187, in __call__
    response = await self.dispatch_func(request, call_next)
               ^^^^^^^^^^^^^^^^^^^^^^^^^^^^^^^^^^^^^^^^^^^^
  File "C:\Users\hp\Downloads\pfa-anwar\cmf-platform\backend\app\main.py", line 109, in logging_middleware
    response = await call_next(request)
               ^^^^^^^^^^^^^^^^^^^^^^^^
  File "C:\Users\hp\Downloads\pfa-anwar\cmf-platform\backend\venv\Lib\site-packages\starlette\middleware\base.py", line 163, in call_next
    raise app_exc
  File "C:\Users\hp\Downloads\pfa-anwar\cmf-platform\backend\venv\Lib\site-packages\starlette\middleware\base.py", line 149, in coro
    await self.app(scope, receive_or_disconnect, send_no_error)
  File "C:\Users\hp\Downloads\pfa-anwar\cmf-platform\backend\venv\Lib\site-packages\starlette\middleware\base.py", line 185, in __call__
    with collapse_excgroups():
  File "C:\Users\hp\AppData\Local\Programs\Python\Python311\Lib\contextlib.py", line 155, in __exit__
    self.gen.throw(typ, value, traceback)
  File "C:\Users\hp\Downloads\pfa-anwar\cmf-platform\backend\venv\Lib\site-packages\starlette\_utils.py", line 83, in collapse_excgroups
    raise exc
  File "C:\Users\hp\Downloads\pfa-anwar\cmf-platform\backend\venv\Lib\site-packages\starlette\middleware\base.py", line 187, in __call__
    response = await self.dispatch_func(request, call_next)
               ^^^^^^^^^^^^^^^^^^^^^^^^^^^^^^^^^^^^^^^^^^^^
  File "C:\Users\hp\Downloads\pfa-anwar\cmf-platform\backend\app\main.py", line 98, in request_id_middleware
    response = await call_next(request)
               ^^^^^^^^^^^^^^^^^^^^^^^^
  File "C:\Users\hp\Downloads\pfa-anwar\cmf-platform\backend\venv\Lib\site-packages\starlette\middleware\base.py", line 163, in call_next
    raise app_exc
  File "C:\Users\hp\Downloads\pfa-anwar\cmf-platform\backend\venv\Lib\site-packages\starlette\middleware\base.py", line 149, in coro
    await self.app(scope, receive_or_disconnect, send_no_error)
  File "C:\Users\hp\Downloads\pfa-anwar\cmf-platform\backend\venv\Lib\site-packages\starlette\middleware\cors.py", line 93, in __call__
    await self.simple_response(scope, receive, send, request_headers=headers)
  File "C:\Users\hp\Downloads\pfa-anwar\cmf-platform\backend\venv\Lib\site-packages\starlette\middleware\cors.py", line 144, in simple_response
    await self.app(scope, receive, send)
  File "C:\Users\hp\Downloads\pfa-anwar\cmf-platform\backend\venv\Lib\site-packages\starlette\middleware\base.py", line 185, in __call__
    with collapse_excgroups():
  File "C:\Users\hp\AppData\Local\Programs\Python\Python311\Lib\contextlib.py", line 155, in __exit__
    self.gen.throw(typ, value, traceback)
  File "C:\Users\hp\Downloads\pfa-anwar\cmf-platform\backend\venv\Lib\site-packages\starlette\_utils.py", line 83, in collapse_excgroups
    raise exc
  File "C:\Users\hp\Downloads\pfa-anwar\cmf-platform\backend\venv\Lib\site-packages\starlette\middleware\base.py", line 187, in __call__
    response = await self.dispatch_func(request, call_next)
               ^^^^^^^^^^^^^^^^^^^^^^^^^^^^^^^^^^^^^^^^^^^^
  File "C:\Users\hp\Downloads\pfa-anwar\cmf-platform\backend\app\main.py", line 71, in strip_trailing_slash_middleware
    return await call_next(request)
           ^^^^^^^^^^^^^^^^^^^^^^^^
  File "C:\Users\hp\Downloads\pfa-anwar\cmf-platform\backend\venv\Lib\site-packages\starlette\middleware\base.py", line 163, in call_next
    raise app_exc
  File "C:\Users\hp\Downloads\pfa-anwar\cmf-platform\backend\venv\Lib\site-packages\starlette\middleware\base.py", line 149, in coro
    await self.app(scope, receive_or_disconnect, send_no_error)
  File "C:\Users\hp\Downloads\pfa-anwar\cmf-platform\backend\venv\Lib\site-packages\starlette\middleware\exceptions.py", line 62, in __call__
    await wrap_app_handling_exceptions(self.app, conn)(scope, receive, send)
  File "C:\Users\hp\Downloads\pfa-anwar\cmf-platform\backend\venv\Lib\site-packages\starlette\_exception_handler.py", line 62, in wrapped_app
    raise exc
  File "C:\Users\hp\Downloads\pfa-anwar\cmf-platform\backend\venv\Lib\site-packages\starlette\_exception_handler.py", line 51, in wrapped_app
    await app(scope, receive, sender)
  File "C:\Users\hp\Downloads\pfa-anwar\cmf-platform\backend\venv\Lib\site-packages\starlette\routing.py", line 715, in __call__
    await self.middleware_stack(scope, receive, send)
  File "C:\Users\hp\Downloads\pfa-anwar\cmf-platform\backend\venv\Lib\site-packages\starlette\routing.py", line 735, in app
    await route.handle(scope, receive, send)
  File "C:\Users\hp\Downloads\pfa-anwar\cmf-platform\backend\venv\Lib\site-packages\starlette\routing.py", line 288, in handle
    await self.app(scope, receive, send)
  File "C:\Users\hp\Downloads\pfa-anwar\cmf-platform\backend\venv\Lib\site-packages\starlette\routing.py", line 76, in app
    await wrap_app_handling_exceptions(app, request)(scope, receive, send)
  File "C:\Users\hp\Downloads\pfa-anwar\cmf-platform\backend\venv\Lib\site-packages\starlette\_exception_handler.py", line 62, in wrapped_app
    raise exc
  File "C:\Users\hp\Downloads\pfa-anwar\cmf-platform\backend\venv\Lib\site-packages\starlette\_exception_handler.py", line 51, in wrapped_app
    await app(scope, receive, sender)
  File "C:\Users\hp\Downloads\pfa-anwar\cmf-platform\backend\venv\Lib\site-packages\starlette\routing.py", line 73, in app
    response = await f(request)
               ^^^^^^^^^^^^^^^^
  File "C:\Users\hp\AppData\Local\Programs\Python\Python311\Lib\contextlib.py", line 222, in __aexit__
    await self.gen.athrow(typ, value, traceback)
  File "C:\Users\hp\Downloads\pfa-anwar\cmf-platform\backend\app\api\deps.py", line 42, in get_db
    yield session
  File "C:\Users\hp\Downloads\pfa-anwar\cmf-platform\backend\venv\Lib\site-packages\fastapi\routing.py", line 301, in app
    raw_response = await run_endpoint_function(
                   ^^^^^^^^^^^^^^^^^^^^^^^^^^^^
  File "C:\Users\hp\Downloads\pfa-anwar\cmf-platform\backend\venv\Lib\site-packages\fastapi\routing.py", line 212, in run_endpoint_function
    return await dependant.call(**values)
           ^^^^^^^^^^^^^^^^^^^^^^^^^^^^^^
  File "C:\Users\hp\Downloads\pfa-anwar\cmf-platform\backend\app\api\v1\endpoints\parts.py", line 40, in create_part
    return await part_service.create_part(
           ^^^^^^^^^^^^^^^^^^^^^^^^^^^^^^^
  File "C:\Users\hp\Downloads\pfa-anwar\cmf-platform\backend\app\application\services\project_part_service.py", line 25, in create_part
    project = await self._uow.projects.get(project_id)
              ^^^^^^^^^^^^^^^^^^^^^^^^^^^^^^^^^^^^^^^^
  File "C:\Users\hp\Downloads\pfa-anwar\cmf-platform\backend\app\infrastructure\persistence\repositories\base.py", line 27, in get
    result = await self._session.execute(stmt)
             ^^^^^^^^^^^^^^^^^^^^^^^^^^^^^^^^^
  File "C:\Users\hp\Downloads\pfa-anwar\cmf-platform\backend\venv\Lib\site-packages\sqlalchemy\ext\asyncio\session.py", line 448, in execute
    result = await greenlet_spawn(
             ^^^^^^^^^^^^^^^^^^^^^
  File "C:\Users\hp\Downloads\pfa-anwar\cmf-platform\backend\venv\Lib\site-packages\sqlalchemy\util\_concurrency_py3k.py", line 190, in greenlet_spawn
    result = context.switch(*args, **kwargs)
             ^^^^^^^^^^^^^^^^^^^^^^^^^^^^^^^
  File "C:\Users\hp\Downloads\pfa-anwar\cmf-platform\backend\venv\Lib\site-packages\sqlalchemy\orm\session.py", line 2373, in execute
    return self._execute_internal(
           ^^^^^^^^^^^^^^^^^^^^^^^
  File "C:\Users\hp\Downloads\pfa-anwar\cmf-platform\backend\venv\Lib\site-packages\sqlalchemy\orm\session.py", line 2271, in _execute_internal
    result: Result[Any] = compile_state_cls.orm_execute_statement(
                          ^^^^^^^^^^^^^^^^^^^^^^^^^^^^^^^^^^^^^^^^
  File "C:\Users\hp\Downloads\pfa-anwar\cmf-platform\backend\venv\Lib\site-packages\sqlalchemy\orm\context.py", line 306, in orm_execute_statement
    result = conn.execute(
             ^^^^^^^^^^^^^
  File "C:\Users\hp\Downloads\pfa-anwar\cmf-platform\backend\venv\Lib\site-packages\sqlalchemy\engine\base.py", line 1421, in execute
    return meth(
           ^^^^^
  File "C:\Users\hp\Downloads\pfa-anwar\cmf-platform\backend\venv\Lib\site-packages\sqlalchemy\sql\elements.py", line 526, in _execute_on_connection
    return connection._execute_clauseelement(
           ^^^^^^^^^^^^^^^^^^^^^^^^^^^^^^^^^^
  File "C:\Users\hp\Downloads\pfa-anwar\cmf-platform\backend\venv\Lib\site-packages\sqlalchemy\engine\base.py", line 1643, in _execute_clauseelement
    ret = self._execute_context(
          ^^^^^^^^^^^^^^^^^^^^^^
  File "C:\Users\hp\Downloads\pfa-anwar\cmf-platform\backend\venv\Lib\site-packages\sqlalchemy\engine\base.py", line 1823, in _execute_context
    self._handle_dbapi_exception(
  File "C:\Users\hp\Downloads\pfa-anwar\cmf-platform\backend\venv\Lib\site-packages\sqlalchemy\engine\base.py", line 2365, in _handle_dbapi_exception
    raise sqlalchemy_exception.with_traceback(exc_info[2]) from e
  File "C:\Users\hp\Downloads\pfa-anwar\cmf-platform\backend\venv\Lib\site-packages\sqlalchemy\engine\base.py", line 1817, in _execute_context
    context = constructor(
              ^^^^^^^^^^^^
  File "C:\Users\hp\Downloads\pfa-anwar\cmf-platform\backend\venv\Lib\site-packages\sqlalchemy\engine\default.py", line 1494, in _init_compiled
    l_param: List[Any] = [
                         ^
  File "C:\Users\hp\Downloads\pfa-anwar\cmf-platform\backend\venv\Lib\site-packages\sqlalchemy\engine\default.py", line 1496, in <listcomp>
    flattened_processors[key](compiled_params[key])
  File "C:\Users\hp\Downloads\pfa-anwar\cmf-platform\backend\venv\Lib\site-packages\sqlalchemy\sql\sqltypes.py", line 3734, in process
    value = value.hex
            ^^^^^^^^^
sqlalchemy.exc.StatementError: (builtins.AttributeError) 'str' object has no attribute 'hex'
[SQL: SELECT projects.id, projects.code, projects.name, projects.description, projects.status, projects.priority, projects.start_date, projects.end_date, projects.client_name, projects.budget, projects.currency, projects.notes, projects.buyer_id, projects.sqd_id, projects.capacity_manager_id, projects.created_at, projects.updated_at, projects.deleted_at 
FROM projects 
WHERE projects.id = ? AND projects.deleted_at IS NULL]
[parameters: [{}]]
2026-07-22 13:41:59,716 - app.main - INFO - POST /api/v1/parts
2026-07-22 13:41:59,758 - app.main - ERROR - Unhandled exception: (builtins.AttributeError) 'str' object has no attribute 'hex'
[SQL: SELECT projects.id, projects.code, projects.name, projects.description, projects.status, projects.priority, projects.start_date, projects.end_date, projects.client_name, projects.budget, projects.currency, projects.notes, projects.buyer_id, projects.sqd_id, projects.capacity_manager_id, projects.created_at, projects.updated_at, projects.deleted_at 
FROM projects 
WHERE projects.id = ? AND projects.deleted_at IS NULL]
[parameters: [{}]]
Traceback (most recent call last):
  File "C:\Users\hp\Downloads\pfa-anwar\cmf-platform\backend\venv\Lib\site-packages\sqlalchemy\engine\base.py", line 1817, in _execute_context
    context = constructor(
              ^^^^^^^^^^^^
  File "C:\Users\hp\Downloads\pfa-anwar\cmf-platform\backend\venv\Lib\site-packages\sqlalchemy\engine\default.py", line 1494, in _init_compiled
    l_param: List[Any] = [
                         ^
  File "C:\Users\hp\Downloads\pfa-anwar\cmf-platform\backend\venv\Lib\site-packages\sqlalchemy\engine\default.py", line 1496, in <listcomp>
    flattened_processors[key](compiled_params[key])
  File "C:\Users\hp\Downloads\pfa-anwar\cmf-platform\backend\venv\Lib\site-packages\sqlalchemy\sql\sqltypes.py", line 3734, in process
    value = value.hex
            ^^^^^^^^^
AttributeError: 'str' object has no attribute 'hex'

The above exception was the direct cause of the following exception:

Traceback (most recent call last):
  File "C:\Users\hp\Downloads\pfa-anwar\cmf-platform\backend\venv\Lib\site-packages\starlette\middleware\errors.py", line 165, in __call__
    await self.app(scope, receive, _send)
  File "C:\Users\hp\Downloads\pfa-anwar\cmf-platform\backend\venv\Lib\site-packages\starlette\middleware\base.py", line 185, in __call__
    with collapse_excgroups():
  File "C:\Users\hp\AppData\Local\Programs\Python\Python311\Lib\contextlib.py", line 155, in __exit__
    self.gen.throw(typ, value, traceback)
  File "C:\Users\hp\Downloads\pfa-anwar\cmf-platform\backend\venv\Lib\site-packages\starlette\_utils.py", line 83, in collapse_excgroups
    raise exc
  File "C:\Users\hp\Downloads\pfa-anwar\cmf-platform\backend\venv\Lib\site-packages\starlette\middleware\base.py", line 187, in __call__
    response = await self.dispatch_func(request, call_next)
               ^^^^^^^^^^^^^^^^^^^^^^^^^^^^^^^^^^^^^^^^^^^^
  File "C:\Users\hp\Downloads\pfa-anwar\cmf-platform\backend\app\main.py", line 134, in rate_limit_middleware
    response = await call_next(request)
               ^^^^^^^^^^^^^^^^^^^^^^^^
  File "C:\Users\hp\Downloads\pfa-anwar\cmf-platform\backend\venv\Lib\site-packages\starlette\middleware\base.py", line 163, in call_next
    raise app_exc
  File "C:\Users\hp\Downloads\pfa-anwar\cmf-platform\backend\venv\Lib\site-packages\starlette\middleware\base.py", line 149, in coro
    await self.app(scope, receive_or_disconnect, send_no_error)
  File "C:\Users\hp\Downloads\pfa-anwar\cmf-platform\backend\venv\Lib\site-packages\starlette\middleware\base.py", line 185, in __call__
    with collapse_excgroups():
  File "C:\Users\hp\AppData\Local\Programs\Python\Python311\Lib\contextlib.py", line 155, in __exit__
    self.gen.throw(typ, value, traceback)
  File "C:\Users\hp\Downloads\pfa-anwar\cmf-platform\backend\venv\Lib\site-packages\starlette\_utils.py", line 83, in collapse_excgroups
    raise exc
  File "C:\Users\hp\Downloads\pfa-anwar\cmf-platform\backend\venv\Lib\site-packages\starlette\middleware\base.py", line 187, in __call__
    response = await self.dispatch_func(request, call_next)
               ^^^^^^^^^^^^^^^^^^^^^^^^^^^^^^^^^^^^^^^^^^^^
  File "C:\Users\hp\Downloads\pfa-anwar\cmf-platform\backend\app\main.py", line 109, in logging_middleware
    response = await call_next(request)
               ^^^^^^^^^^^^^^^^^^^^^^^^
  File "C:\Users\hp\Downloads\pfa-anwar\cmf-platform\backend\venv\Lib\site-packages\starlette\middleware\base.py", line 163, in call_next
    raise app_exc
  File "C:\Users\hp\Downloads\pfa-anwar\cmf-platform\backend\venv\Lib\site-packages\starlette\middleware\base.py", line 149, in coro
    await self.app(scope, receive_or_disconnect, send_no_error)
  File "C:\Users\hp\Downloads\pfa-anwar\cmf-platform\backend\venv\Lib\site-packages\starlette\middleware\base.py", line 185, in __call__
    with collapse_excgroups():
  File "C:\Users\hp\AppData\Local\Programs\Python\Python311\Lib\contextlib.py", line 155, in __exit__
    self.gen.throw(typ, value, traceback)
  File "C:\Users\hp\Downloads\pfa-anwar\cmf-platform\backend\venv\Lib\site-packages\starlette\_utils.py", line 83, in collapse_excgroups
    raise exc
  File "C:\Users\hp\Downloads\pfa-anwar\cmf-platform\backend\venv\Lib\site-packages\starlette\middleware\base.py", line 187, in __call__
    response = await self.dispatch_func(request, call_next)
               ^^^^^^^^^^^^^^^^^^^^^^^^^^^^^^^^^^^^^^^^^^^^
  File "C:\Users\hp\Downloads\pfa-anwar\cmf-platform\backend\app\main.py", line 98, in request_id_middleware
    response = await call_next(request)
               ^^^^^^^^^^^^^^^^^^^^^^^^
  File "C:\Users\hp\Downloads\pfa-anwar\cmf-platform\backend\venv\Lib\site-packages\starlette\middleware\base.py", line 163, in call_next
    raise app_exc
  File "C:\Users\hp\Downloads\pfa-anwar\cmf-platform\backend\venv\Lib\site-packages\starlette\middleware\base.py", line 149, in coro
    await self.app(scope, receive_or_disconnect, send_no_error)
  File "C:\Users\hp\Downloads\pfa-anwar\cmf-platform\backend\venv\Lib\site-packages\starlette\middleware\cors.py", line 93, in __call__
    await self.simple_response(scope, receive, send, request_headers=headers)
  File "C:\Users\hp\Downloads\pfa-anwar\cmf-platform\backend\venv\Lib\site-packages\starlette\middleware\cors.py", line 144, in simple_response
    await self.app(scope, receive, send)
  File "C:\Users\hp\Downloads\pfa-anwar\cmf-platform\backend\venv\Lib\site-packages\starlette\middleware\base.py", line 185, in __call__
    with collapse_excgroups():
  File "C:\Users\hp\AppData\Local\Programs\Python\Python311\Lib\contextlib.py", line 155, in __exit__
    self.gen.throw(typ, value, traceback)
  File "C:\Users\hp\Downloads\pfa-anwar\cmf-platform\backend\venv\Lib\site-packages\starlette\_utils.py", line 83, in collapse_excgroups
    raise exc
  File "C:\Users\hp\Downloads\pfa-anwar\cmf-platform\backend\venv\Lib\site-packages\starlette\middleware\base.py", line 187, in __call__
    response = await self.dispatch_func(request, call_next)
               ^^^^^^^^^^^^^^^^^^^^^^^^^^^^^^^^^^^^^^^^^^^^
  File "C:\Users\hp\Downloads\pfa-anwar\cmf-platform\backend\app\main.py", line 71, in strip_trailing_slash_middleware
    return await call_next(request)
           ^^^^^^^^^^^^^^^^^^^^^^^^
  File "C:\Users\hp\Downloads\pfa-anwar\cmf-platform\backend\venv\Lib\site-packages\starlette\middleware\base.py", line 163, in call_next
    raise app_exc
  File "C:\Users\hp\Downloads\pfa-anwar\cmf-platform\backend\venv\Lib\site-packages\starlette\middleware\base.py", line 149, in coro
    await self.app(scope, receive_or_disconnect, send_no_error)
  File "C:\Users\hp\Downloads\pfa-anwar\cmf-platform\backend\venv\Lib\site-packages\starlette\middleware\exceptions.py", line 62, in __call__
    await wrap_app_handling_exceptions(self.app, conn)(scope, receive, send)
  File "C:\Users\hp\Downloads\pfa-anwar\cmf-platform\backend\venv\Lib\site-packages\starlette\_exception_handler.py", line 62, in wrapped_app
    raise exc
  File "C:\Users\hp\Downloads\pfa-anwar\cmf-platform\backend\venv\Lib\site-packages\starlette\_exception_handler.py", line 51, in wrapped_app
    await app(scope, receive, sender)
  File "C:\Users\hp\Downloads\pfa-anwar\cmf-platform\backend\venv\Lib\site-packages\starlette\routing.py", line 715, in __call__
    await self.middleware_stack(scope, receive, send)
  File "C:\Users\hp\Downloads\pfa-anwar\cmf-platform\backend\venv\Lib\site-packages\starlette\routing.py", line 735, in app
    await route.handle(scope, receive, send)
  File "C:\Users\hp\Downloads\pfa-anwar\cmf-platform\backend\venv\Lib\site-packages\starlette\routing.py", line 288, in handle
    await self.app(scope, receive, send)
  File "C:\Users\hp\Downloads\pfa-anwar\cmf-platform\backend\venv\Lib\site-packages\starlette\routing.py", line 76, in app
    await wrap_app_handling_exceptions(app, request)(scope, receive, send)
  File "C:\Users\hp\Downloads\pfa-anwar\cmf-platform\backend\venv\Lib\site-packages\starlette\_exception_handler.py", line 62, in wrapped_app
    raise exc
  File "C:\Users\hp\Downloads\pfa-anwar\cmf-platform\backend\venv\Lib\site-packages\starlette\_exception_handler.py", line 51, in wrapped_app
    await app(scope, receive, sender)
  File "C:\Users\hp\Downloads\pfa-anwar\cmf-platform\backend\venv\Lib\site-packages\starlette\routing.py", line 73, in app
    response = await f(request)
               ^^^^^^^^^^^^^^^^
  File "C:\Users\hp\AppData\Local\Programs\Python\Python311\Lib\contextlib.py", line 222, in __aexit__
    await self.gen.athrow(typ, value, traceback)
  File "C:\Users\hp\Downloads\pfa-anwar\cmf-platform\backend\app\api\deps.py", line 42, in get_db
    yield session
  File "C:\Users\hp\Downloads\pfa-anwar\cmf-platform\backend\venv\Lib\site-packages\fastapi\routing.py", line 301, in app
    raw_response = await run_endpoint_function(
                   ^^^^^^^^^^^^^^^^^^^^^^^^^^^^
  File "C:\Users\hp\Downloads\pfa-anwar\cmf-platform\backend\venv\Lib\site-packages\fastapi\routing.py", line 212, in run_endpoint_function
    return await dependant.call(**values)
           ^^^^^^^^^^^^^^^^^^^^^^^^^^^^^^
  File "C:\Users\hp\Downloads\pfa-anwar\cmf-platform\backend\app\api\v1\endpoints\parts.py", line 40, in create_part
    return await part_service.create_part(
           ^^^^^^^^^^^^^^^^^^^^^^^^^^^^^^^
  File "C:\Users\hp\Downloads\pfa-anwar\cmf-platform\backend\app\application\services\project_part_service.py", line 25, in create_part
    project = await self._uow.projects.get(project_id)
              ^^^^^^^^^^^^^^^^^^^^^^^^^^^^^^^^^^^^^^^^
  File "C:\Users\hp\Downloads\pfa-anwar\cmf-platform\backend\app\infrastructure\persistence\repositories\base.py", line 27, in get
    result = await self._session.execute(stmt)
             ^^^^^^^^^^^^^^^^^^^^^^^^^^^^^^^^^
  File "C:\Users\hp\Downloads\pfa-anwar\cmf-platform\backend\venv\Lib\site-packages\sqlalchemy\ext\asyncio\session.py", line 448, in execute
    result = await greenlet_spawn(
             ^^^^^^^^^^^^^^^^^^^^^
  File "C:\Users\hp\Downloads\pfa-anwar\cmf-platform\backend\venv\Lib\site-packages\sqlalchemy\util\_concurrency_py3k.py", line 190, in greenlet_spawn
    result = context.switch(*args, **kwargs)
             ^^^^^^^^^^^^^^^^^^^^^^^^^^^^^^^
  File "C:\Users\hp\Downloads\pfa-anwar\cmf-platform\backend\venv\Lib\site-packages\sqlalchemy\orm\session.py", line 2373, in execute
    return self._execute_internal(
           ^^^^^^^^^^^^^^^^^^^^^^^
  File "C:\Users\hp\Downloads\pfa-anwar\cmf-platform\backend\venv\Lib\site-packages\sqlalchemy\orm\session.py", line 2271, in _execute_internal
    result: Result[Any] = compile_state_cls.orm_execute_statement(
                          ^^^^^^^^^^^^^^^^^^^^^^^^^^^^^^^^^^^^^^^^
  File "C:\Users\hp\Downloads\pfa-anwar\cmf-platform\backend\venv\Lib\site-packages\sqlalchemy\orm\context.py", line 306, in orm_execute_statement
    result = conn.execute(
             ^^^^^^^^^^^^^
  File "C:\Users\hp\Downloads\pfa-anwar\cmf-platform\backend\venv\Lib\site-packages\sqlalchemy\engine\base.py", line 1421, in execute
    return meth(
           ^^^^^
  File "C:\Users\hp\Downloads\pfa-anwar\cmf-platform\backend\venv\Lib\site-packages\sqlalchemy\sql\elements.py", line 526, in _execute_on_connection
    return connection._execute_clauseelement(
           ^^^^^^^^^^^^^^^^^^^^^^^^^^^^^^^^^^
  File "C:\Users\hp\Downloads\pfa-anwar\cmf-platform\backend\venv\Lib\site-packages\sqlalchemy\engine\base.py", line 1643, in _execute_clauseelement
    ret = self._execute_context(
          ^^^^^^^^^^^^^^^^^^^^^^
  File "C:\Users\hp\Downloads\pfa-anwar\cmf-platform\backend\venv\Lib\site-packages\sqlalchemy\engine\base.py", line 1823, in _execute_context
    self._handle_dbapi_exception(
  File "C:\Users\hp\Downloads\pfa-anwar\cmf-platform\backend\venv\Lib\site-packages\sqlalchemy\engine\base.py", line 2365, in _handle_dbapi_exception
    raise sqlalchemy_exception.with_traceback(exc_info[2]) from e
  File "C:\Users\hp\Downloads\pfa-anwar\cmf-platform\backend\venv\Lib\site-packages\sqlalchemy\engine\base.py", line 1817, in _execute_context
    context = constructor(
              ^^^^^^^^^^^^
  File "C:\Users\hp\Downloads\pfa-anwar\cmf-platform\backend\venv\Lib\site-packages\sqlalchemy\engine\default.py", line 1494, in _init_compiled
    l_param: List[Any] = [
                         ^
  File "C:\Users\hp\Downloads\pfa-anwar\cmf-platform\backend\venv\Lib\site-packages\sqlalchemy\engine\default.py", line 1496, in <listcomp>
    flattened_processors[key](compiled_params[key])
  File "C:\Users\hp\Downloads\pfa-anwar\cmf-platform\backend\venv\Lib\site-packages\sqlalchemy\sql\sqltypes.py", line 3734, in process
    value = value.hex
            ^^^^^^^^^
sqlalchemy.exc.StatementError: (builtins.AttributeError) 'str' object has no attribute 'hex'
[SQL: SELECT projects.id, projects.code, projects.name, projects.description, projects.status, projects.priority, projects.start_date, projects.end_date, projects.client_name, projects.budget, projects.currency, projects.notes, projects.buyer_id, projects.sqd_id, projects.capacity_manager_id, projects.created_at, projects.updated_at, projects.deleted_at 
FROM projects 
WHERE projects.id = ? AND projects.deleted_at IS NULL]
[parameters: [{}]]
2026-07-22 13:42:14,295 - app.main - INFO - POST /api/v1/parts
2026-07-22 13:42:14,383 - app.main - ERROR - Unhandled exception: (builtins.AttributeError) 'str' object has no attribute 'hex'
[SQL: SELECT projects.id, projects.code, projects.name, projects.description, projects.status, projects.priority, projects.start_date, projects.end_date, projects.client_name, projects.budget, projects.currency, projects.notes, projects.buyer_id, projects.sqd_id, projects.capacity_manager_id, projects.created_at, projects.updated_at, projects.deleted_at 
FROM projects 
WHERE projects.id = ? AND projects.deleted_at IS NULL]
[parameters: [{}]]
Traceback (most recent call last):
  File "C:\Users\hp\Downloads\pfa-anwar\cmf-platform\backend\venv\Lib\site-packages\sqlalchemy\engine\base.py", line 1817, in _execute_context
    context = constructor(
              ^^^^^^^^^^^^
  File "C:\Users\hp\Downloads\pfa-anwar\cmf-platform\backend\venv\Lib\site-packages\sqlalchemy\engine\default.py", line 1494, in _init_compiled
    l_param: List[Any] = [
                         ^
  File "C:\Users\hp\Downloads\pfa-anwar\cmf-platform\backend\venv\Lib\site-packages\sqlalchemy\engine\default.py", line 1496, in <listcomp>
    flattened_processors[key](compiled_params[key])
  File "C:\Users\hp\Downloads\pfa-anwar\cmf-platform\backend\venv\Lib\site-packages\sqlalchemy\sql\sqltypes.py", line 3734, in process
    value = value.hex
            ^^^^^^^^^
AttributeError: 'str' object has no attribute 'hex'

The above exception was the direct cause of the following exception:

Traceback (most recent call last):
  File "C:\Users\hp\Downloads\pfa-anwar\cmf-platform\backend\venv\Lib\site-packages\starlette\middleware\errors.py", line 165, in __call__
    await self.app(scope, receive, _send)
  File "C:\Users\hp\Downloads\pfa-anwar\cmf-platform\backend\venv\Lib\site-packages\starlette\middleware\base.py", line 185, in __call__
    with collapse_excgroups():
  File "C:\Users\hp\AppData\Local\Programs\Python\Python311\Lib\contextlib.py", line 155, in __exit__
    self.gen.throw(typ, value, traceback)
  File "C:\Users\hp\Downloads\pfa-anwar\cmf-platform\backend\venv\Lib\site-packages\starlette\_utils.py", line 83, in collapse_excgroups
    raise exc
  File "C:\Users\hp\Downloads\pfa-anwar\cmf-platform\backend\venv\Lib\site-packages\starlette\middleware\base.py", line 187, in __call__
    response = await self.dispatch_func(request, call_next)
               ^^^^^^^^^^^^^^^^^^^^^^^^^^^^^^^^^^^^^^^^^^^^
  File "C:\Users\hp\Downloads\pfa-anwar\cmf-platform\backend\app\main.py", line 134, in rate_limit_middleware
    response = await call_next(request)
               ^^^^^^^^^^^^^^^^^^^^^^^^
  File "C:\Users\hp\Downloads\pfa-anwar\cmf-platform\backend\venv\Lib\site-packages\starlette\middleware\base.py", line 163, in call_next
    raise app_exc
  File "C:\Users\hp\Downloads\pfa-anwar\cmf-platform\backend\venv\Lib\site-packages\starlette\middleware\base.py", line 149, in coro
    await self.app(scope, receive_or_disconnect, send_no_error)
  File "C:\Users\hp\Downloads\pfa-anwar\cmf-platform\backend\venv\Lib\site-packages\starlette\middleware\base.py", line 185, in __call__
    with collapse_excgroups():
  File "C:\Users\hp\AppData\Local\Programs\Python\Python311\Lib\contextlib.py", line 155, in __exit__
    self.gen.throw(typ, value, traceback)
  File "C:\Users\hp\Downloads\pfa-anwar\cmf-platform\backend\venv\Lib\site-packages\starlette\_utils.py", line 83, in collapse_excgroups
    raise exc
  File "C:\Users\hp\Downloads\pfa-anwar\cmf-platform\backend\venv\Lib\site-packages\starlette\middleware\base.py", line 187, in __call__
    response = await self.dispatch_func(request, call_next)
               ^^^^^^^^^^^^^^^^^^^^^^^^^^^^^^^^^^^^^^^^^^^^
  File "C:\Users\hp\Downloads\pfa-anwar\cmf-platform\backend\app\main.py", line 109, in logging_middleware
    response = await call_next(request)
               ^^^^^^^^^^^^^^^^^^^^^^^^
  File "C:\Users\hp\Downloads\pfa-anwar\cmf-platform\backend\venv\Lib\site-packages\starlette\middleware\base.py", line 163, in call_next
    raise app_exc
  File "C:\Users\hp\Downloads\pfa-anwar\cmf-platform\backend\venv\Lib\site-packages\starlette\middleware\base.py", line 149, in coro
    await self.app(scope, receive_or_disconnect, send_no_error)
  File "C:\Users\hp\Downloads\pfa-anwar\cmf-platform\backend\venv\Lib\site-packages\starlette\middleware\base.py", line 185, in __call__
    with collapse_excgroups():
  File "C:\Users\hp\AppData\Local\Programs\Python\Python311\Lib\contextlib.py", line 155, in __exit__
    self.gen.throw(typ, value, traceback)
  File "C:\Users\hp\Downloads\pfa-anwar\cmf-platform\backend\venv\Lib\site-packages\starlette\_utils.py", line 83, in collapse_excgroups
    raise exc
  File "C:\Users\hp\Downloads\pfa-anwar\cmf-platform\backend\venv\Lib\site-packages\starlette\middleware\base.py", line 187, in __call__
    response = await self.dispatch_func(request, call_next)
               ^^^^^^^^^^^^^^^^^^^^^^^^^^^^^^^^^^^^^^^^^^^^
  File "C:\Users\hp\Downloads\pfa-anwar\cmf-platform\backend\app\main.py", line 98, in request_id_middleware
    response = await call_next(request)
               ^^^^^^^^^^^^^^^^^^^^^^^^
  File "C:\Users\hp\Downloads\pfa-anwar\cmf-platform\backend\venv\Lib\site-packages\starlette\middleware\base.py", line 163, in call_next
    raise app_exc
  File "C:\Users\hp\Downloads\pfa-anwar\cmf-platform\backend\venv\Lib\site-packages\starlette\middleware\base.py", line 149, in coro
    await self.app(scope, receive_or_disconnect, send_no_error)
  File "C:\Users\hp\Downloads\pfa-anwar\cmf-platform\backend\venv\Lib\site-packages\starlette\middleware\cors.py", line 93, in __call__
    await self.simple_response(scope, receive, send, request_headers=headers)
  File "C:\Users\hp\Downloads\pfa-anwar\cmf-platform\backend\venv\Lib\site-packages\starlette\middleware\cors.py", line 144, in simple_response
    await self.app(scope, receive, send)
  File "C:\Users\hp\Downloads\pfa-anwar\cmf-platform\backend\venv\Lib\site-packages\starlette\middleware\base.py", line 185, in __call__
    with collapse_excgroups():
  File "C:\Users\hp\AppData\Local\Programs\Python\Python311\Lib\contextlib.py", line 155, in __exit__
    self.gen.throw(typ, value, traceback)
  File "C:\Users\hp\Downloads\pfa-anwar\cmf-platform\backend\venv\Lib\site-packages\starlette\_utils.py", line 83, in collapse_excgroups
    raise exc
  File "C:\Users\hp\Downloads\pfa-anwar\cmf-platform\backend\venv\Lib\site-packages\starlette\middleware\base.py", line 187, in __call__
    response = await self.dispatch_func(request, call_next)
               ^^^^^^^^^^^^^^^^^^^^^^^^^^^^^^^^^^^^^^^^^^^^
  File "C:\Users\hp\Downloads\pfa-anwar\cmf-platform\backend\app\main.py", line 71, in strip_trailing_slash_middleware
    return await call_next(request)
           ^^^^^^^^^^^^^^^^^^^^^^^^
  File "C:\Users\hp\Downloads\pfa-anwar\cmf-platform\backend\venv\Lib\site-packages\starlette\middleware\base.py", line 163, in call_next
    raise app_exc
  File "C:\Users\hp\Downloads\pfa-anwar\cmf-platform\backend\venv\Lib\site-packages\starlette\middleware\base.py", line 149, in coro
    await self.app(scope, receive_or_disconnect, send_no_error)
  File "C:\Users\hp\Downloads\pfa-anwar\cmf-platform\backend\venv\Lib\site-packages\starlette\middleware\exceptions.py", line 62, in __call__
    await wrap_app_handling_exceptions(self.app, conn)(scope, receive, send)
  File "C:\Users\hp\Downloads\pfa-anwar\cmf-platform\backend\venv\Lib\site-packages\starlette\_exception_handler.py", line 62, in wrapped_app
    raise exc
  File "C:\Users\hp\Downloads\pfa-anwar\cmf-platform\backend\venv\Lib\site-packages\starlette\_exception_handler.py", line 51, in wrapped_app
    await app(scope, receive, sender)
  File "C:\Users\hp\Downloads\pfa-anwar\cmf-platform\backend\venv\Lib\site-packages\starlette\routing.py", line 715, in __call__
    await self.middleware_stack(scope, receive, send)
  File "C:\Users\hp\Downloads\pfa-anwar\cmf-platform\backend\venv\Lib\site-packages\starlette\routing.py", line 735, in app
    await route.handle(scope, receive, send)
  File "C:\Users\hp\Downloads\pfa-anwar\cmf-platform\backend\venv\Lib\site-packages\starlette\routing.py", line 288, in handle
    await self.app(scope, receive, send)
  File "C:\Users\hp\Downloads\pfa-anwar\cmf-platform\backend\venv\Lib\site-packages\starlette\routing.py", line 76, in app
    await wrap_app_handling_exceptions(app, request)(scope, receive, send)
  File "C:\Users\hp\Downloads\pfa-anwar\cmf-platform\backend\venv\Lib\site-packages\starlette\_exception_handler.py", line 62, in wrapped_app
    raise exc
  File "C:\Users\hp\Downloads\pfa-anwar\cmf-platform\backend\venv\Lib\site-packages\starlette\_exception_handler.py", line 51, in wrapped_app
    await app(scope, receive, sender)
  File "C:\Users\hp\Downloads\pfa-anwar\cmf-platform\backend\venv\Lib\site-packages\starlette\routing.py", line 73, in app
    response = await f(request)
               ^^^^^^^^^^^^^^^^
  File "C:\Users\hp\AppData\Local\Programs\Python\Python311\Lib\contextlib.py", line 222, in __aexit__
    await self.gen.athrow(typ, value, traceback)
  File "C:\Users\hp\Downloads\pfa-anwar\cmf-platform\backend\app\api\deps.py", line 42, in get_db
    yield session
  File "C:\Users\hp\Downloads\pfa-anwar\cmf-platform\backend\venv\Lib\site-packages\fastapi\routing.py", line 301, in app
    raw_response = await run_endpoint_function(
                   ^^^^^^^^^^^^^^^^^^^^^^^^^^^^
  File "C:\Users\hp\Downloads\pfa-anwar\cmf-platform\backend\venv\Lib\site-packages\fastapi\routing.py", line 212, in run_endpoint_function
    return await dependant.call(**values)
           ^^^^^^^^^^^^^^^^^^^^^^^^^^^^^^
  File "C:\Users\hp\Downloads\pfa-anwar\cmf-platform\backend\app\api\v1\endpoints\parts.py", line 40, in create_part
    return await part_service.create_part(
           ^^^^^^^^^^^^^^^^^^^^^^^^^^^^^^^
  File "C:\Users\hp\Downloads\pfa-anwar\cmf-platform\backend\app\application\services\project_part_service.py", line 25, in create_part
    project = await self._uow.projects.get(project_id)
              ^^^^^^^^^^^^^^^^^^^^^^^^^^^^^^^^^^^^^^^^
  File "C:\Users\hp\Downloads\pfa-anwar\cmf-platform\backend\app\infrastructure\persistence\repositories\base.py", line 27, in get
    result = await self._session.execute(stmt)
             ^^^^^^^^^^^^^^^^^^^^^^^^^^^^^^^^^
  File "C:\Users\hp\Downloads\pfa-anwar\cmf-platform\backend\venv\Lib\site-packages\sqlalchemy\ext\asyncio\session.py", line 448, in execute
    result = await greenlet_spawn(
             ^^^^^^^^^^^^^^^^^^^^^
  File "C:\Users\hp\Downloads\pfa-anwar\cmf-platform\backend\venv\Lib\site-packages\sqlalchemy\util\_concurrency_py3k.py", line 190, in greenlet_spawn
    result = context.switch(*args, **kwargs)
             ^^^^^^^^^^^^^^^^^^^^^^^^^^^^^^^
  File "C:\Users\hp\Downloads\pfa-anwar\cmf-platform\backend\venv\Lib\site-packages\sqlalchemy\orm\session.py", line 2373, in execute
    return self._execute_internal(
           ^^^^^^^^^^^^^^^^^^^^^^^
  File "C:\Users\hp\Downloads\pfa-anwar\cmf-platform\backend\venv\Lib\site-packages\sqlalchemy\orm\session.py", line 2271, in _execute_internal
    result: Result[Any] = compile_state_cls.orm_execute_statement(
                          ^^^^^^^^^^^^^^^^^^^^^^^^^^^^^^^^^^^^^^^^
  File "C:\Users\hp\Downloads\pfa-anwar\cmf-platform\backend\venv\Lib\site-packages\sqlalchemy\orm\context.py", line 306, in orm_execute_statement
    result = conn.execute(
             ^^^^^^^^^^^^^
  File "C:\Users\hp\Downloads\pfa-anwar\cmf-platform\backend\venv\Lib\site-packages\sqlalchemy\engine\base.py", line 1421, in execute
    return meth(
           ^^^^^
  File "C:\Users\hp\Downloads\pfa-anwar\cmf-platform\backend\venv\Lib\site-packages\sqlalchemy\sql\elements.py", line 526, in _execute_on_connection
    return connection._execute_clauseelement(
           ^^^^^^^^^^^^^^^^^^^^^^^^^^^^^^^^^^
  File "C:\Users\hp\Downloads\pfa-anwar\cmf-platform\backend\venv\Lib\site-packages\sqlalchemy\engine\base.py", line 1643, in _execute_clauseelement
    ret = self._execute_context(
          ^^^^^^^^^^^^^^^^^^^^^^
  File "C:\Users\hp\Downloads\pfa-anwar\cmf-platform\backend\venv\Lib\site-packages\sqlalchemy\engine\base.py", line 1823, in _execute_context
    self._handle_dbapi_exception(
  File "C:\Users\hp\Downloads\pfa-anwar\cmf-platform\backend\venv\Lib\site-packages\sqlalchemy\engine\base.py", line 2365, in _handle_dbapi_exception
    raise sqlalchemy_exception.with_traceback(exc_info[2]) from e
  File "C:\Users\hp\Downloads\pfa-anwar\cmf-platform\backend\venv\Lib\site-packages\sqlalchemy\engine\base.py", line 1817, in _execute_context
    context = constructor(
              ^^^^^^^^^^^^
  File "C:\Users\hp\Downloads\pfa-anwar\cmf-platform\backend\venv\Lib\site-packages\sqlalchemy\engine\default.py", line 1494, in _init_compiled
    l_param: List[Any] = [
                         ^
  File "C:\Users\hp\Downloads\pfa-anwar\cmf-platform\backend\venv\Lib\site-packages\sqlalchemy\engine\default.py", line 1496, in <listcomp>
    flattened_processors[key](compiled_params[key])
  File "C:\Users\hp\Downloads\pfa-anwar\cmf-platform\backend\venv\Lib\site-packages\sqlalchemy\sql\sqltypes.py", line 3734, in process
    value = value.hex
            ^^^^^^^^^
sqlalchemy.exc.StatementError: (builtins.AttributeError) 'str' object has no attribute 'hex'
[SQL: SELECT projects.id, projects.code, projects.name, projects.description, projects.status, projects.priority, projects.start_date, projects.end_date, projects.client_name, projects.budget, projects.currency, projects.notes, projects.buyer_id, projects.sqd_id, projects.capacity_manager_id, projects.created_at, projects.updated_at, projects.deleted_at 
FROM projects 
WHERE projects.id = ? AND projects.deleted_at IS NULL]
[parameters: [{}]]
2026-07-22 13:44:14,345 - app.main - INFO - Shutting down CMF Platform API
2026-07-22 13:44:20,108 - app.main - INFO - Starting CMF Platform API
2026-07-22 13:44:20,133 - app.main - INFO - Database tables created (SQLite)
2026-07-22 13:44:38,358 - app.main - INFO - Shutting down CMF Platform API
2026-07-22 13:44:45,076 - app.main - INFO - Starting CMF Platform API
2026-07-22 13:44:45,094 - app.main - INFO - Database tables created (SQLite)
2026-07-22 13:44:45,212 - app.main - INFO - Shutting down CMF Platform API
2026-07-22 13:44:52,215 - app.main - INFO - Starting CMF Platform API
2026-07-22 13:44:52,230 - app.main - INFO - Database tables created (SQLite)
2026-07-22 13:45:19,563 - app.main - INFO - GET /api/v1/auth/me
2026-07-22 13:45:19,875 - app.main - INFO - GET /api/v1/auth/me -> 200
2026-07-22 13:45:19,894 - app.main - INFO - GET /api/v1/auth/me
2026-07-22 13:45:19,973 - app.main - INFO - GET /api/v1/auth/me -> 200
2026-07-22 13:45:20,141 - app.main - INFO - GET /api/v1/projects
2026-07-22 13:45:20,146 - app.main - INFO - GET /api/v1/suppliers
2026-07-22 13:45:20,410 - app.main - INFO - GET /api/v1/suppliers -> 200
2026-07-22 13:45:20,439 - app.main - INFO - GET /api/v1/projects -> 200
2026-07-22 13:50:13,255 - app.main - INFO - POST /api/v1/parts
2026-07-22 13:50:13,502 - app.main - INFO - POST /api/v1/parts -> 200
2026-07-22 13:50:13,840 - app.main - INFO - GET /api/v1/parts
2026-07-22 13:50:13,976 - app.main - INFO - GET /api/v1/parts -> 200
2026-07-22 13:50:16,129 - app.main - INFO - GET /api/v1/risks
2026-07-22 13:50:16,181 - app.main - INFO - GET /api/v1/risks -> 200
2026-07-22 13:50:20,947 - app.main - INFO - GET /api/v1/documents
2026-07-22 13:50:21,098 - app.main - INFO - GET /api/v1/documents -> 200
2026-07-22 13:51:25,605 - app.main - INFO - Shutting down CMF Platform API
2026-07-22 13:51:32,015 - app.main - INFO - Starting CMF Platform API
2026-07-22 13:51:32,037 - app.main - INFO - Database tables created (SQLite)
2026-07-22 13:51:32,139 - app.main - INFO - Shutting down CMF Platform API
2026-07-22 13:51:40,111 - app.main - INFO - Starting CMF Platform API
2026-07-22 13:51:40,148 - app.main - INFO - Database tables created (SQLite)
2026-07-22 13:51:40,274 - app.main - INFO - Shutting down CMF Platform API
2026-07-22 13:51:47,631 - app.main - INFO - Starting CMF Platform API
2026-07-22 13:51:47,660 - app.main - INFO - Database tables created (SQLite)
2026-07-22 13:51:47,776 - app.main - INFO - Shutting down CMF Platform API
2026-07-22 13:51:54,544 - app.main - INFO - Starting CMF Platform API
2026-07-22 13:51:54,569 - app.main - INFO - Database tables created (SQLite)
2026-07-22 13:51:55,778 - app.main - INFO - Shutting down CMF Platform API
2026-07-22 13:52:07,244 - app.main - INFO - Starting CMF Platform API
2026-07-22 13:52:07,281 - app.main - INFO - Database tables created (SQLite)
2026-07-22 13:52:08,792 - app.main - INFO - Shutting down CMF Platform API
2026-07-22 13:52:16,696 - app.main - INFO - Starting CMF Platform API
2026-07-22 13:52:16,712 - app.main - INFO - Database tables created (SQLite)
2026-07-22 13:52:16,941 - app.main - INFO - Shutting down CMF Platform API
2026-07-22 13:52:24,800 - app.main - INFO - Starting CMF Platform API
2026-07-22 13:52:24,826 - app.main - INFO - Database tables created (SQLite)
2026-07-22 13:52:27,231 - app.main - INFO - Shutting down CMF Platform API
2026-07-22 13:52:38,932 - app.main - INFO - Starting CMF Platform API
2026-07-22 13:52:38,953 - app.main - INFO - Database tables created (SQLite)
2026-07-22 13:52:38,975 - app.main - INFO - GET /api/v1/notifications
2026-07-22 13:52:39,364 - app.main - INFO - GET /api/v1/notifications -> 200
2026-07-22 13:53:32,262 - app.main - INFO - GET /api/v1/auth/me
2026-07-22 13:53:32,369 - app.main - INFO - GET /api/v1/auth/me -> 200
2026-07-22 13:53:32,392 - app.main - INFO - GET /api/v1/auth/me
2026-07-22 13:53:32,493 - app.main - INFO - GET /api/v1/auth/me -> 200
2026-07-22 13:53:32,570 - app.main - INFO - GET /api/v1/notifications
2026-07-22 13:53:32,652 - app.main - INFO - GET /api/v1/notifications -> 200
2026-07-22 13:55:25,733 - app.main - INFO - GET /api/v1/documents
2026-07-22 13:55:25,792 - app.main - INFO - GET /api/v1/documents -> 200
2026-07-22 13:55:34,616 - app.main - INFO - GET /api/v1/import/template/projects
2026-07-22 13:55:34,630 - app.main - WARNING - UnauthorizedException: Not authenticated
2026-07-22 13:55:34,642 - app.main - INFO - GET /api/v1/import/template/projects -> 401
2026-07-22 13:55:45,931 - app.main - INFO - POST /api/v1/documents/upload
2026-07-22 13:55:46,026 - app.main - INFO - POST /api/v1/documents/upload -> 200
2026-07-22 13:55:46,051 - app.main - INFO - GET /api/v1/documents
2026-07-22 13:55:46,112 - app.main - INFO - GET /api/v1/documents -> 200
2026-07-22 13:55:55,275 - app.main - INFO - GET /api/v1/import/history
2026-07-22 13:55:55,383 - app.main - INFO - GET /api/v1/import/history -> 200
2026-07-22 13:55:55,420 - app.main - INFO - GET /api/v1/import/history
2026-07-22 13:55:55,507 - app.main - INFO - GET /api/v1/import/history -> 200
2026-07-22 13:56:36,419 - app.main - INFO - POST /api/v1/import/preview
2026-07-22 13:56:36,427 - app.main - INFO - POST /api/v1/import/preview -> 400
2026-07-22 13:56:39,280 - app.main - INFO - GET /api/v1/import/history
2026-07-22 13:56:39,358 - app.main - INFO - GET /api/v1/import/history -> 200
2026-07-22 13:56:39,392 - app.main - INFO - GET /api/v1/import/history
2026-07-22 13:56:39,479 - app.main - INFO - GET /api/v1/import/history -> 200
2026-07-22 13:56:43,482 - app.main - INFO - GET /api/v1/auth/me
2026-07-22 13:56:43,548 - app.main - INFO - GET /api/v1/auth/me -> 200
2026-07-22 13:56:43,565 - app.main - INFO - GET /api/v1/auth/me
2026-07-22 13:56:43,637 - app.main - INFO - GET /api/v1/auth/me -> 200
2026-07-22 13:56:43,669 - app.main - INFO - GET /api/v1/dashboard/stats
2026-07-22 13:56:43,972 - app.main - INFO - GET /api/v1/dashboard/stats -> 200
2026-07-22 13:56:50,966 - app.main - INFO - GET /api/v1/documents
2026-07-22 13:56:51,042 - app.main - INFO - GET /api/v1/documents -> 200
2026-07-22 13:56:59,286 - app.main - INFO - GET /api/v1/import/template/projects
2026-07-22 13:56:59,295 - app.main - WARNING - UnauthorizedException: Not authenticated
2026-07-22 13:56:59,304 - app.main - INFO - GET /api/v1/import/template/projects -> 401
2026-07-22 14:03:32,965 - app.main - INFO - GET /api/v1/documents
2026-07-22 14:03:33,040 - app.main - INFO - GET /api/v1/documents -> 200
2026-07-22 14:06:45,377 - app.main - INFO - GET /api/v1/auth/me
2026-07-22 14:06:45,442 - app.main - INFO - GET /api/v1/auth/me -> 200
2026-07-22 14:06:45,457 - app.main - INFO - GET /api/v1/auth/me
2026-07-22 14:06:45,524 - app.main - INFO - GET /api/v1/auth/me -> 200
2026-07-22 14:06:45,594 - app.main - INFO - GET /api/v1/documents
2026-07-22 14:06:45,657 - app.main - INFO - GET /api/v1/documents -> 200
2026-07-22 14:06:57,244 - app.main - INFO - POST /api/v1/documents/upload
2026-07-22 14:06:57,317 - app.main - INFO - POST /api/v1/documents/upload -> 200
2026-07-22 14:06:57,334 - app.main - INFO - GET /api/v1/documents
2026-07-22 14:06:57,393 - app.main - INFO - GET /api/v1/documents -> 200
2026-07-22 14:07:34,816 - app.main - INFO - GET /api/v1/import/history
2026-07-22 14:07:34,911 - app.main - INFO - GET /api/v1/import/history -> 200
2026-07-22 14:07:34,939 - app.main - INFO - GET /api/v1/import/history
2026-07-22 14:07:35,027 - app.main - INFO - GET /api/v1/import/history -> 200
2026-07-22 14:09:26,006 - app.main - INFO - GET /api/v1/dashboard/stats
2026-07-22 14:09:26,176 - app.main - INFO - GET /api/v1/dashboard/stats -> 200
2026-07-22 14:09:30,995 - app.main - INFO - GET /api/v1/projects
2026-07-22 14:09:31,383 - app.main - INFO - GET /api/v1/projects -> 200
2026-07-22 14:09:44,608 - app.main - INFO - GET /api/v1/parts
2026-07-22 14:09:44,765 - app.main - INFO - GET /api/v1/parts -> 200
2026-07-22 14:10:24,571 - app.main - INFO - Shutting down CMF Platform API
2026-07-23 10:39:15,314 - app.main - INFO - Starting CMF Platform API
2026-07-23 10:39:15,333 - app.main - INFO - Database tables created (SQLite)
2026-07-23 10:39:43,475 - app.main - INFO - GET /api/v1/auth/me
2026-07-23 10:39:43,546 - app.main - WARNING - UnauthorizedException: Invalid or expired token
2026-07-23 10:39:43,553 - app.main - INFO - GET /api/v1/auth/me -> 401
2026-07-23 10:39:43,606 - app.main - INFO - GET /api/v1/auth/me
2026-07-23 10:39:43,619 - app.main - WARNING - UnauthorizedException: Invalid or expired token
2026-07-23 10:39:43,628 - app.main - INFO - POST /api/v1/auth/refresh
2026-07-23 10:39:43,635 - app.main - INFO - GET /api/v1/auth/me -> 401
2026-07-23 10:39:44,271 - app.main - INFO - POST /api/v1/auth/refresh -> 200
2026-07-23 10:39:44,318 - app.main - INFO - GET /api/v1/auth/me
2026-07-23 10:39:44,468 - app.main - INFO - GET /api/v1/auth/me -> 200
2026-07-23 10:39:44,505 - app.main - INFO - GET /api/v1/auth/me
2026-07-23 10:39:44,644 - app.main - INFO - GET /api/v1/auth/me -> 200
2026-07-23 10:39:45,245 - app.main - INFO - GET /api/v1/dashboard/stats
2026-07-23 10:39:45,719 - app.main - INFO - GET /api/v1/dashboard/stats -> 200
2026-07-23 10:39:52,432 - app.main - INFO - GET /api/v1/projects
2026-07-23 10:39:52,774 - app.main - INFO - GET /api/v1/projects -> 200
2026-07-23 10:40:35,729 - app.main - INFO - POST /api/v1/projects
2026-07-23 10:40:36,028 - app.main - INFO - POST /api/v1/projects -> 200
2026-07-23 10:40:36,386 - app.main - INFO - GET /api/v1/projects/4ce4b1bb-4370-4cf2-8e8a-ba1079c1d24f
2026-07-23 10:40:36,550 - app.main - INFO - GET /api/v1/projects/4ce4b1bb-4370-4cf2-8e8a-ba1079c1d24f -> 200
2026-07-23 10:40:44,540 - app.main - INFO - GET /api/v1/parts
2026-07-23 10:40:44,621 - app.main - INFO - GET /api/v1/parts -> 200
2026-07-23 10:40:56,040 - app.main - INFO - GET /api/v1/projects
2026-07-23 10:40:56,059 - app.main - INFO - GET /api/v1/suppliers
2026-07-23 10:40:56,312 - app.main - INFO - GET /api/v1/suppliers -> 200
2026-07-23 10:40:56,450 - app.main - INFO - GET /api/v1/projects -> 200
2026-07-23 10:41:21,679 - app.main - INFO - POST /api/v1/parts
2026-07-23 10:41:21,977 - app.main - INFO - POST /api/v1/parts -> 200
2026-07-23 10:41:22,416 - app.main - INFO - GET /api/v1/parts
2026-07-23 10:41:22,525 - app.main - INFO - GET /api/v1/parts -> 200
2026-07-23 10:41:27,246 - app.main - INFO - GET /api/v1/suppliers
2026-07-23 10:41:27,367 - app.main - INFO - GET /api/v1/suppliers -> 200
2026-07-23 10:41:42,518 - app.main - INFO - GET /api/v1/projects
2026-07-23 10:41:42,898 - app.main - INFO - GET /api/v1/projects -> 200
2026-07-23 10:41:44,976 - app.main - INFO - GET /api/v1/capacity
2026-07-23 10:41:45,056 - app.main - INFO - GET /api/v1/capacity -> 200
2026-07-23 10:42:00,666 - app.main - INFO - GET /api/v1/risks
2026-07-23 10:42:00,827 - app.main - INFO - GET /api/v1/risks -> 200
2026-07-23 10:42:01,977 - app.main - INFO - GET /api/v1/documents
2026-07-23 10:42:02,230 - app.main - INFO - GET /api/v1/documents -> 200
2026-07-23 10:43:16,260 - app.main - INFO - GET /api/v1/import/template/projects
2026-07-23 10:43:16,566 - app.main - INFO - GET /api/v1/import/template/projects -> 200
2026-07-23 10:46:01,081 - app.main - INFO - POST /api/v1/import/preview
2026-07-23 10:46:01,200 - app.main - INFO - POST /api/v1/import/preview -> 200
2026-07-23 10:46:34,194 - app.main - INFO - GET /api/v1/risks
2026-07-23 10:46:34,306 - app.main - INFO - GET /api/v1/risks -> 200
2026-07-23 10:46:37,326 - app.main - INFO - GET /api/v1/documents
2026-07-23 10:46:37,517 - app.main - INFO - GET /api/v1/documents -> 200
2026-07-23 10:46:53,594 - app.main - INFO - POST /api/v1/import/preview
2026-07-23 10:46:53,844 - app.main - INFO - POST /api/v1/import/preview -> 200
2026-07-23 10:48:22,295 - app.main - INFO - POST /api/v1/import/execute
2026-07-23 10:48:22,586 - app.main - INFO - POST /api/v1/import/execute -> 400
2026-07-23 10:48:25,622 - app.main - INFO - POST /api/v1/import/execute
2026-07-23 10:48:25,991 - app.main - INFO - POST /api/v1/import/execute -> 400
2026-07-23 10:55:21,478 - app.main - INFO - GET /api/v1/auth/me
2026-07-23 10:55:21,596 - app.main - INFO - GET /api/v1/auth/me -> 200
2026-07-23 10:55:21,629 - app.main - INFO - GET /api/v1/auth/me
2026-07-23 10:55:21,756 - app.main - INFO - GET /api/v1/auth/me -> 200
2026-07-23 10:55:21,887 - app.main - INFO - GET /api/v1/documents
2026-07-23 10:55:21,968 - app.main - INFO - GET /api/v1/documents -> 200
2026-07-23 10:57:30,182 - app.main - INFO - GET /api/v1/auth/me
2026-07-23 10:57:30,262 - app.main - INFO - GET /api/v1/auth/me -> 200
2026-07-23 10:57:30,280 - app.main - INFO - GET /api/v1/auth/me
2026-07-23 10:57:30,348 - app.main - INFO - GET /api/v1/auth/me -> 200
2026-07-23 10:57:30,406 - app.main - INFO - GET /api/v1/documents
2026-07-23 10:57:30,483 - app.main - INFO - GET /api/v1/documents -> 200
2026-07-23 10:57:37,463 - app.main - INFO - POST /api/v1/import/preview
2026-07-23 10:57:37,695 - app.main - INFO - POST /api/v1/import/preview -> 200
2026-07-23 10:57:49,309 - app.main - INFO - POST /api/v1/import/execute
2026-07-23 10:57:49,742 - app.main - INFO - POST /api/v1/import/execute -> 200
2026-07-23 10:58:05,524 - app.main - INFO - GET /api/v1/projects
2026-07-23 10:58:05,830 - app.main - INFO - GET /api/v1/projects -> 200
2026-07-23 10:58:10,612 - app.main - INFO - GET /api/v1/documents
2026-07-23 10:58:10,762 - app.main - INFO - GET /api/v1/documents -> 200
2026-07-23 10:58:18,871 - app.main - INFO - POST /api/v1/import/preview
2026-07-23 10:58:19,089 - app.main - INFO - POST /api/v1/import/preview -> 200
2026-07-23 10:59:49,396 - app.main - INFO - POST /api/v1/import/execute
2026-07-23 10:59:49,719 - app.main - INFO - POST /api/v1/import/execute -> 400
2026-07-23 10:59:52,863 - app.main - INFO - POST /api/v1/import/execute
2026-07-23 10:59:53,141 - app.main - INFO - POST /api/v1/import/execute -> 400
2026-07-23 11:00:40,557 - app.main - INFO - POST /api/v1/import/preview
2026-07-23 11:00:40,763 - app.main - INFO - POST /api/v1/import/preview -> 200
2026-07-23 11:02:27,437 - app.main - INFO - POST /api/v1/import/preview
2026-07-23 11:02:27,691 - app.main - INFO - POST /api/v1/import/preview -> 200
2026-07-23 11:02:36,601 - app.main - INFO - POST /api/v1/import/execute
2026-07-23 11:02:37,015 - app.main - INFO - POST /api/v1/import/execute -> 400
2026-07-23 11:02:42,148 - app.main - INFO - POST /api/v1/auth/logout
2026-07-23 11:02:42,331 - app.main - INFO - POST /api/v1/auth/logout -> 200
2026-07-23 11:02:46,375 - app.main - INFO - Shutting down CMF Platform API
2026-07-23 11:02:53,703 - app.main - INFO - Starting CMF Platform API
2026-07-23 11:02:53,721 - app.main - INFO - Database tables created (SQLite)
2026-07-23 11:03:16,832 - app.main - INFO - POST /api/v1/auth/login
2026-07-23 11:03:19,081 - app.main - INFO - POST /api/v1/auth/login -> 200
2026-07-23 11:03:19,119 - app.main - INFO - GET /api/v1/auth/me
2026-07-23 11:03:19,249 - app.main - INFO - GET /api/v1/auth/me -> 200
2026-07-23 11:03:19,430 - app.main - INFO - GET /api/v1/dashboard/stats
2026-07-23 11:03:19,977 - app.main - INFO - GET /api/v1/dashboard/stats -> 200
2026-07-23 11:03:23,011 - app.main - INFO - GET /api/v1/documents
2026-07-23 11:03:23,198 - app.main - INFO - GET /api/v1/documents -> 200
2026-07-23 11:03:30,525 - app.main - INFO - POST /api/v1/import/preview
2026-07-23 11:03:30,829 - app.main - INFO - POST /api/v1/import/preview -> 200
2026-07-23 11:03:40,651 - app.main - INFO - POST /api/v1/import/execute
2026-07-23 11:03:40,921 - app.main - INFO - POST /api/v1/import/execute -> 400
2026-07-23 11:06:51,000 - app.main - INFO - Shutting down CMF Platform API
2026-07-23 11:06:58,623 - app.main - INFO - Starting CMF Platform API
2026-07-23 11:06:58,638 - app.main - INFO - Database tables created (SQLite)
2026-07-23 11:13:07,715 - app.main - INFO - Shutting down CMF Platform API
2026-07-23 11:13:16,442 - app.main - INFO - Starting CMF Platform API
2026-07-23 11:13:16,456 - app.main - INFO - Database tables created (SQLite)
2026-07-23 11:16:25,435 - app.main - INFO - GET /api/v1/auth/me
2026-07-23 11:16:26,272 - app.main - INFO - GET /api/v1/auth/me -> 200
2026-07-23 11:16:26,315 - app.main - INFO - GET /api/v1/auth/me
2026-07-23 11:16:26,483 - app.main - INFO - GET /api/v1/auth/me -> 200
2026-07-23 11:16:26,780 - app.main - INFO - GET /api/v1/documents
2026-07-23 11:16:27,109 - app.main - INFO - GET /api/v1/documents -> 200
2026-07-23 11:16:34,988 - app.main - INFO - GET /api/v1/auth/me
2026-07-23 11:16:35,088 - app.main - INFO - GET /api/v1/auth/me -> 200
2026-07-23 11:16:35,107 - app.main - INFO - GET /api/v1/auth/me
2026-07-23 11:16:35,191 - app.main - INFO - GET /api/v1/auth/me -> 200
2026-07-23 11:16:35,425 - app.main - INFO - GET /api/v1/documents
2026-07-23 11:16:35,610 - app.main - INFO - GET /api/v1/documents -> 200
2026-07-23 11:16:43,901 - app.main - INFO - POST /api/v1/import/preview
2026-07-23 11:16:44,062 - app.main - INFO - POST /api/v1/import/preview -> 200
2026-07-23 11:16:56,805 - app.main - INFO - POST /api/v1/import/execute
2026-07-23 11:16:57,182 - root - ERROR - Exception during execute_import: This Session's transaction has been rolled back due to a previous exception during flush. To begin a new transaction with this Session, first issue Session.rollback(). Original exception was: (builtins.TypeError) SQLite DateTime type only accepts Python datetime and date objects as input.
[SQL: INSERT INTO projects (id, code, name, description, status, priority, start_date, end_date, client_name, budget, currency, notes, buyer_id, sqd_id, capacity_manager_id, deleted_at) VALUES (?, ?, ?, ?, ?, ?, ?, ?, ?, ?, ?, ?, ?, ?, ?, ?) RETURNING created_at, updated_at]
[parameters: [{'end_date': '2026-05-08', 'name': 'EV Project 1', 'start_date': '2026-01-08', 'code': 'CMF-1001', 'description': 'Automotive capacity project 1', 'bu ... (4 characters truncated) ... ': 105000.0, 'status': 'draft', 'capacity_manager_id': None, 'client_name': None, 'deleted_at': None, 'sqd_id': None, 'buyer_id': None, 'notes': None}]] (Background on this error at: https://sqlalche.me/e/20/7s2a)
Traceback (most recent call last):
  File "C:\Users\hp\Downloads\pfa-anwar\cmf-platform\backend\app\api\v1\endpoints\import_endpoints.py", line 136, in execute_import
    result = await service.execute_import(
             ^^^^^^^^^^^^^^^^^^^^^^^^^^^^^
  File "C:\Users\hp\Downloads\pfa-anwar\cmf-platform\backend\app\application\services\import_engine_service.py", line 353, in execute_import
    await uow.activity_logs.create(
  File "C:\Users\hp\Downloads\pfa-anwar\cmf-platform\backend\app\infrastructure\persistence\repositories\base.py", line 55, in create
    await self._session.flush()
  File "C:\Users\hp\Downloads\pfa-anwar\cmf-platform\backend\venv\Lib\site-packages\sqlalchemy\ext\asyncio\session.py", line 786, in flush
    await greenlet_spawn(self.sync_session.flush, objects=objects)
  File "C:\Users\hp\Downloads\pfa-anwar\cmf-platform\backend\venv\Lib\site-packages\sqlalchemy\util\_concurrency_py3k.py", line 190, in greenlet_spawn
    result = context.switch(*args, **kwargs)
             ^^^^^^^^^^^^^^^^^^^^^^^^^^^^^^^
  File "C:\Users\hp\Downloads\pfa-anwar\cmf-platform\backend\venv\Lib\site-packages\sqlalchemy\orm\session.py", line 4353, in flush
    self._flush(objects)
  File "C:\Users\hp\Downloads\pfa-anwar\cmf-platform\backend\venv\Lib\site-packages\sqlalchemy\orm\session.py", line 4445, in _flush
    flush_context.transaction = transaction = self._autobegin_t()._begin()
                                              ^^^^^^^^^^^^^^^^^^^^^^^^^^^^
  File "<string>", line 2, in _begin
  File "C:\Users\hp\Downloads\pfa-anwar\cmf-platform\backend\venv\Lib\site-packages\sqlalchemy\orm\state_changes.py", line 101, in _go
    self._raise_for_prerequisite_state(fn.__name__, current_state)
  File "C:\Users\hp\Downloads\pfa-anwar\cmf-platform\backend\venv\Lib\site-packages\sqlalchemy\orm\session.py", line 975, in _raise_for_prerequisite_state
    raise sa_exc.PendingRollbackError(
sqlalchemy.exc.PendingRollbackError: This Session's transaction has been rolled back due to a previous exception during flush. To begin a new transaction with this Session, first issue Session.rollback(). Original exception was: (builtins.TypeError) SQLite DateTime type only accepts Python datetime and date objects as input.
[SQL: INSERT INTO projects (id, code, name, description, status, priority, start_date, end_date, client_name, budget, currency, notes, buyer_id, sqd_id, capacity_manager_id, deleted_at) VALUES (?, ?, ?, ?, ?, ?, ?, ?, ?, ?, ?, ?, ?, ?, ?, ?) RETURNING created_at, updated_at]
[parameters: [{'end_date': '2026-05-08', 'name': 'EV Project 1', 'start_date': '2026-01-08', 'code': 'CMF-1001', 'description': 'Automotive capacity project 1', 'bu ... (4 characters truncated) ... ': 105000.0, 'status': 'draft', 'capacity_manager_id': None, 'client_name': None, 'deleted_at': None, 'sqd_id': None, 'buyer_id': None, 'notes': None}]] (Background on this error at: https://sqlalche.me/e/20/7s2a)
2026-07-23 11:16:57,224 - app.main - INFO - POST /api/v1/import/execute -> 400
2026-07-23 11:17:45,670 - app.main - INFO - Shutting down CMF Platform API
2026-07-23 11:17:53,709 - app.main - INFO - Starting CMF Platform API
2026-07-23 11:17:53,722 - app.main - INFO - Database tables created (SQLite)
2026-07-23 11:20:31,727 - app.main - INFO - POST /api/v1/import/execute
2026-07-23 11:20:34,267 - app.main - INFO - POST /api/v1/import/execute -> 200
2026-07-23 11:20:47,337 - app.main - INFO - GET /api/v1/projects
2026-07-23 11:20:47,686 - app.main - INFO - GET /api/v1/projects -> 200
2026-07-23 11:21:00,051 - app.main - INFO - GET /api/v1/projects/1dd477ee-5e80-413a-99bd-6759e0615a10
2026-07-23 11:21:00,137 - app.main - INFO - GET /api/v1/projects/1dd477ee-5e80-413a-99bd-6759e0615a10 -> 200
2026-07-23 11:21:03,132 - app.main - INFO - GET /api/v1/parts
2026-07-23 11:21:03,389 - app.main - INFO - GET /api/v1/parts -> 200
2026-07-23 11:21:18,358 - app.main - INFO - GET /api/v1/projects
2026-07-23 11:21:18,654 - app.main - INFO - GET /api/v1/projects -> 200
2026-07-23 11:21:24,007 - app.main - INFO - GET /api/v1/projects/b5b45978-4fa5-49bb-9375-9a0bc94fc645
2026-07-23 11:21:24,065 - app.main - INFO - GET /api/v1/projects/b5b45978-4fa5-49bb-9375-9a0bc94fc645 -> 200
2026-07-23 11:22:34,525 - app.main - INFO - GET /api/v1/projects
2026-07-23 11:22:34,891 - app.main - INFO - GET /api/v1/projects -> 200
2026-07-23 11:22:49,598 - app.main - INFO - GET /api/v1/projects/b10810f3-500c-42e8-9ac9-c10bbfc8a073
2026-07-23 11:22:49,766 - app.main - INFO - GET /api/v1/projects/b10810f3-500c-42e8-9ac9-c10bbfc8a073 -> 200
2026-07-23 11:23:02,958 - app.main - INFO - GET /api/v1/documents
2026-07-23 11:23:03,130 - app.main - INFO - GET /api/v1/documents -> 200
2026-07-23 11:23:10,365 - app.main - INFO - GET /api/v1/import/template/suppliers
2026-07-23 11:23:10,655 - app.main - INFO - GET /api/v1/import/template/suppliers -> 200
2026-07-23 11:23:24,788 - app.main - INFO - GET /api/v1/import/template/parts
2026-07-23 11:23:24,994 - app.main - INFO - GET /api/v1/import/template/parts -> 200
2026-07-23 11:23:55,731 - app.main - INFO - GET /api/v1/parts
2026-07-23 11:23:55,903 - app.main - INFO - GET /api/v1/parts -> 200
2026-07-23 11:25:20,043 - app.main - INFO - GET /api/v1/documents
2026-07-23 11:25:20,205 - app.main - INFO - GET /api/v1/documents -> 200
2026-07-23 11:25:31,942 - app.main - INFO - POST /api/v1/import/preview
2026-07-23 11:25:32,490 - app.main - INFO - POST /api/v1/import/preview -> 200
2026-07-23 11:26:50,225 - app.main - INFO - POST /api/v1/import/preview
2026-07-23 11:26:50,491 - app.main - INFO - POST /api/v1/import/preview -> 200
2026-07-23 11:27:04,111 - app.main - INFO - POST /api/v1/import/execute
2026-07-23 11:27:10,682 - app.main - INFO - POST /api/v1/import/execute -> 200
2026-07-23 11:27:16,816 - app.main - INFO - GET /api/v1/parts
2026-07-23 11:27:16,921 - app.main - INFO - GET /api/v1/parts -> 200
2026-07-23 11:27:21,967 - app.main - INFO - GET /api/v1/projects
2026-07-23 11:27:22,225 - app.main - INFO - GET /api/v1/projects -> 200
2026-07-23 11:27:26,515 - app.main - INFO - GET /api/v1/projects/1dd477ee-5e80-413a-99bd-6759e0615a10
2026-07-23 11:27:26,649 - app.main - INFO - GET /api/v1/projects/1dd477ee-5e80-413a-99bd-6759e0615a10 -> 200
2026-07-23 11:27:44,246 - app.main - INFO - GET /api/v1/parts/d3109c03-39bf-4d7c-b73f-af0250ef8193
2026-07-23 11:27:44,405 - app.main - INFO - GET /api/v1/parts/d3109c03-39bf-4d7c-b73f-af0250ef8193 -> 200
2026-07-23 11:27:55,338 - app.main - INFO - GET /api/v1/parts
2026-07-23 11:27:55,552 - app.main - INFO - GET /api/v1/parts -> 200
2026-07-23 11:28:00,581 - app.main - INFO - GET /api/v1/parts/aa1301be-2797-4c50-8819-298fe87d7950
2026-07-23 11:28:00,755 - app.main - INFO - GET /api/v1/parts/aa1301be-2797-4c50-8819-298fe87d7950 -> 200
2026-07-23 11:28:03,846 - app.main - INFO - GET /api/v1/projects
2026-07-23 11:28:04,132 - app.main - INFO - GET /api/v1/projects -> 200
2026-07-23 11:28:13,551 - app.main - INFO - GET /api/v1/projects/73a0fc4e-0ee3-429e-9af8-3615663193eb
2026-07-23 11:28:13,715 - app.main - INFO - GET /api/v1/projects/73a0fc4e-0ee3-429e-9af8-3615663193eb -> 200
2026-07-23 11:28:59,388 - app.main - INFO - GET /api/v1/projects
2026-07-23 11:28:59,739 - app.main - INFO - GET /api/v1/projects -> 200
2026-07-23 11:29:02,443 - app.main - INFO - GET /api/v1/projects/61ce6eb4-df0f-496c-afaa-f730a4bcc435
2026-07-23 11:29:02,544 - app.main - INFO - GET /api/v1/projects/61ce6eb4-df0f-496c-afaa-f730a4bcc435 -> 200
2026-07-23 11:31:11,584 - app.main - INFO - Shutting down CMF Platform API
2026-07-23 11:31:20,579 - app.main - INFO - Starting CMF Platform API
2026-07-23 11:31:20,603 - app.main - INFO - Database tables created (SQLite)
2026-07-23 11:31:28,500 - app.main - INFO - Shutting down CMF Platform API
2026-07-23 11:31:36,829 - app.main - INFO - Starting CMF Platform API
2026-07-23 11:31:36,843 - app.main - INFO - Database tables created (SQLite)
2026-07-23 11:31:39,700 - app.main - INFO - Shutting down CMF Platform API
2026-07-23 11:31:46,117 - app.main - INFO - Starting CMF Platform API
2026-07-23 11:31:46,131 - app.main - INFO - Database tables created (SQLite)
2026-07-23 11:32:45,380 - app.main - INFO - GET /api/v1/documents
2026-07-23 11:32:45,889 - app.main - INFO - GET /api/v1/documents -> 200
2026-07-23 11:32:49,787 - app.main - INFO - GET /api/v1/import/template/parts
2026-07-23 11:32:50,092 - app.main - INFO - GET /api/v1/import/template/parts -> 200
2026-07-23 11:38:02,046 - app.main - INFO - POST /api/v1/import/preview
2026-07-23 11:38:02,075 - app.main - WARNING - UnauthorizedException: Invalid or expired token
2026-07-23 11:38:02,090 - app.main - INFO - POST /api/v1/import/preview -> 401
2026-07-23 11:38:02,138 - app.main - INFO - POST /api/v1/auth/refresh
2026-07-23 11:38:02,390 - app.main - INFO - POST /api/v1/auth/refresh -> 200
2026-07-23 11:38:02,438 - app.main - INFO - POST /api/v1/import/preview
2026-07-23 11:38:02,850 - app.main - INFO - POST /api/v1/import/preview -> 200
2026-07-23 11:38:16,191 - app.main - INFO - POST /api/v1/import/execute
2026-07-23 11:38:20,367 - app.main - INFO - GET /api/v1/projects/61ce6eb4-df0f-496c-afaa-f730a4bcc435
2026-07-23 11:38:20,654 - app.main - INFO - GET /api/v1/projects/61ce6eb4-df0f-496c-afaa-f730a4bcc435 -> 200
2026-07-23 11:38:23,658 - app.main - INFO - GET /api/v1/documents
2026-07-23 11:38:23,824 - app.main - INFO - GET /api/v1/documents -> 200
2026-07-23 11:38:25,165 - app.main - INFO - POST /api/v1/import/execute -> 200
2026-07-23 11:38:37,462 - app.main - INFO - POST /api/v1/import/preview
2026-07-23 11:38:37,880 - app.main - INFO - POST /api/v1/import/preview -> 200
2026-07-23 11:38:47,207 - app.main - INFO - POST /api/v1/import/execute
2026-07-23 11:38:47,953 - root - ERROR - Exception during execute_import: This Session's transaction has been rolled back due to a previous exception during flush. To begin a new transaction with this Session, first issue Session.rollback(). Original exception was: (sqlite3.IntegrityError) UNIQUE constraint failed: project_parts.project_id, project_parts.part_number
[SQL: INSERT INTO project_parts (id, part_number, name, description, status, quantity, unit, weight, material, notes, project_id, deleted_at) VALUES (?, ?, ?, ?, ?, ?, ?, ?, ?, ?, ?, ?) RETURNING created_at, updated_at]
[parameters: ('e5c34eec4a674adfba550b6628426b80', 'PN-001-01', 'Battery Module', None, 'obsolete', 1, 'pcs', None, None, None, 'a38ebaa237a8407191547e60263baf82', None)]
(Background on this error at: https://sqlalche.me/e/20/gkpj) (Background on this error at: https://sqlalche.me/e/20/7s2a)
Traceback (most recent call last):
  File "C:\Users\hp\Downloads\pfa-anwar\cmf-platform\backend\app\api\v1\endpoints\import_endpoints.py", line 136, in execute_import
    result = await service.execute_import(
             ^^^^^^^^^^^^^^^^^^^^^^^^^^^^^
  File "C:\Users\hp\Downloads\pfa-anwar\cmf-platform\backend\app\application\services\import_engine_service.py", line 353, in execute_import
    await uow.activity_logs.create(
  File "C:\Users\hp\Downloads\pfa-anwar\cmf-platform\backend\app\infrastructure\persistence\repositories\base.py", line 55, in create
    await self._session.flush()
  File "C:\Users\hp\Downloads\pfa-anwar\cmf-platform\backend\venv\Lib\site-packages\sqlalchemy\ext\asyncio\session.py", line 786, in flush
    await greenlet_spawn(self.sync_session.flush, objects=objects)
  File "C:\Users\hp\Downloads\pfa-anwar\cmf-platform\backend\venv\Lib\site-packages\sqlalchemy\util\_concurrency_py3k.py", line 190, in greenlet_spawn
    result = context.switch(*args, **kwargs)
             ^^^^^^^^^^^^^^^^^^^^^^^^^^^^^^^
  File "C:\Users\hp\Downloads\pfa-anwar\cmf-platform\backend\venv\Lib\site-packages\sqlalchemy\orm\session.py", line 4353, in flush
    self._flush(objects)
  File "C:\Users\hp\Downloads\pfa-anwar\cmf-platform\backend\venv\Lib\site-packages\sqlalchemy\orm\session.py", line 4445, in _flush
    flush_context.transaction = transaction = self._autobegin_t()._begin()
                                              ^^^^^^^^^^^^^^^^^^^^^^^^^^^^
  File "<string>", line 2, in _begin
  File "C:\Users\hp\Downloads\pfa-anwar\cmf-platform\backend\venv\Lib\site-packages\sqlalchemy\orm\state_changes.py", line 101, in _go
    self._raise_for_prerequisite_state(fn.__name__, current_state)
  File "C:\Users\hp\Downloads\pfa-anwar\cmf-platform\backend\venv\Lib\site-packages\sqlalchemy\orm\session.py", line 975, in _raise_for_prerequisite_state
    raise sa_exc.PendingRollbackError(
sqlalchemy.exc.PendingRollbackError: This Session's transaction has been rolled back due to a previous exception during flush. To begin a new transaction with this Session, first issue Session.rollback(). Original exception was: (sqlite3.IntegrityError) UNIQUE constraint failed: project_parts.project_id, project_parts.part_number
[SQL: INSERT INTO project_parts (id, part_number, name, description, status, quantity, unit, weight, material, notes, project_id, deleted_at) VALUES (?, ?, ?, ?, ?, ?, ?, ?, ?, ?, ?, ?) RETURNING created_at, updated_at]
[parameters: ('e5c34eec4a674adfba550b6628426b80', 'PN-001-01', 'Battery Module', None, 'obsolete', 1, 'pcs', None, None, None, 'a38ebaa237a8407191547e60263baf82', None)]
(Background on this error at: https://sqlalche.me/e/20/gkpj) (Background on this error at: https://sqlalche.me/e/20/7s2a)
2026-07-23 11:38:47,995 - app.main - INFO - POST /api/v1/import/execute -> 400
2026-07-23 11:38:51,698 - app.main - INFO - GET /api/v1/parts
2026-07-23 11:38:51,904 - app.main - INFO - GET /api/v1/parts -> 200
2026-07-23 11:38:57,060 - app.main - INFO - GET /api/v1/projects
2026-07-23 11:38:58,389 - app.main - INFO - GET /api/v1/projects -> 200
2026-07-23 11:39:01,000 - app.main - INFO - GET /api/v1/projects/c2ccfea5-8d4a-44f5-9270-b0b05857285d
2026-07-23 11:39:01,103 - app.main - INFO - GET /api/v1/projects/c2ccfea5-8d4a-44f5-9270-b0b05857285d -> 200
2026-07-23 11:39:13,869 - app.main - INFO - GET /api/v1/documents
2026-07-23 11:39:14,075 - app.main - INFO - GET /api/v1/documents -> 200
2026-07-23 11:39:31,041 - app.main - INFO - GET /api/v1/projects
2026-07-23 11:39:31,057 - app.main - INFO - GET /api/v1/suppliers
2026-07-23 11:39:31,278 - app.main - INFO - GET /api/v1/suppliers -> 200
2026-07-23 11:39:32,362 - app.main - INFO - GET /api/v1/projects -> 200
2026-07-23 11:39:58,180 - app.main - INFO - POST /api/v1/parts
2026-07-23 11:39:58,362 - app.main - INFO - POST /api/v1/parts -> 200
2026-07-23 11:39:58,615 - app.main - INFO - GET /api/v1/parts
2026-07-23 11:39:58,728 - app.main - INFO - GET /api/v1/parts -> 200
2026-07-23 11:40:03,228 - app.main - INFO - GET /api/v1/projects
2026-07-23 11:40:04,346 - app.main - INFO - GET /api/v1/projects -> 200
2026-07-23 11:40:18,056 - app.main - INFO - GET /api/v1/projects/293e6f56-6f44-4dbe-a432-d6dbf983fb41
2026-07-23 11:40:18,331 - app.main - INFO - GET /api/v1/projects/293e6f56-6f44-4dbe-a432-d6dbf983fb41 -> 200
2026-07-23 11:40:40,238 - app.main - INFO - GET /api/v1/projects
2026-07-23 11:40:42,131 - app.main - INFO - GET /api/v1/projects -> 200
2026-07-23 11:40:43,502 - app.main - INFO - GET /api/v1/projects/c501f571-2009-4962-bd31-064e0f9de195
2026-07-23 11:40:43,805 - app.main - INFO - GET /api/v1/projects/c501f571-2009-4962-bd31-064e0f9de195 -> 200
2026-07-23 11:40:45,837 - app.main - INFO - GET /api/v1/parts
2026-07-23 11:40:45,935 - app.main - INFO - GET /api/v1/parts -> 200
2026-07-23 11:40:53,040 - app.main - INFO - GET /api/v1/projects/329445dd-d2fb-4237-aca3-c0d53b0bc937
2026-07-23 11:40:53,328 - app.main - INFO - GET /api/v1/projects/329445dd-d2fb-4237-aca3-c0d53b0bc937 -> 200
2026-07-23 11:41:00,802 - app.main - INFO - GET /api/v1/risks
2026-07-23 11:41:00,941 - app.main - INFO - GET /api/v1/risks -> 200
2026-07-23 11:41:02,239 - app.main - INFO - GET /api/v1/capacity
2026-07-23 11:41:02,309 - app.main - INFO - GET /api/v1/capacity -> 200
2026-07-23 11:41:13,531 - app.main - INFO - GET /api/v1/notifications
2026-07-23 11:41:13,665 - app.main - INFO - GET /api/v1/notifications -> 200
2026-07-23 11:46:04,525 - app.main - INFO - GET /api/v1/capacity
2026-07-23 11:46:04,770 - app.main - INFO - GET /api/v1/capacity -> 200
2026-07-23 11:46:06,126 - app.main - INFO - GET /api/v1/risks
2026-07-23 11:46:06,417 - app.main - INFO - GET /api/v1/risks -> 200
2026-07-23 11:46:10,628 - app.main - INFO - GET /api/v1/suppliers
2026-07-23 11:46:10,876 - app.main - INFO - GET /api/v1/suppliers -> 200
2026-07-23 11:46:11,275 - app.main - INFO - GET /api/v1/parts
2026-07-23 11:46:11,674 - app.main - INFO - GET /api/v1/parts -> 200
2026-07-23 11:46:36,084 - app.main - INFO - GET /api/v1/auth/me
2026-07-23 11:46:36,174 - app.main - INFO - GET /api/v1/auth/me -> 200
2026-07-23 11:46:36,192 - app.main - INFO - GET /api/v1/auth/me
2026-07-23 11:46:36,266 - app.main - INFO - GET /api/v1/auth/me -> 200
2026-07-23 11:46:36,366 - app.main - INFO - GET /api/v1/capacity
2026-07-23 11:46:36,432 - app.main - INFO - GET /api/v1/capacity -> 200
2026-07-23 11:46:56,899 - app.main - INFO - GET /api/v1/projects
2026-07-23 11:46:56,908 - app.main - INFO - GET /api/v1/suppliers
2026-07-23 11:46:56,911 - app.main - INFO - GET /api/v1/risks
2026-07-23 11:46:57,116 - app.main - INFO - GET /api/v1/suppliers -> 200
2026-07-23 11:46:57,129 - app.main - INFO - GET /api/v1/risks -> 200
2026-07-23 11:46:57,801 - app.main - INFO - GET /api/v1/projects -> 200
2026-07-23 11:48:39,108 - app.main - INFO - GET /api/v1/projects
